osm_id,name,latitude,longitude,poi_kind,raw_main_tag
node/7115345508,Stop Cafe,48.619085,14.324683,convenience,shop=convenience
node/5317875942,JIP,48.6208056,14.2592679,convenience,shop=convenience
node/573380566,Coop,48.6313031,14.1661016,convenience,shop=convenience
node/9929271670,Coop Tuty,48.6399527,14.2303237,convenience,shop=convenience
node/7117206057,Robin Oil,48.6540049,14.3699448,convenience,shop=convenience
way/286251251,Stop Cafe,48.6648819,14.1679228,convenience,shop=convenience
node/4416544787,COOP Jednota,48.6861807,14.5774803,convenience,shop=convenience
node/5099035572,Coop,48.7227102,16.9576522,convenience,shop=convenience
node/12400857917,Coop,48.7245606,16.9661922,convenience,shop=convenience
way/98038640,Stop Cafe,48.7348613,16.8580753,convenience,shop=convenience
node/2461023232,Coop,48.7391746,14.4932471,convenience,shop=convenience
node/4778861292,Coop Tuty,48.7395348,14.1143236,convenience,shop=convenience
node/3188359955,Coop,48.7424849,16.7566115,convenience,shop=convenience
node/13459802294,Coop,48.7438697,16.7671315,convenience,shop=convenience
way/394150953,Stop Cafe,48.7441729,16.7687462,convenience,shop=convenience
node/13686173400,Fresh Corner,48.7497197,14.4839756,convenience,shop=convenience
node/8913943042,Coop,48.7499156,16.8956849,convenience,shop=convenience
node/13341904911,Večerka Čpaka,48.7586574,16.8507761,convenience,shop=convenience
node/8085492037,Coop,48.7623434,16.990402,convenience,shop=convenience
node/6949636251,COOP Jednota,48.7672804,16.8465002,convenience,shop=convenience
node/12176932581,Hruška,48.7694479,16.8898288,convenience,shop=convenience
way/235994255,Stop Cafe,48.770452,14.9580639,convenience,shop=convenience
node/13281391626,Coop,48.7736549,16.885622,convenience,shop=convenience
node/7848745272,Coop,48.7739928,16.7636229,convenience,shop=convenience
node/2409605343,Coop Tuty,48.7744368,14.4673105,convenience,shop=convenience
node/12317930647,Stop Cafe,48.7775919,16.8982571,convenience,shop=convenience
node/13410150827,Coop,48.7787333,16.6939569,convenience,shop=convenience
node/1217960531,Coop,48.7787546,17.0130705,convenience,shop=convenience
node/3750729577,A+S,48.778903,16.9015219,convenience,shop=convenience
way/351915410,Tesco,48.7803225,16.9031544,convenience,shop=convenience
node/4009316057,COOP Jednota,48.7813967,14.3522537,convenience,shop=convenience
node/3704229304,Coop Tuty,48.7881985,13.9532525,convenience,shop=convenience
node/13001810851,Viva,48.7922602,15.9849013,convenience,shop=convenience
node/518296132,Coop,48.7939581,16.9717208,convenience,shop=convenience
way/311433303,Fresh Corner,48.7980664,16.6326078,convenience,shop=convenience
node/13001465435,OMV,48.8002262,16.7850175,convenience,shop=convenience
node/3396463780,Jednota,48.8003498,16.1022689,convenience,shop=convenience
node/13640713994,Shell Select,48.8057304,16.6258165,convenience,shop=convenience
node/9171971909,Coop,48.8061281,16.8732704,convenience,shop=convenience
node/13390482689,Shell Select,48.809988,16.8923829,convenience,shop=convenience
node/13390649864,Shell Select,48.8100671,16.8940199,convenience,shop=convenience
node/360314179,Coop Tuty,48.8100705,14.3197819,convenience,shop=convenience
node/12789100467,Coop,48.8111174,16.6432165,convenience,shop=convenience
way/70069110,Fresh Corner,48.8122606,14.3224405,convenience,shop=convenience
way/388818617,Stop Cafe,48.8130472,16.6299924,convenience,shop=convenience
node/7760795521,COOP Jednota,48.8130885,14.2588237,convenience,shop=convenience
way/71030829,Fresh Corner,48.8166818,14.3018071,convenience,shop=convenience
node/12632867225,Stop Cafe,48.8209312,14.4587989,convenience,shop=convenience
node/339918508,Viva,48.8248524,14.3347931,convenience,shop=convenience
node/13514095790,Stop Cafe,48.8248847,14.3337848,convenience,shop=convenience
way/529943235,Stop Cafe,48.8257122,16.3989603,convenience,shop=convenience
node/3912833341,Coop,48.8276423,16.98106,convenience,shop=convenience
node/3945192753,COOP Jednota,48.8282622,16.4655446,convenience,shop=convenience
node/1865485268,Coop,48.8307874,14.4575748,convenience,shop=convenience
way/48637501,Stop Cafe,48.8316337,16.6134172,convenience,shop=convenience
node/13426103739,Supermarket Prušánky,48.8317636,16.9779831,convenience,shop=convenience
way/103328122,Coop,48.8318204,16.748274,convenience,shop=convenience
way/544738576,COOP Jednota,48.8359122,16.1555019,convenience,shop=convenience
way/520463535,COOP Jednota,48.8363324,16.1653552,convenience,shop=convenience
way/138626302,Coop,48.8366584,16.4936894,convenience,shop=convenience
node/6899518932,Coop,48.8377293,16.4938179,convenience,shop=convenience
node/12553430662,Orlen,48.8423873,16.9027941,convenience,shop=convenience
node/701183353,Coop,48.8448931,16.6448609,convenience,shop=convenience
way/248663162,Shell Select,48.8456181,17.1268722,convenience,shop=convenience
way/133652835,Stop Cafe,48.8459523,14.62819,convenience,shop=convenience
way/65201974,Stop Cafe,48.846624,16.0571161,convenience,shop=convenience
node/1218536556,Coop,48.8476013,16.896465,convenience,shop=convenience
way/205217066,Viva,48.8476832,17.071922,convenience,shop=convenience
node/12330740972,Viva,48.8517248,17.1212042,convenience,shop=convenience
way/66730118,Coop,48.8528115,16.6222576,convenience,shop=convenience
node/1695244095,Coop,48.854939,17.1081931,convenience,shop=convenience
node/4520255865,Coop Tuty,48.855183,14.2100399,convenience,shop=convenience
node/12691042100,Coop,48.8558032,17.122426,convenience,shop=convenience
node/5026707255,Coop,48.8574288,16.4862157,convenience,shop=convenience
node/12651834593,ČSAD Hodonín,48.8577737,17.1358537,convenience,shop=convenience
way/172919888,Coop,48.859513,17.1367676,convenience,shop=convenience
node/3975872346,Coop,48.8610053,17.0260729,convenience,shop=convenience
node/11607519594,Eurobit,48.8647285,17.1165436,convenience,shop=convenience
way/674303501,Stop Cafe,48.8664301,16.1791227,convenience,shop=convenience
way/350209246,Shell Select,48.8672707,17.1141905,convenience,shop=convenience
node/13001889281,Viva,48.8684179,16.0334789,convenience,shop=convenience
way/58494558,Stop Cafe,48.8733188,17.1172242,convenience,shop=convenience
node/12180315316,Coop,48.8739562,16.6734824,convenience,shop=convenience
node/2258205654,Coop,48.8758643,16.985506,convenience,shop=convenience
way/242499978,Coop,48.8759517,16.5357683,convenience,shop=convenience
way/116732010,COOP Jednota,48.8819386,17.2768206,convenience,shop=convenience
node/12145898344,Coop,48.8838054,16.0356539,convenience,shop=convenience
node/12392552745,Rynek,48.8843404,16.1543037,convenience,shop=convenience
way/68983271,Stop Cafe,48.8897632,17.2936538,convenience,shop=convenience
node/2284837626,Coop,48.8967804,16.7186199,convenience,shop=convenience
way/162144084,Stop Cafe,48.8968143,14.8809572,convenience,shop=convenience
node/13238168721,Coop,48.9010967,14.4886415,convenience,shop=convenience
node/4054221449,Hruška,48.9021957,17.3216356,convenience,shop=convenience
node/2414304936,Coop,48.9025595,16.5439234,convenience,shop=convenience
node/2306217272,Jednota,48.9045706,17.0281115,convenience,shop=convenience
node/8949452133,Coop Jednota,48.9058293,15.962988,convenience,shop=convenience
way/384142793,Coop,48.9060637,16.6536789,convenience,shop=convenience
way/103300768,Stop Cafe,48.9062916,16.783578,convenience,shop=convenience
node/5840924406,Jednota,48.9063618,15.7666263,convenience,shop=convenience
way/641516769,Stop Cafe,48.9065443,15.9743142,convenience,shop=convenience
node/2306230966,Coop,48.907533,17.0339837,convenience,shop=convenience
way/701598656,Stop Cafe,48.9100378,13.8717636,convenience,shop=convenience
node/5111151330,Coop,48.9150433,16.8973118,convenience,shop=convenience
node/3144975171,Coop,48.9172396,17.0924675,convenience,shop=convenience
node/3870773434,COOP Jednota,48.9179272,14.1309391,convenience,shop=convenience
node/13639111319,Chemis,48.9222276,16.5504034,convenience,shop=convenience
node/4393471913,Coop Tuty,48.9223244,13.7976134,convenience,shop=convenience
node/474555622,Coop,48.9240545,17.3408024,convenience,shop=convenience
node/13639111318,Chemis,48.924498,16.5472589,convenience,shop=convenience
node/3882414685,Coop Tuty,48.9290527,14.2205026,convenience,shop=convenience
node/13689455915,Coop,48.9299297,16.5754531,convenience,shop=convenience
node/7716335485,Coop,48.9321961,16.8834568,convenience,shop=convenience
node/13529313057,Shell Select,48.9323863,16.7483688,convenience,shop=convenience
way/291070221,COOP Jednota,48.9325195,17.5741831,convenience,shop=convenience
way/218530192,Jednota,48.9339107,14.6198984,convenience,shop=convenience
node/11008671171,Coop,48.9346417,16.625196,convenience,shop=convenience
way/1184521022,Stop Cafe,48.9352545,13.765558,convenience,shop=convenience
node/8069345593,Můjobchod,48.939576,16.7349137,convenience,shop=convenience
way/283332266,COOP Jednota,48.9404899,17.6653223,convenience,shop=convenience
way/612858069,Stop Cafe,48.9427276,16.9860965,convenience,shop=convenience
node/6415769816,JEDNOTA,48.9441166,17.1756697,convenience,shop=convenience
node/11423728282,Coop,48.9458783,16.311811,convenience,shop=convenience
node/474549729,Coop,48.9498542,17.3804397,convenience,shop=convenience
node/10972973332,Coop,48.950928,16.25939,convenience,shop=convenience
node/8069274696,Coop,48.9509952,16.7072682,convenience,shop=convenience
node/13293888808,Stop Cafe,48.9516057,14.4660375,convenience,shop=convenience
way/617636653,Coop,48.9533218,14.467642,convenience,shop=convenience
node/2447590175,Jednota Coop,48.9543584,17.1429483,convenience,shop=convenience
node/8071036624,Coop,48.9548869,16.9984067,convenience,shop=convenience
node/996927487,Coop Tuty,48.9568324,13.7584786,convenience,shop=convenience
node/2806457098,Coop,48.9652612,16.608366,convenience,shop=convenience
way/72236197,Coop,48.9659966,14.4799708,convenience,shop=convenience
way/283895362,COOP Jednota,48.9679565,17.5855467,convenience,shop=convenience
way/283897200,COOP Jednota,48.9690327,17.5888666,convenience,shop=convenience
node/8072243110,COOP Jednota,48.9690572,17.0865563,convenience,shop=convenience
node/5153713729,Můj obchod,48.9709485,17.2745759,convenience,shop=convenience
node/9423767222,Coop,48.9714753,14.4970703,convenience,shop=convenience
way/503110023,Viva,48.9726272,14.4659556,convenience,shop=convenience
node/13573712887,Fresh Corner,48.9739319,14.4647073,convenience,shop=convenience
node/13392415860,Fresh Corner,48.9751767,17.3010798,convenience,shop=convenience
way/312382362,COOP Jednota,48.9762117,17.7609542,convenience,shop=convenience
way/124422410,COOP Jednota,48.9765918,17.6449671,convenience,shop=convenience
node/7929528072,Můjobchod,48.9775053,14.4741371,convenience,shop=convenience
node/831644807,Žabka,48.9780656,14.4693672,convenience,shop=convenience
node/12768200996,Coop,48.9819986,17.155565,convenience,shop=convenience
node/9798645721,Můj Obchod,48.9845886,17.3889658,convenience,shop=convenience
way/283735004,Hruška,48.9882202,17.7175772,convenience,shop=convenience
node/13017036304,Stop Cafe,48.9885472,16.5360062,convenience,shop=convenience
node/8070880067,Coop,48.9889094,16.9100862,convenience,shop=convenience
way/70856215,Stop Cafe,48.9896081,14.4590165,convenience,shop=convenience
node/9424025611,Coop,48.989829,14.4549743,convenience,shop=convenience
node/3979683279,Coop,48.991763,16.6758925,convenience,shop=convenience
node/8158951170,Coop,48.9921245,16.754303,convenience,shop=convenience
node/13573775785,Fresh Corner,48.9924403,14.4697926,convenience,shop=convenience
way/81110994,Stop Cafe,48.9964048,15.3491513,convenience,shop=convenience
node/12862481588,Billa stop & shop,48.9976078,14.4810665,convenience,shop=convenience
node/3222227067,Coop,49.000187,16.7199521,convenience,shop=convenience
way/37377417,Stop Cafe,49.0012591,14.0116539,convenience,shop=convenience
node/2404901870,Coop,49.003484,14.7614506,convenience,shop=convenience
node/7091827203,Coop,49.0038653,16.3074485,convenience,shop=convenience
way/94407516,COOP Jednota,49.0046423,17.4352304,convenience,shop=convenience
node/13017111990,Stop Cafe,49.0060547,17.1056074,convenience,shop=convenience
way/189305998,Hruška,49.0094297,17.0476099,convenience,shop=convenience
node/6599022787,Flop,49.0106685,13.9954817,convenience,shop=convenience
way/98637060,Coop,49.0119205,16.6561546,convenience,shop=convenience
way/231379058,Stop Cafe,49.0119932,14.7880278,convenience,shop=convenience
node/12638045537,Stop Cafe,49.0126456,14.0048576,convenience,shop=convenience
way/513312275,MOL Shop,49.0165997,14.0132272,convenience,shop=convenience
way/115644344,MOL Shop,49.0176438,14.7555028,convenience,shop=convenience
node/5610724441,Potraviny - koloniál Kubíková,49.0201134,15.1014585,convenience,shop=convenience
way/308473116,COOP Jednota,49.023171,17.7795396,convenience,shop=convenience
way/282653864,COOP Jednota,49.0291897,17.3497397,convenience,shop=convenience
way/284771393,COOP Jednota,49.031583,17.3008716,convenience,shop=convenience
node/7091879681,COOP Jednota,49.0324088,16.1063749,convenience,shop=convenience
way/282653817,Hruška,49.0325885,17.3456831,convenience,shop=convenience
way/321257093,COOP Jednota,49.037017,16.3212541,convenience,shop=convenience
way/373589869,COOP Jednota,49.0391893,16.2069452,convenience,shop=convenience
node/6919561798,Brněnka,49.0393452,16.5860831,convenience,shop=convenience
node/3770263431,Coop,49.0418895,16.3091161,convenience,shop=convenience
node/13535807690,Coop,49.044014,16.3150139,convenience,shop=convenience
way/87419824,COOP Jednota,49.047307,17.5809244,convenience,shop=convenience
node/3770263430,Coop,49.0487208,16.3118631,convenience,shop=convenience
node/10738239850,Coop Tuty,49.0500802,14.1966207,convenience,shop=convenience
node/13573326588,Fresh Corner,49.0502843,17.465847,convenience,shop=convenience
node/13293885380,Stop Cafe,49.0504112,14.4297872,convenience,shop=convenience
way/414830562,COOP Jednota,49.0514983,17.2702073,convenience,shop=convenience
node/6415577310,Coop,49.0515204,17.122585,convenience,shop=convenience
node/3971800421,HRUŠKA,49.0548752,16.6509856,convenience,shop=convenience
way/91927398,Stop Cafe,49.0569,15.8039155,convenience,shop=convenience
way/312112827,Robin Oil,49.0586383,13.7846467,convenience,shop=convenience
node/13586291204,Stop Cafe,49.0588441,17.4659042,convenience,shop=convenience
node/885327365,Hruška,49.0601524,17.4778257,convenience,shop=convenience
way/188387788,Coop,49.0601667,15.0739406,convenience,shop=convenience
node/2404073690,COOP Jednota,49.0618814,14.7550483,convenience,shop=convenience
node/698973956,COOP Jednota,49.0619473,17.3505499,convenience,shop=convenience
node/8170916235,Brněnka,49.0635917,16.7532424,convenience,shop=convenience
node/1569136087,Hruška,49.0657763,17.0555732,convenience,shop=convenience
way/1006733293,Stop Cafe,49.0668253,13.7821236,convenience,shop=convenience
way/232299537,Fresh Corner,49.0680675,14.8931058,convenience,shop=convenience
node/13520014248,Coop,49.0688904,17.475094,convenience,shop=convenience
way/315900223,Jednota Coop,49.0694191,17.9754857,convenience,shop=convenience
node/4855043422,COOP Jednota,49.0721761,16.2573812,convenience,shop=convenience
way/58414891,Stop Cafe,49.0819524,15.4198241,convenience,shop=convenience
node/3472864762,Coop,49.0829718,15.6953291,convenience,shop=convenience
way/106689393,Hruška,49.0834745,17.8844215,convenience,shop=convenience
node/12247812051,Coop,49.0849654,16.3199625,convenience,shop=convenience
way/263511406,COOP Jednota,49.0858748,17.537426,convenience,shop=convenience
node/4778792885,Coop Konzum,49.0872417,13.4806133,convenience,shop=convenience
node/5614174420,EuroOil,49.0872936,14.7156914,convenience,shop=convenience
node/12320056411,Stop Cafe,49.0892427,15.4371252,convenience,shop=convenience
node/1880472202,Hruška,49.0894213,17.873625,convenience,shop=convenience
way/160388960,COOP Jednota,49.0940424,17.3548192,convenience,shop=convenience
way/398624836,COOP Jednota,49.0965135,13.8155618,convenience,shop=convenience
way/272567652,COOP Jednota,49.0997886,17.5482922,convenience,shop=convenience
way/171466165,COOP Jednota,49.1000151,17.5151038,convenience,shop=convenience
way/160210475,COOP Jednota,49.1006338,17.5905559,convenience,shop=convenience
node/9405913180,CBA,49.1015541,16.3755534,convenience,shop=convenience
node/2816922742,Coop,49.1016378,16.3680497,convenience,shop=convenience
way/255814264,COOP Jednota,49.1057842,17.6198504,convenience,shop=convenience
node/3645032351,Hruška,49.1064666,17.1629998,convenience,shop=convenience
node/8757665825,Hruška,49.1092588,17.8427001,convenience,shop=convenience
way/318823444,COOP Jednota,49.1097259,17.6683848,convenience,shop=convenience
way/393190167,Stop Cafe,49.1120245,16.3765878,convenience,shop=convenience
way/153216442,COOP Jednota,49.1147811,13.827955,convenience,shop=convenience
node/7740971066,COOP Jednota,49.1149257,13.9314191,convenience,shop=convenience
node/11012856179,Můj obchod,49.1156817,14.7018083,convenience,shop=convenience
node/11014539984,COOP Jednota,49.1174428,14.7320204,convenience,shop=convenience
node/13592806149,Coop,49.1181735,17.4266668,convenience,shop=convenience
node/12691165367,Coop Jednota,49.1208084,17.5805315,convenience,shop=convenience
node/10805189284,one1 - Alžbětín,49.1248642,13.2099466,convenience,shop=convenience
way/240827749,COOP Jednota,49.1251544,17.9390984,convenience,shop=convenience
node/12870730100,Brněnka,49.130032,16.8565823,convenience,shop=convenience
way/157154125,COOP Jednota,49.1315054,17.4364991,convenience,shop=convenience
way/49086098,Coop,49.1386094,15.0030195,convenience,shop=convenience
way/109286285,Stop Cafe,49.138976,13.2280052,convenience,shop=convenience
node/12959406893,Můjobchod,49.1415686,16.9110142,convenience,shop=convenience
node/2077488902,Obecní prodejna Neslovice,49.1430198,16.3871022,convenience,shop=convenience
node/4778792886,Coop Tuty,49.1436972,13.5549796,convenience,shop=convenience
node/2200660112,Coop,49.1506421,16.8812546,convenience,shop=convenience
node/2444398957,COOP Jednota,49.1519106,14.22897,convenience,shop=convenience
node/13294049306,Viva,49.1532916,16.6294042,convenience,shop=convenience
way/255950031,Hruška,49.1547845,17.3869625,convenience,shop=convenience
node/9434956352,Hruška,49.1578439,16.8827879,convenience,shop=convenience
node/7095658227,COOP Jednota,49.1626044,16.0133595,convenience,shop=convenience
node/13607360443,Šenk,49.1654789,16.7871307,convenience,shop=convenience
node/5884857145,Potraviny Hubený,49.169091,14.578964,convenience,shop=convenience
way/119279194,COOP Jednota,49.1693362,17.6030568,convenience,shop=convenience
node/4896970561,Coop Konzum,49.1696708,13.4547257,convenience,shop=convenience
way/93833971,Stop Cafe,49.172555,13.8925853,convenience,shop=convenience
node/7006423057,Coop,49.1786348,13.6401653,convenience,shop=convenience
node/13022527750,Fresh Corner,49.1792274,15.2808978,convenience,shop=convenience
node/12731837169,Můj obchod,49.1822021,16.6000651,convenience,shop=convenience
node/6853467867,Hruška,49.1823112,16.2391899,convenience,shop=convenience
node/925701534,Jednota,49.1831251,16.2864798,convenience,shop=convenience
way/55167040,Stop Cafe,49.1877896,16.6229823,convenience,shop=convenience
node/12466626311,Můjobchod.cz - Pod schody,49.1882202,16.6421368,convenience,shop=convenience
node/9542982538,Žabka,49.1892798,16.6045517,convenience,shop=convenience
node/3528437387,Brněnka,49.1896945,16.5859932,convenience,shop=convenience
node/4585809292,Můj Obchod,49.1911148,16.624422,convenience,shop=convenience
node/12142343725,Brněnka,49.1912284,16.6209286,convenience,shop=convenience
node/10082219759,Billa,49.1912974,16.6134491,convenience,shop=convenience
node/2300967875,Brněnka,49.1920322,16.6023296,convenience,shop=convenience
node/3505153989,Můj obchod,49.1922916,16.6025656,convenience,shop=convenience
way/289955826,Shell,49.1934379,17.5315307,convenience,shop=convenience
node/6893462566,COOP Jednota,49.1946016,13.506083,convenience,shop=convenience
node/978921611,Jednota,49.195157,16.3043334,convenience,shop=convenience
node/1739033090,Globus Fresh,49.195266,16.6138428,convenience,shop=convenience
node/1758910036,Robin Oil,49.1984823,13.5069816,convenience,shop=convenience
node/2411002606,Brněnka,49.2002547,16.6007642,convenience,shop=convenience
node/2037842221,Brněnka,49.2006692,16.6141114,convenience,shop=convenience
node/12751870511,Fresh Corner,49.2019176,16.6670943,convenience,shop=convenience
node/5903902628,Potraviny Na Vranovské,49.2023586,16.626004,convenience,shop=convenience
node/2275151757,Hruška,49.203175,16.8796603,convenience,shop=convenience
node/12199185820,Brněnka,49.2048187,16.6238805,convenience,shop=convenience
node/3988644651,Potraviny Bacom,49.2049257,16.59553,convenience,shop=convenience
node/7006006927,Coop Konzum,49.206647,13.6847191,convenience,shop=convenience
way/231535750,COOP Jednota,49.2083658,14.6439125,convenience,shop=convenience
node/13573581160,Fresh Corner,49.2101982,15.8586948,convenience,shop=convenience
node/10006449302,Brněnka,49.210515,16.6332097,convenience,shop=convenience
node/13294043829,Viva,49.2157681,16.6051449,convenience,shop=convenience
way/57902475,COOP Jednota,49.2172123,17.7463937,convenience,shop=convenience
node/3467344118,Potraviny Rapo,49.2182282,16.6217465,convenience,shop=convenience
node/8338458548,Brněnka,49.218625,16.5546275,convenience,shop=convenience
way/288342860,Jednota - COOP,49.2212399,17.9138854,convenience,shop=convenience
way/48255515,Stop Cafe,49.2214081,16.5827747,convenience,shop=convenience
node/7615104561,Billa stop & shop,49.2220137,16.6268404,convenience,shop=convenience
node/2038911347,Brněnka Olbrachtovo Náměstí,49.224382,16.557791,convenience,shop=convenience
node/12688139346,Kralupol,49.2251479,13.5120484,convenience,shop=convenience
way/231535540,Stop Cafe,49.2275779,14.7211032,convenience,shop=convenience
node/3780226884,U Martina,49.2319712,16.618149,convenience,shop=convenience
node/2905388782,Hruška,49.2371503,17.6696257,convenience,shop=convenience
node/11206953299,Shell,49.2388349,17.8789736,convenience,shop=convenience
way/60044756,COOP Jednota,49.2423073,17.4704042,convenience,shop=convenience
node/3954921008,Jednota,49.2433976,15.5601002,convenience,shop=convenience
node/7650000432,Coop,49.2448958,13.5376401,convenience,shop=convenience
node/12473503720,Coop,49.2490976,15.8027739,convenience,shop=convenience
node/4910586421,Hruška,49.2536103,17.4973256,convenience,shop=convenience
way/205708329,Hruška,49.2566053,17.4466711,convenience,shop=convenience
node/13604896139,Viva,49.2572691,13.9139005,convenience,shop=convenience
node/9507798579,COOP Jednota,49.2580383,13.850065,convenience,shop=convenience
node/559879732,COOP Jednota,49.260157,14.7187565,convenience,shop=convenience
node/2299356256,Coop,49.2631428,13.9014065,convenience,shop=convenience
way/42439564,Tesco,49.2633882,14.7136167,convenience,shop=convenience
node/9751673887,Coop Tuty,49.263487,13.9073398,convenience,shop=convenience
node/13395181035,Stop Cafe,49.2645662,16.9773436,convenience,shop=convenience
node/13395181060,Viva,49.2650522,16.9764347,convenience,shop=convenience
way/244537711,Stop Cafe,49.2747911,13.0685832,convenience,shop=convenience
node/1802534711,Hruška,49.2767007,16.9515945,convenience,shop=convenience
way/216973674,Můjobchod,49.2858873,17.282866,convenience,shop=convenience
node/7335597989,Coop Konzum,49.2885357,13.3780581,convenience,shop=convenience
node/4259359488,Hruška,49.2898396,16.5757512,convenience,shop=convenience
way/338150164,COOP Jednota,49.2952584,14.6215237,convenience,shop=convenience
node/2552267914,Jednota,49.2961983,15.0753099,convenience,shop=convenience
way/115752580,Coop,49.2963232,13.1491245,convenience,shop=convenience
node/3664424626,COOP Jednota,49.2976478,16.7438564,convenience,shop=convenience
node/1995713340,Jednota,49.2987201,14.4710009,convenience,shop=convenience
node/440962040,Coop,49.3017519,17.3782452,convenience,shop=convenience
node/818626763,COOP Jednota,49.3033791,14.7187997,convenience,shop=convenience
way/93497580,Coop,49.3034329,14.159086,convenience,shop=convenience
node/3774677323,COOP Jednota,49.3041815,18.0627609,convenience,shop=convenience
way/255242961,COOP Jednota,49.3049006,17.9578081,convenience,shop=convenience
node/13002050496,Viva,49.3062606,17.4056307,convenience,shop=convenience
node/5412790475,COOP Jednota,49.3130307,14.1458819,convenience,shop=convenience
way/93503483,COOP Jednota,49.3144686,14.1507242,convenience,shop=convenience
node/1189035727,Jednota,49.3160386,14.2467391,convenience,shop=convenience
node/673705196,COOP Jednota,49.3162034,14.6467241,convenience,shop=convenience
node/7400670269,COOP Jednota,49.3176321,18.1464422,convenience,shop=convenience
node/13512160485,EuroOil,49.3194814,17.4606414,convenience,shop=convenience
node/10771044963,EuroOil,49.3200094,17.2595207,convenience,shop=convenience
node/5825911895,Coop Tuty,49.3207844,13.70017,convenience,shop=convenience
node/10771044993,EuroOil,49.3208789,17.261918,convenience,shop=convenience
node/13118806929,Stop Cafe,49.3223662,17.5900047,convenience,shop=convenience
node/11672374927,Coop Tuty,49.3251564,13.7075836,convenience,shop=convenience
node/11226895735,COOP Jednota,49.3252115,17.4944901,convenience,shop=convenience
node/13118881116,Stop Cafe,49.3254477,17.5521015,convenience,shop=convenience
way/116060488,Stop Cafe,49.3289986,18.0013455,convenience,shop=convenience
node/13001995378,Stop Cafe,49.3310688,15.5776361,convenience,shop=convenience
node/5061554418,Coop,49.3313493,17.5680685,convenience,shop=convenience
node/6219626954,Brněnka,49.3321337,16.4769848,convenience,shop=convenience
node/13511892676,Potraviny Žopy,49.3324279,17.6110795,convenience,shop=convenience
node/413629304,COOP,49.3334341,14.8390148,convenience,shop=convenience
node/7398642164,COOP Jednota,49.3339669,18.1785291,convenience,shop=convenience
node/4200691408,COOP Jednota,49.3364359,18.0224037,convenience,shop=convenience
way/55934538,Coop,49.3373535,16.7247975,convenience,shop=convenience
node/7399811296,COOP Jednota,49.3387035,18.2011078,convenience,shop=convenience
way/256626574,COOP Jednota,49.3571206,17.1400138,convenience,shop=convenience
node/13608167410,Fresh Corner Restaurant,49.3581851,16.0195308,convenience,shop=convenience
node/401391449,COOP Jednota,49.3588761,16.6495821,convenience,shop=convenience
node/13576311294,Stop Cafe,49.3593517,16.6423792,convenience,shop=convenience
node/6544894386,COOP Jednota,49.3611897,14.3118884,convenience,shop=convenience
node/435180784,Jednota COOP,49.3614557,15.6511335,convenience,shop=convenience
node/8258569233,U Phuci,49.3619859,16.3541961,convenience,shop=convenience
node/7039099273,Coop Konzum,49.3637579,13.7027059,convenience,shop=convenience
node/1263158480,Coop Konzum,49.3691588,12.8591599,convenience,shop=convenience
node/5754730291,COOP Jednota,49.3705395,18.3551066,convenience,shop=convenience
node/13344728619,Coop Jednota,49.3719013,17.290837,convenience,shop=convenience
way/61412963,Fresh Corner,49.3758802,14.6941085,convenience,shop=convenience
way/51316262,Coop Tuty,49.3777724,14.706556,convenience,shop=convenience
node/1224290896,COOP,49.3784126,14.4937423,convenience,shop=convenience
node/2762983284,COOP Jednota,49.3784175,17.5891969,convenience,shop=convenience
node/2915911856,COOP Jednota,49.3794725,17.5652151,convenience,shop=convenience
node/4677482873,COOP Jednota,49.3823605,16.7619529,convenience,shop=convenience
node/4449603019,COOP Jednota,49.3848288,17.1815213,convenience,shop=convenience
way/338151180,Jednota,49.3891153,16.4850271,convenience,shop=convenience
node/1467991826,Žabka,49.3954538,15.5894565,convenience,shop=convenience
node/9877558591,Coop,49.3975099,13.2940469,convenience,shop=convenience
node/3197918332,Žabka,49.3983021,15.5889882,convenience,shop=convenience
node/6688152976,COOP Jednota,49.4022721,13.9483143,convenience,shop=convenience
node/12051630104,Coop,49.4032125,18.0499685,convenience,shop=convenience
node/3890887039,COOP Jednota,49.4041237,16.4136492,convenience,shop=convenience
node/7089742378,Smíšené zboží Arana,49.4049024,16.4100243,convenience,shop=convenience
way/52060562,Coop Tuty,49.4050519,14.7013634,convenience,shop=convenience
node/13464469356,Coop,49.4085301,14.6787942,convenience,shop=convenience
node/5606245571,Coop,49.4088476,15.433998,convenience,shop=convenience
way/160936479,COOP Jednota,49.4132797,17.926107,convenience,shop=convenience
way/127024360,COOP Jednota,49.4140101,17.9878142,convenience,shop=convenience
node/13531463435,Coop,49.4140478,18.1095914,convenience,shop=convenience
node/5710684606,Potraviny Majerová,49.4147062,18.1093985,convenience,shop=convenience
way/148761347,Jednota COOP,49.4155909,17.1401817,convenience,shop=convenience
node/3766855305,COOP Jednota,49.418668,17.9601948,convenience,shop=convenience
node/5750017907,COOP Jednota,49.4237441,16.351813,convenience,shop=convenience
node/4609577543,Coop,49.4271184,16.0645417,convenience,shop=convenience
node/4298986755,COOP Jednota,49.4278056,14.4186157,convenience,shop=convenience
node/429909656,COOP Jednota,49.4322819,18.2863719,convenience,shop=convenience
way/255944573,Hruška,49.4351212,18.2547856,convenience,shop=convenience
way/255944241,Coop,49.4352188,18.2529978,convenience,shop=convenience
node/2613337924,Coop Jednota,49.4353902,16.680452,convenience,shop=convenience
node/12638193223,Stop Cafe,49.4372292,12.9119544,convenience,shop=convenience
way/272152855,COOP Jednota,49.4380494,17.8350852,convenience,shop=convenience
way/244328823,Stop Cafe,49.4387488,12.829212,convenience,shop=convenience
node/5096144042,Gastrocentrum Houdek,49.4398814,12.9282179,convenience,shop=convenience
way/320061436,COOP Jednota,49.4405915,14.1433479,convenience,shop=convenience
node/5208470014,Coop Jednota,49.4411743,18.0963815,convenience,shop=convenience
node/12184384603,Hruška,49.4418613,17.4573395,convenience,shop=convenience
node/5210396091,Potraviny Hajný,49.4435427,18.0853247,convenience,shop=convenience
way/79277040,COOP Jednota,49.4462534,17.9676897,convenience,shop=convenience
node/2495529693,Coop Jednota,49.4501735,16.7180869,convenience,shop=convenience
node/8638252934,Coop,49.4510853,15.9156862,convenience,shop=convenience
node/2501811647,Hruška,49.4524707,17.4697591,convenience,shop=convenience
node/2508597923,Coop Tip,49.4534255,17.4618537,convenience,shop=convenience
way/209603231,Coop,49.4543117,18.2786842,convenience,shop=convenience
node/7435236473,Coop,49.4546545,16.4226868,convenience,shop=convenience
node/1754604037,COOP Jednota,49.4547152,14.9576109,convenience,shop=convenience
way/143142852,Stop Cafe,49.4548802,17.1115191,convenience,shop=convenience
way/256197281,COOP Jednota,49.4563439,17.8649108,convenience,shop=convenience
way/123621382,Brněnka,49.4563668,16.3376288,convenience,shop=convenience
node/6835606672,Můj obchod,49.4566576,16.335872,convenience,shop=convenience
node/11226813213,COOP Tuty,49.4570768,13.7839148,convenience,shop=convenience
way/124785350,Coop,49.4587023,18.0554747,convenience,shop=convenience
node/4703340721,COOP Jednota,49.4624223,17.1806137,convenience,shop=convenience
node/2012785347,Hruška,49.4626994,18.136236,convenience,shop=convenience
way/123852601,COOP Jednota,49.4634454,15.3474702,convenience,shop=convenience
node/12751727926,Coop,49.4641889,17.9816935,convenience,shop=convenience
node/2489460258,Coop,49.4663833,17.013983,convenience,shop=convenience
way/143286911,Shell,49.4697881,17.1186915,convenience,shop=convenience
way/124781801,COOP Jednota,49.4700295,18.0418405,convenience,shop=convenience
node/4958948490,COOP Jednota,49.4702142,17.5504868,convenience,shop=convenience
node/1570043039,Hruška,49.4719186,17.0960916,convenience,shop=convenience
way/1212111229,Viva,49.4725248,17.0916678,convenience,shop=convenience
node/2583855389,Modrý lev,49.4731626,17.1093917,convenience,shop=convenience
node/13464237977,Můj obchod - Smíšené zboží U Moniky,49.4736521,17.0509457,convenience,shop=convenience
node/5501224841,Hruška,49.4772047,17.1554989,convenience,shop=convenience
node/2984625836,Coop,49.4772258,17.5125464,convenience,shop=convenience
way/164715125,COOP Jednota,49.47846,17.8136287,convenience,shop=convenience
way/124782310,COOP Jednota,49.4817477,18.0438615,convenience,shop=convenience
way/124609732,COOP Jednota,49.4822922,18.1062746,convenience,shop=convenience
node/8287032474,COOP Jednota,49.4839817,16.4242788,convenience,shop=convenience
node/1834268474,Coop Tuty,49.4855418,13.5813963,convenience,shop=convenience
node/10219376981,Coop Tip,49.4861611,14.5271385,convenience,shop=convenience
node/12516727236,Coop,49.489301,16.6618322,convenience,shop=convenience
node/12519036188,Coop,49.4910568,16.6593452,convenience,shop=convenience
node/7120103782,COOP Jednota,49.5025628,15.5894284,convenience,shop=convenience
node/3452883929,Coop,49.5030867,16.5212424,convenience,shop=convenience
node/1390286154,Coop,49.5061387,16.5173108,convenience,shop=convenience
node/11134876701,Coop,49.5072827,16.539096,convenience,shop=convenience
way/746203617,Hruška,49.5084227,17.2005897,convenience,shop=convenience
node/2546367230,Coop Jednota,49.5100455,16.9618121,convenience,shop=convenience
node/1244157428,Coop Jednota,49.5102216,14.6583121,convenience,shop=convenience
node/1908134347,COOP Jednota,49.5102607,17.4793002,convenience,shop=convenience
node/12045304284,Potraviny U Filipa,49.5105059,12.8012005,convenience,shop=convenience
node/5162325133,Coop,49.5142533,15.5014343,convenience,shop=convenience
way/1296680225,Coop,49.5163231,17.6189181,convenience,shop=convenience
way/607738005,Coop,49.5172455,17.7689737,convenience,shop=convenience
way/127732373,COOP Jednota,49.5216103,17.9653931,convenience,shop=convenience
node/2617050310,Jednota,49.5237716,16.8630564,convenience,shop=convenience
way/165438278,Tempo,49.5238848,17.587409,convenience,shop=convenience
node/8286970413,COOP Jednota,49.5257535,16.4631073,convenience,shop=convenience
node/12098964920,Hruška,49.5265424,17.5865184,convenience,shop=convenience
node/13515865667,Coop Tuty,49.5296951,15.222322,convenience,shop=convenience
way/56688884,COOP Jednota,49.5306612,17.8733103,convenience,shop=convenience
node/3052522469,Coop Tip,49.530849,15.4563916,convenience,shop=convenience
node/1171823309,"Jednota, spotřební družstvo v Hodoníně - COOP",49.5312655,18.059462,convenience,shop=convenience
node/8954176091,COOP Jednota,49.5324541,15.8047288,convenience,shop=convenience
node/13661169031,Minimarket Veselíčko,49.5357018,17.5178201,convenience,shop=convenience
node/1171823642,COOP Jednota,49.5368596,18.059173,convenience,shop=convenience
node/13105242988,Coop Jednota,49.5372311,18.022935,convenience,shop=convenience
node/12630009394,Potraviny U Ruby,49.5410544,15.3590741,convenience,shop=convenience
node/860940987,Hruška,49.5424583,18.2723075,convenience,shop=convenience
way/37454244,Hruška,49.5428593,18.2250596,convenience,shop=convenience
node/4184377795,COOP Jednota,49.5434138,14.0846606,convenience,shop=convenience
node/11678843681,Coop Diskont,49.5443814,15.3563762,convenience,shop=convenience
way/239067508,Coop,49.5463662,17.5345288,convenience,shop=convenience
node/8892704053,Coop,49.5465264,18.1519461,convenience,shop=convenience
node/11050864147,Coop,49.5468224,13.3158907,convenience,shop=convenience
node/2461023615,Hruška,49.5479051,18.2111288,convenience,shop=convenience
node/7500479053,Hruška,49.5530852,16.9557023,convenience,shop=convenience
way/87590810,Viva,49.5533469,17.229082,convenience,shop=convenience
node/4616302695,COOP Jednota,49.5550082,15.5745014,convenience,shop=convenience
node/5235895622,COOP Jednota,49.5560635,15.8507162,convenience,shop=convenience
node/2820559107,Coop,49.5571161,17.5659986,convenience,shop=convenience
way/791740839,COOP Jednota,49.5580187,16.4220406,convenience,shop=convenience
node/1541580837,Jednota,49.5590554,15.8536517,convenience,shop=convenience
way/92408445,Viva,49.5654131,15.919457,convenience,shop=convenience
way/102468767,COOP Jednota,49.5675745,16.664305,convenience,shop=convenience
way/181446905,Stop Cafe,49.5725101,17.2991044,convenience,shop=convenience
node/13294112488,Viva,49.5731148,17.2321357,convenience,shop=convenience
node/12282881021,Hruška,49.5754829,17.2946076,convenience,shop=convenience
node/7700003799,COOP Jednota,49.5766208,15.7376827,convenience,shop=convenience
node/4744626322,Můj obchod - Minimarket Werichova,49.5766744,17.2544697,convenience,shop=convenience
node/1357406338,Můj obchod,49.5776376,16.359736,convenience,shop=convenience
node/2954646546,Jednota,49.5783491,16.7211409,convenience,shop=convenience
way/111864208,Stop Cafe,49.5793335,18.3518808,convenience,shop=convenience
way/110324655,Stop Cafe,49.5796956,18.3527831,convenience,shop=convenience
way/817294653,Hruška,49.5814655,17.2464865,convenience,shop=convenience
way/236611466,Ecco,49.5832544,13.3274903,convenience,shop=convenience
way/110324668,Stop Cafe,49.5843743,18.3595131,convenience,shop=convenience
node/13608075594,Potraviny INVA,49.5862785,18.3596972,convenience,shop=convenience
node/1887419364,Hruška,49.588741,18.1212774,convenience,shop=convenience
node/13031556630,Můj obchod,49.5894572,17.2449293,convenience,shop=convenience
node/3350552269,Hruška,49.5900683,18.3594587,convenience,shop=convenience
node/13505062654,Billa stop & shop,49.5922934,18.0137143,convenience,shop=convenience
node/5484213189,Hruška,49.5928169,17.9976379,convenience,shop=convenience
way/59578480,Hruška,49.593588,17.2845398,convenience,shop=convenience
node/4041270380,Hruška,49.5947405,18.7517085,convenience,shop=convenience
node/9308441232,Coop,49.5950366,17.2418725,convenience,shop=convenience
node/11739524825,Můj obchod,49.5967695,18.4143546,convenience,shop=convenience
node/2382646251,Coop,49.6000418,15.796122,convenience,shop=convenience
node/2939687351,Coop,49.6007128,18.515432,convenience,shop=convenience
node/2456009084,Hruška,49.6033932,18.1363273,convenience,shop=convenience
node/2366798145,COOP TUTY,49.6040325,13.8657432,convenience,shop=convenience
node/5594841583,Coop,49.6049636,13.2642867,convenience,shop=convenience
node/2451495032,Hruška,49.6053648,18.1426426,convenience,shop=convenience
way/57834966,Stop Cafe,49.6074778,18.0301882,convenience,shop=convenience
way/87665600,Coop Tip,49.6074969,15.5914654,convenience,shop=convenience
node/4962522565,Smíšené zboží Kročová,49.6078356,18.4932337,convenience,shop=convenience
node/2582548371,Hruška,49.6100731,17.2856078,convenience,shop=convenience
node/13483525437,Coop Tuty,49.6110729,18.4849311,convenience,shop=convenience
node/1622071050,Coop,49.6111184,16.6799295,convenience,shop=convenience
node/9868746442,Můj obchod,49.6131833,12.8351342,convenience,shop=convenience
node/1749562276,Hruška,49.6134915,18.3614803,convenience,shop=convenience
node/1184385545,COOP Jednota,49.6134932,16.681611,convenience,shop=convenience
node/4391832437,COOP Jednota,49.6144249,13.6027072,convenience,shop=convenience
node/4398592896,COOP,49.6147324,13.8261757,convenience,shop=convenience
node/1750952494,Hruška,49.6166626,17.3310246,convenience,shop=convenience
node/11116750964,Tempo Tuty,49.6214978,18.4059788,convenience,shop=convenience
way/1082145322,Coop,49.6242106,16.7525246,convenience,shop=convenience
node/5620601598,Potraviny u Nama,49.6283597,16.346002,convenience,shop=convenience
node/5620605510,Coop Tip,49.6291404,16.3464956,convenience,shop=convenience
node/4398815146,Coop Konzum,49.6297853,13.6848733,convenience,shop=convenience
node/5026879722,Coop,49.6299807,15.4914173,convenience,shop=convenience
way/254842033,Coop,49.6307962,16.3006878,convenience,shop=convenience
node/3119481787,Hruška,49.632349,17.0565133,convenience,shop=convenience
node/2523431558,Hruška,49.6324658,18.1386859,convenience,shop=convenience
node/2954646468,Coop,49.6326992,16.7133719,convenience,shop=convenience
node/8586608216,Sklenovský koloniál,49.6341171,18.2165206,convenience,shop=convenience
node/3033231576,Hruška,49.6344009,18.7247109,convenience,shop=convenience
node/2785560548,Coop,49.6346522,16.2234495,convenience,shop=convenience
node/13430604436,Coop,49.6359399,13.1231247,convenience,shop=convenience
node/3304763104,Mini Mix,49.6363238,18.7232916,convenience,shop=convenience
node/2836506200,Hruška,49.6369693,18.3183868,convenience,shop=convenience
node/12966943000,Coop,49.6379781,13.0636251,convenience,shop=convenience
node/10934131303,U Tomáše,49.6383542,17.2319297,convenience,shop=convenience
way/58118236,Hruška,49.6390585,17.2100876,convenience,shop=convenience
node/4391832438,Coop Tuty,49.6400142,13.5219299,convenience,shop=convenience
node/3218066450,Coop,49.6401084,18.14117,convenience,shop=convenience
node/8732549901,Coop,49.6402776,15.5259246,convenience,shop=convenience
node/5313861214,COOP Jednota,49.6409965,16.8732203,convenience,shop=convenience
node/2418863006,Hruška,49.6416408,18.150577,convenience,shop=convenience
node/2454609622,Potraviny na sídlišti,49.6419673,18.1513405,convenience,shop=convenience
node/3377649953,Hruška,49.6455978,18.5337113,convenience,shop=convenience
node/9886024550,COOP Jednota,49.6457473,16.1207914,convenience,shop=convenience
way/234002816,MOL Shop,49.6471274,18.1438613,convenience,shop=convenience
node/3113652218,COOP Jednota,49.647185,16.7575958,convenience,shop=convenience
node/10811304911,Free1 Gas,49.6486212,12.5329274,convenience,shop=convenience
node/10811296390,Free1 GAS - Rozvadov TIR CZ,49.6493202,12.532737,convenience,shop=convenience
node/8147226672,Smíšené zboží Joker,49.6504322,14.2836458,convenience,shop=convenience
node/2239886070,Hruška,49.6504716,17.9322751,convenience,shop=convenience
node/1864731194,Coop,49.6524224,13.9124934,convenience,shop=convenience
way/204861854,Coop Jednota,49.6552753,17.1315958,convenience,shop=convenience
node/13593650043,Potraviny Vendryně,49.6561723,18.6956188,convenience,shop=convenience
node/3260496269,Hruška,49.6565199,18.5273006,convenience,shop=convenience
node/7369376097,Coop,49.6575532,14.4253876,convenience,shop=convenience
node/4584471574,Flop,49.6590859,14.4246473,convenience,shop=convenience
node/1579387947,Coop,49.6602185,15.7544825,convenience,shop=convenience
node/4311238639,Coop,49.6632373,17.8313553,convenience,shop=convenience
node/806247329,Hruška,49.6636975,18.6806829,convenience,shop=convenience
node/12083572312,Koruna,49.664674,13.9653445,convenience,shop=convenience
node/5506437496,Coop,49.6670621,17.8314531,convenience,shop=convenience
way/245206202,Coop,49.6681365,12.7730601,convenience,shop=convenience
way/99724107,Stop Cafe,49.6683361,13.9949503,convenience,shop=convenience
node/10720699035,COOP Jednota,49.6692635,15.3983946,convenience,shop=convenience
node/4718111235,Hruška,49.6695512,18.6784322,convenience,shop=convenience
node/4778644847,Coop Tuty,49.6697846,13.5023128,convenience,shop=convenience
way/242249026,COOP Jednota,49.6706494,17.1749148,convenience,shop=convenience
node/4730428063,Hruška,49.6707496,18.6774879,convenience,shop=convenience
node/13440183690,Můj obchod,49.6709778,13.4008292,convenience,shop=convenience
node/2096820255,Coop Tip,49.672388,18.344118,convenience,shop=convenience
node/4343465102,Hruška,49.673323,18.417374,convenience,shop=convenience
node/7110571047,Hruška,49.6734942,18.2271861,convenience,shop=convenience
node/4580029779,Potraviny Pernicová,49.6736891,18.4161037,convenience,shop=convenience
way/245279900,Stop Cafe,49.6748609,12.6744489,convenience,shop=convenience
node/12687808356,Stop Cafe,49.6765698,13.3246824,convenience,shop=convenience
node/13291153280,Viva,49.6766647,18.6666375,convenience,shop=convenience
node/6815158090,Hruška,49.6766688,18.6733611,convenience,shop=convenience
node/12687808353,Stop Cafe,49.6783354,13.3309357,convenience,shop=convenience
node/810989424,Hruška,49.6800973,18.6689892,convenience,shop=convenience
node/3508998464,Coop Tuty,49.681699,18.5428889,convenience,shop=convenience
node/2811982272,Hruška,49.6819391,17.805348,convenience,shop=convenience
node/1994465157,Hruška,49.682075,17.223249,convenience,shop=convenience
way/91753852,Hruška,49.6878204,18.3498171,convenience,shop=convenience
node/4872012782,Žabka,49.6888785,14.0133748,convenience,shop=convenience
node/4377793153,COOP,49.6898108,13.6690052,convenience,shop=convenience
node/4398592897,COOP,49.690649,13.9820672,convenience,shop=convenience
way/1381601532,Stop Cafe,49.6909504,14.0323614,convenience,shop=convenience
node/5434678089,Coop,49.6929171,13.4897761,convenience,shop=convenience
node/13363242236,Stop Cafe,49.6934629,15.288032,convenience,shop=convenience
node/4571646244,COOP Jednota,49.6959901,16.4882983,convenience,shop=convenience
node/6579610535,COOP Jednota,49.698486,14.2327551,convenience,shop=convenience
node/7858482025,Coop Jednota,49.6996852,16.1780696,convenience,shop=convenience
node/3823492539,Hruška,49.7002002,18.2242744,convenience,shop=convenience
node/12688120969,Stop Cafe,49.7032478,12.9868397,convenience,shop=convenience
node/5499819457,Můj obchod,49.7038168,18.1510544,convenience,shop=convenience
node/4715703270,Coop,49.703886,17.7215288,convenience,shop=convenience
node/10803768150,COOP Jednota,49.7061895,15.4940806,convenience,shop=convenience
way/257011408,Stop Cafe,49.7088693,12.7813346,convenience,shop=convenience
node/6855024250,Hruška,49.7102743,18.5330276,convenience,shop=convenience
node/8939606112,COOP Jednota,49.7117828,16.0314182,convenience,shop=convenience
node/5005707887,Můj obchod,49.712547,18.4813831,convenience,shop=convenience
node/5931923359,COOP Tuty,49.712673,13.4113783,convenience,shop=convenience
node/4363655331,OC Linda,49.7134656,17.9040951,convenience,shop=convenience
node/1174496193,COOP Jednota,49.7144099,13.195664,convenience,shop=convenience
node/4393471914,Coop Tuty,49.7145393,13.9467684,convenience,shop=convenience
node/765749573,Coop Tuty,49.7151453,12.9803639,convenience,shop=convenience
node/3721951622,Coop,49.7163537,15.2153472,convenience,shop=convenience
node/8665036885,COOP Jednota,49.7175634,15.7928948,convenience,shop=convenience
way/304144088,Stop Cafe,49.7225445,17.2854705,convenience,shop=convenience
node/5614101901,Hruška,49.7264723,18.193181,convenience,shop=convenience
node/3915046581,COOP Jednota,49.7280557,18.4623774,convenience,shop=convenience
way/651909477,COOP Jednota,49.7283379,14.7791343,convenience,shop=convenience
node/3089573218,Hruška,49.7303926,18.2360296,convenience,shop=convenience
node/2423287292,Hruška,49.7304982,18.2997472,convenience,shop=convenience
node/4398592898,COOP,49.7326157,13.9666002,convenience,shop=convenience
node/7292234216,Coop,49.7366713,13.5836661,convenience,shop=convenience
node/12638534843,Orlen,49.7410578,18.6213177,convenience,shop=convenience
node/13566331101,Coop,49.7419698,15.5680673,convenience,shop=convenience
node/12526081051,Žabka,49.7432313,13.3774424,convenience,shop=convenience
node/12526081025,Coop,49.7435537,13.3767785,convenience,shop=convenience
way/1185493071,Žabka,49.7442142,13.3731451,convenience,shop=convenience
node/6198912623,Potraviny U Práce,49.7443256,13.3714558,convenience,shop=convenience
node/4697393429,Můj obchod,49.7458651,13.3760394,convenience,shop=convenience
node/4398592899,COOP,49.7460862,14.0197749,convenience,shop=convenience
node/1817646394,Hruška,49.746306,18.6165458,convenience,shop=convenience
node/13566005080,Stop Cafe,49.7463987,13.4415278,convenience,shop=convenience
node/5109234995,Potraviny Samoobsluha,49.7469321,13.376458,convenience,shop=convenience
node/13643985961,Potraviny Kollárova 14,49.7477014,13.3699348,convenience,shop=convenience
node/13458271542,Můj obchod,49.7481432,13.4132711,convenience,shop=convenience
node/13415638636,Stop Cafe,49.7504255,13.4039993,convenience,shop=convenience
node/2285377068,Hruška,49.7505964,18.13281,convenience,shop=convenience
node/4578037303,MINIPO,49.7522824,18.4835544,convenience,shop=convenience
node/5673605287,Můj obchod,49.7546232,18.3702604,convenience,shop=convenience
node/440875766,Tesco Express,49.7547272,13.4186541,convenience,shop=convenience
way/226059072,COOP Jednota,49.7556462,16.8759819,convenience,shop=convenience
node/8845773654,Můjobchod - Potraviny U Beránka,49.7557017,13.4189261,convenience,shop=convenience
node/10789853411,COOP Jednota,49.7561113,15.485714,convenience,shop=convenience
node/4936539393,Coop,49.7563289,16.9635212,convenience,shop=convenience
node/12098262039,Coop Diskont,49.7566023,15.4845206,convenience,shop=convenience
node/13481440137,Můj obchod - Potraviny Lesní,49.756796,13.4227166,convenience,shop=convenience
node/4393471915,COOP TUTY,49.7569275,14.1088794,convenience,shop=convenience
node/13415675555,Fresh Corner,49.7587217,13.405952,convenience,shop=convenience
node/13094065721,Večerka U Davida,49.7609368,15.9062556,convenience,shop=convenience
node/12098364225,COOP Jednota,49.761487,15.3975305,convenience,shop=convenience
node/5484708881,Hruška,49.7632184,18.2372645,convenience,shop=convenience
way/78529644,Viva,49.7639576,17.1116126,convenience,shop=convenience
way/47357745,Stop Cafe,49.7646662,18.2727704,convenience,shop=convenience
node/892194795,"JEDNOTA, spotřební družstvo Zábřeh – COOP",49.7651588,17.1784587,convenience,shop=convenience
node/1448394059,COOP Jednota,49.76573,13.2463938,convenience,shop=convenience
node/13287353262,Viva,49.7663717,13.3743451,convenience,shop=convenience
node/4398497114,Coop,49.76717,13.8418539,convenience,shop=convenience
way/52045726,Hruška,49.7678649,18.3140857,convenience,shop=convenience
node/1406986495,Hruška,49.7701769,17.1207019,convenience,shop=convenience
node/5081787010,Hruška,49.7728016,18.4368345,convenience,shop=convenience
node/2249169631,Hruška,49.7735073,18.2825707,convenience,shop=convenience
way/748956813,Stop Cafe,49.7737162,14.1667668,convenience,shop=convenience
way/528421117,Stop Cafe,49.7745702,18.0971079,convenience,shop=convenience
node/776793520,Coop,49.7752809,13.2512634,convenience,shop=convenience
node/9602749768,Můj obchod,49.7758272,13.3684622,convenience,shop=convenience
way/528421101,Stop Cafe,49.7764264,18.0962086,convenience,shop=convenience
node/365684302,Hruška,49.7778256,18.2238342,convenience,shop=convenience
way/49341349,Hruška,49.7786312,18.1706619,convenience,shop=convenience
node/4391715298,COOP,49.7789748,13.980063,convenience,shop=convenience
node/9589880309,Hruška,49.7794157,18.4302206,convenience,shop=convenience
way/53832765,Coop Žlutická,49.7797527,13.3608114,convenience,shop=convenience
way/72354603,Stop Cafe,49.7810969,18.2704014,convenience,shop=convenience
node/12694971000,Fresh Corner,49.7812687,13.3706164,convenience,shop=convenience
way/75134382,Stop Cafe,49.7815554,18.2532196,convenience,shop=convenience
node/13041287024,Můj obchod,49.7823447,13.3739444,convenience,shop=convenience
node/9646771319,Potraviny Tachovská,49.7830275,13.3821754,convenience,shop=convenience
node/12489391495,Hruška,49.7846883,18.4286669,convenience,shop=convenience
node/653637381,Hruška,49.7847324,18.3747518,convenience,shop=convenience
node/3707143769,COOP,49.7852433,13.9792858,convenience,shop=convenience
way/101855825,Hruška,49.7865102,18.1290636,convenience,shop=convenience
node/2377747361,Hruška,49.7866459,18.233618,convenience,shop=convenience
way/207963724,Stop Cafe,49.7896209,12.6512452,convenience,shop=convenience
way/52504537,Stop Cafe,49.7902865,18.4111049,convenience,shop=convenience
node/4321435293,Hruška,49.7925632,16.6364975,convenience,shop=convenience
node/1978507042,Hruška,49.7927026,18.2383278,convenience,shop=convenience
node/776520517,Coop Jednota,49.7930133,13.3178718,convenience,shop=convenience
way/346495288,Coop,49.7938806,16.6747667,convenience,shop=convenience
node/653637389,Tempo,49.7943535,18.369784,convenience,shop=convenience
node/2392516664,Coop,49.7958465,17.6185648,convenience,shop=convenience
node/13071666107,Hruška,49.7966012,18.3589856,convenience,shop=convenience
node/12735974144,Můj obchod Potraviny Impuls,49.7969032,18.4550897,convenience,shop=convenience
node/12638746044,Stop Cafe,49.7978832,18.2391506,convenience,shop=convenience
node/2867857740,Lavang,49.8024128,18.417142,convenience,shop=convenience
way/105359546,Viva,49.8039879,18.2874136,convenience,shop=convenience
node/12063961001,U Radnice,49.8059481,16.1168246,convenience,shop=convenience
node/4443888573,Můj obchod,49.8067158,13.8581507,convenience,shop=convenience
way/208629941,Stop Cafe,49.8069885,12.6434934,convenience,shop=convenience
node/4398497116,COOP,49.809999,13.8544426,convenience,shop=convenience
node/12638750362,Stop Cafe,49.8133555,18.3352731,convenience,shop=convenience
node/1753821262,Hruška,49.8147127,18.3358234,convenience,shop=convenience
node/2248123506,COOP,49.8152249,13.912372,convenience,shop=convenience
node/1049494538,COOP Jednota,49.8165608,17.0797353,convenience,shop=convenience
node/4538405488,Mini Mix,49.8209021,18.2093514,convenience,shop=convenience
way/101402971,Hruška,49.8244463,18.1254109,convenience,shop=convenience
node/4157215358,Hruška,49.8263926,18.2699985,convenience,shop=convenience
way/76997592,Stop Cafe,49.8277169,18.281814,convenience,shop=convenience
node/3446442319,Hruška,49.8278552,18.1895588,convenience,shop=convenience
node/2828667864,Hruška,49.8281733,18.2555815,convenience,shop=convenience
node/5097748437,COOP,49.8282,13.9381683,convenience,shop=convenience
way/171981629,Stop Cafe,49.8298084,18.3850951,convenience,shop=convenience
way/262546243,COOP Jednota,49.830438,12.5801001,convenience,shop=convenience
way/71340430,Stop Cafe,49.8306514,18.1852207,convenience,shop=convenience
way/87807107,Stop Cafe,49.8311124,18.392751,convenience,shop=convenience
node/4489859733,Hruška,49.832076,18.1690345,convenience,shop=convenience
way/251382178,Coop,49.8321873,16.6394039,convenience,shop=convenience
node/4391715299,COOP,49.8326508,13.9961744,convenience,shop=convenience
way/301349095,Hruška,49.8339709,17.5482453,convenience,shop=convenience
node/1752452941,Hruška,49.8343552,18.3377522,convenience,shop=convenience
way/71358003,Stop Cafe,49.8355623,18.1901673,convenience,shop=convenience
node/1406337707,COOP Jednota,49.8359573,13.9024082,convenience,shop=convenience
node/4303601944,Hruška,49.8359634,18.1782314,convenience,shop=convenience
node/7328034294,Můj obchod,49.8365288,18.2862234,convenience,shop=convenience
way/312413367,Coop,49.8368907,14.6746143,convenience,shop=convenience
node/1406336248,COOP Jednota,49.837116,13.9027106,convenience,shop=convenience
node/4414777608,Hruška,49.8385121,18.1632049,convenience,shop=convenience
node/13440739464,Můj Obchod,49.8407956,17.0879745,convenience,shop=convenience
node/1271723919,Hruška,49.8420325,18.2669687,convenience,shop=convenience
node/847351748,Jednota,49.8424205,15.8860575,convenience,shop=convenience
node/3843261597,Hruška,49.8427823,18.3355534,convenience,shop=convenience
node/12639020836,Stop Cafe,49.842958,18.1499461,convenience,shop=convenience
node/2370341354,Hruška,49.8429792,18.5642301,convenience,shop=convenience
node/847351790,COOP Jednota,49.8430866,15.8014513,convenience,shop=convenience
node/2481972746,Coop Tuty,49.8431874,13.360704,convenience,shop=convenience
node/4028061496,Hruška,49.8438077,18.2955303,convenience,shop=convenience
node/2132462232,Hruška,49.8443069,18.1670401,convenience,shop=convenience
node/8757418089,Coop,49.8443602,16.9520733,convenience,shop=convenience
way/47990119,Stop Cafe,49.8455691,18.5544719,convenience,shop=convenience
node/4391715300,COOP,49.8462686,14.0825989,convenience,shop=convenience
node/1644038385,Hruška,49.846825,18.1587993,convenience,shop=convenience
node/9325738070,Můj obchod NH Market,49.8472444,15.6586146,convenience,shop=convenience
node/3905260372,Hruška,49.8474892,18.283992,convenience,shop=convenience
node/4581944215,COOP Jednota,49.8485776,13.8838459,convenience,shop=convenience
node/5092306250,Hruška,49.8504326,18.2736527,convenience,shop=convenience
node/3705609211,COOP Jednota,49.8532055,13.9824835,convenience,shop=convenience
node/4391715301,COOP,49.8557798,14.1038617,convenience,shop=convenience
way/49708483,Stop Cafe,49.8563635,18.2883614,convenience,shop=convenience
node/833483541,COOP Jednota,49.8572438,15.9404338,convenience,shop=convenience
node/8665701073,Coop Konzum,49.8577339,16.5021117,convenience,shop=convenience
way/91407165,Stop Cafe,49.8589186,18.2696807,convenience,shop=convenience
way/451996060,COOP Jednota,49.8659806,13.9324635,convenience,shop=convenience
node/13503296052,Fresh Corner,49.8660099,17.8783568,convenience,shop=convenience
node/1462358329,COOP Jednota,49.8660901,16.30834,convenience,shop=convenience
node/2284155789,Hruška,49.8661403,18.5530921,convenience,shop=convenience
node/1560622648,Hruška,49.8666571,18.3780111,convenience,shop=convenience
node/8665719071,Konzum,49.866781,16.4504219,convenience,shop=convenience
node/12105594408,Coop Tip,49.8691082,15.5810238,convenience,shop=convenience
way/160675413,Jednota,49.8721461,13.9983446,convenience,shop=convenience
node/3887252837,Coop Tuty,49.8721612,15.5800464,convenience,shop=convenience
node/3359346895,COOP,49.8726553,14.1047918,convenience,shop=convenience
node/6573024558,Coop,49.8745891,16.7754314,convenience,shop=convenience
node/753668829,Tesco Expres,49.8757417,14.903905,convenience,shop=convenience
node/4998414405,Hruška,49.8773319,17.8756061,convenience,shop=convenience
way/52937811,Jednota,49.8775622,17.8765448,convenience,shop=convenience
node/840225868,Coop,49.8778076,17.0834663,convenience,shop=convenience
node/2058073274,Hruška,49.883162,16.8757426,convenience,shop=convenience
node/5750295108,Konzum,49.8888426,16.4745932,convenience,shop=convenience
node/3469603555,Hruška,49.8891881,18.1894883,convenience,shop=convenience
node/5094446366,Hruška,49.8936348,18.5488057,convenience,shop=convenience
node/5599873981,EuroOil,49.8954355,16.4576868,convenience,shop=convenience
node/6468046131,CBA,49.895443,17.1320441,convenience,shop=convenience
node/2142101625,Coop,49.895665,12.7309899,convenience,shop=convenience
node/13316572642,Konzum,49.8973,16.570158,convenience,shop=convenience
way/532194149,Stop Cafe,49.8980993,13.3770094,convenience,shop=convenience
node/6513260736,COOP Jednota,49.9014706,15.9344664,convenience,shop=convenience
node/11148759472,Hruška,49.9017213,18.3570792,convenience,shop=convenience
node/1744690148,Hruška,49.902245,18.3510638,convenience,shop=convenience
way/329927314,COOP Jednota,49.9026905,13.9217,convenience,shop=convenience
node/2700786368,Coop Konzum,49.902715,16.5899613,convenience,shop=convenience
node/4398592900,COOP,49.9036921,14.1507992,convenience,shop=convenience
way/71044840,Hruška,49.9086052,16.6063702,convenience,shop=convenience
node/5638403742,COOP Jednota,49.9086191,16.7868898,convenience,shop=convenience
node/4398592901,Coop,49.9126719,14.2336848,convenience,shop=convenience
node/1840042542,Žabka,49.9136212,14.2323877,convenience,shop=convenience
way/80432249,Konzum,49.9140364,16.1957099,convenience,shop=convenience
node/929021035,COOP Jednota,49.9157275,15.7684478,convenience,shop=convenience
node/4398592902,COOP,49.917934,14.2090215,convenience,shop=convenience
node/2304380086,Jednota,49.9208611,18.1132256,convenience,shop=convenience
node/6925588384,COOP Jednota,49.9220656,14.1979516,convenience,shop=convenience
node/9553015001,Potraviny Tuty,49.9250631,18.2673992,convenience,shop=convenience
node/1493637415,Coop,49.9273483,14.2748769,convenience,shop=convenience
way/398899704,Stop Cafe,49.9274459,17.8985304,convenience,shop=convenience
way/71154676,Coop Konzum,49.9288875,16.5417761,convenience,shop=convenience
node/4554495527,Hruška,49.9312914,17.9061692,convenience,shop=convenience
node/7099207081,Tempo,49.9332293,18.0135296,convenience,shop=convenience
node/4664923999,Coop,49.9340891,17.2731043,convenience,shop=convenience
node/12639199801,Stop Cafe,49.9348885,17.9126394,convenience,shop=convenience
way/71286747,Tempo,49.9350144,18.2209184,convenience,shop=convenience
node/12426319361,Konzum,49.9354807,16.0903394,convenience,shop=convenience
node/4443888576,Můj obchod,49.9363944,14.1840736,convenience,shop=convenience
node/2519139014,Coop,49.9364343,16.7242025,convenience,shop=convenience
node/9166850311,Tempo,49.9370838,18.2244058,convenience,shop=convenience
node/1379007937,Coop Jednota,49.9396209,13.3842329,convenience,shop=convenience
node/2927184192,Konzum,49.9424494,16.4220506,convenience,shop=convenience
node/12639127932,Stop Cafe,49.9470242,17.8839248,convenience,shop=convenience
node/3673550477,Coop,49.9471471,15.2580991,convenience,shop=convenience
node/13504673121,Stop Cafe,49.9472757,15.2550024,convenience,shop=convenience
node/1506109599,Tesco Express,49.9499326,14.3154616,convenience,shop=convenience
node/13239290051,Můj obchod,49.950345,15.2671014,convenience,shop=convenience
node/1830785546,Můjobchod Potraviny,49.9517135,16.1455109,convenience,shop=convenience
node/7340808890,Žabka,49.9521356,14.5379971,convenience,shop=convenience
way/108478828,Viva,49.9521817,14.0477023,convenience,shop=convenience
node/12147515600,Tempo Market,49.9523508,18.0801404,convenience,shop=convenience
node/11816051484,COOP Jednota,49.9524449,15.1669606,convenience,shop=convenience
node/13340237035,Coop Tuty,49.9535814,15.7566015,convenience,shop=convenience
node/3698935971,Můjobchod Večerka Na Rozhledně,49.9539261,15.7800006,convenience,shop=convenience
node/1117869174,Coop,49.9543095,13.851839,convenience,shop=convenience
node/8475597196,Můj obchod - Potraviny Bach,49.9549189,15.4881798,convenience,shop=convenience
node/13573009274,Fresh Corner,49.9581588,15.2853413,convenience,shop=convenience
node/3914008515,Hruška,49.9590329,16.9868211,convenience,shop=convenience
node/296829606,Žabka,49.9614022,14.3621824,convenience,shop=convenience
node/2984594897,COOP Jednota,49.962052,16.7634052,convenience,shop=convenience
way/160538346,Coop,49.9621007,13.9684017,convenience,shop=convenience
node/10314462096,Konzum Market,49.9622013,16.4010102,convenience,shop=convenience
node/906118352,Jednota,49.9626411,16.9647884,convenience,shop=convenience
node/693969370,Tesco Express,49.9652357,14.4592003,convenience,shop=convenience
node/905745826,Coop,49.9660188,16.9776212,convenience,shop=convenience
node/12787665010,Konzum,49.9695826,16.3969995,convenience,shop=convenience
node/3705431797,Žabka,49.9705843,14.5075186,convenience,shop=convenience
node/8661105882,Hruška,49.9721122,16.2710719,convenience,shop=convenience
node/2351873537,Potraviny U Marušky,49.9730682,14.2896985,convenience,shop=convenience
node/2305271469,Žabka,49.9740148,14.3930069,convenience,shop=convenience
way/62322895,Coop Konzum,49.9744425,16.3985295,convenience,shop=convenience
way/306893452,COOP Jednota,49.9745036,13.164547,convenience,shop=convenience
node/456023837,Konzum,49.9748845,16.4052533,convenience,shop=convenience
way/70699867,Coop Tuty,49.9773394,18.1866174,convenience,shop=convenience
node/4881946441,Žabka,49.9818085,14.1241854,convenience,shop=convenience
node/12980695784,Coop,49.9824907,15.7453728,convenience,shop=convenience
node/8790344722,Coop,49.9829028,13.4844397,convenience,shop=convenience
node/863591376,Žabka,49.9839543,14.3626552,convenience,shop=convenience
node/13415487526,Můj obchod,49.9875119,15.6205911,convenience,shop=convenience
node/2983519622,Coop,49.9878542,14.0481552,convenience,shop=convenience
node/8681132566,Hruška,49.9891963,16.283093,convenience,shop=convenience
way/67234581,Hruška,49.9895704,16.3567524,convenience,shop=convenience
node/5127017056,HRUŠKA,49.9913317,17.9605,convenience,shop=convenience
node/2739453012,Žabka,49.9941046,14.6841873,convenience,shop=convenience
node/12248540185,Konzum,49.9946397,16.1747061,convenience,shop=convenience
node/13278111938,Viva,49.9951497,17.4499308,convenience,shop=convenience
node/867282745,Tesco Express,49.9954939,14.1580981,convenience,shop=convenience
node/6268091559,Jednota,49.9995571,15.94264,convenience,shop=convenience
node/11130683644,Hruška,50.0008823,16.2219442,convenience,shop=convenience
node/1482527903,Žabka,50.001231,14.5625605,convenience,shop=convenience
node/11130436103,Můj Obchod,50.0013346,16.2242795,convenience,shop=convenience
node/13584587418,Konzum Market,50.0014131,16.2852671,convenience,shop=convenience
node/6404971249,Můj obchod,50.0023473,14.46489,convenience,shop=convenience
node/9500653728,Coop,50.0023777,16.1347236,convenience,shop=convenience
node/8714407707,COOP Jednota,50.0037505,16.8021442,convenience,shop=convenience
node/9588227030,Žabka,50.0047513,14.4164416,convenience,shop=convenience
node/12092199211,Konzum Market,50.0049607,16.3891591,convenience,shop=convenience
node/6774935049,Konzum,50.0053184,16.5624481,convenience,shop=convenience
way/73213160,Coop,50.0087466,12.625462,convenience,shop=convenience
node/339886922,Benzina,50.0092308,14.5426091,convenience,shop=convenience
node/12553848536,Coop,50.0101597,15.7991158,convenience,shop=convenience
node/13584522524,Konzum Market,50.0104208,16.6227376,convenience,shop=convenience
node/10678400705,Coop,50.0114243,16.6826286,convenience,shop=convenience
way/424057854,Coop Konzum,50.0133485,16.4555773,convenience,shop=convenience
node/13287691590,Viva,50.0144551,14.4253894,convenience,shop=convenience
node/8732168393,Konzum,50.0183771,16.21172,convenience,shop=convenience
way/50770074,Potraviny,50.0186381,15.6961117,convenience,shop=convenience
node/12625943413,Potraviny Sony,50.0186871,15.7006057,convenience,shop=convenience
node/4235145089,COOP Jednota,50.0192625,17.0792318,convenience,shop=convenience
node/11207809831,Viva Billa,50.0223583,14.3933911,convenience,shop=convenience
node/963050017,Můj obchod,50.0225463,14.5149444,convenience,shop=convenience
node/1884522254,Žabka,50.0226508,14.4402851,convenience,shop=convenience
node/13287713869,Viva,50.0266687,14.3648661,convenience,shop=convenience
node/1118684106,Coop,50.0267401,13.8703759,convenience,shop=convenience
way/71827972,Stop Cafe,50.0268463,17.0375591,convenience,shop=convenience
node/12681577264,Můjobchod Potraviny U Nemocnice,50.0269806,15.7911991,convenience,shop=convenience
node/12861343769,Můj obchod,50.0270737,15.2032515,convenience,shop=convenience
node/9025364864,Hruška,50.0273046,16.5948124,convenience,shop=convenience
way/51165278,Coop Tuty,50.0273426,15.9129064,convenience,shop=convenience
node/10158912198,Tesco Express,50.0273558,14.4907013,convenience,shop=convenience
node/8594831251,Potraviny TT,50.0273617,15.7307467,convenience,shop=convenience
node/12492805026,Konzum,50.0274309,16.1652876,convenience,shop=convenience
node/12151675275,COOP Jednota,50.02759,13.5702544,convenience,shop=convenience
node/839241210,Konzum,50.0297444,16.6788466,convenience,shop=convenience
node/8666026640,Konzum,50.0301049,16.3167921,convenience,shop=convenience
node/842112261,Coop Konzum,50.0301642,16.5190685,convenience,shop=convenience
node/5567031220,Můjobchod,50.0304138,14.5024799,convenience,shop=convenience
node/12374129632,Konzum,50.0311345,16.2214828,convenience,shop=convenience
node/13370536469,Coop Konzum,50.0313126,16.3718828,convenience,shop=convenience
node/1037634976,Coop Konzum,50.0314532,16.6079982,convenience,shop=convenience
node/12639072576,Můj obchod,50.0319078,15.8041828,convenience,shop=convenience
node/548433402,Tesco,50.0330563,14.5323425,convenience,shop=convenience
way/50054862,Coop,50.0341818,15.8050808,convenience,shop=convenience
node/842112156,Coop,50.0345761,16.5000657,convenience,shop=convenience
node/4011527885,Žabka,50.0346454,15.77386,convenience,shop=convenience
node/12181943103,Můj obchod - Potraviny Karlovina,50.0349669,15.7786155,convenience,shop=convenience
node/3120640922,Žabka,50.0352432,14.5926065,convenience,shop=convenience
node/9253464909,COOP Jednota,50.0354158,15.4126261,convenience,shop=convenience
node/11681567396,Žabka,50.0363929,15.7724222,convenience,shop=convenience
node/842112370,Coop Konzum,50.0365398,16.4983387,convenience,shop=convenience
way/55139268,Fresh Corner,50.0372254,14.489605,convenience,shop=convenience
node/2417706690,Coop,50.0373044,13.8805781,convenience,shop=convenience
node/2492723105,Konzum,50.0383375,16.4263154,convenience,shop=convenience
node/13287735979,Viva,50.0400409,14.5114137,convenience,shop=convenience
node/12917903579,Potraviny U Hurychů,50.0430691,15.7387906,convenience,shop=convenience
node/1955267920,COOP Jednota,50.0437304,17.5901158,convenience,shop=convenience
node/1251436874,Můjobchod,50.0444189,15.7572144,convenience,shop=convenience
node/12147979871,Žabka,50.044536,15.7537408,convenience,shop=convenience
node/1633676357,Konzum,50.0452279,16.4550259,convenience,shop=convenience
node/12644303903,Můj obchod - Potraviny U Kačenky,50.0452741,15.8121308,convenience,shop=convenience
node/5300825125,Hruška,50.0454875,17.4004116,convenience,shop=convenience
node/1719109114,Tesco Express,50.0468289,14.475444,convenience,shop=convenience
node/13291153092,Viva,50.0468313,15.7657651,convenience,shop=convenience
node/3923250944,DT Market,50.047058,14.3023777,convenience,shop=convenience
node/7138853385,MůjObchod Suchý Vršek,50.0472601,14.3445923,convenience,shop=convenience
node/12831401037,Bonveno,50.0474511,14.4456654,convenience,shop=convenience
way/110531614,Hruška,50.0474775,17.7451831,convenience,shop=convenience
node/5300829021,Hruška,50.0475033,17.398544,convenience,shop=convenience
node/5249453817,Potraviny U Marků,50.0477269,17.734192,convenience,shop=convenience
way/59584975,Stop Cafe,50.0491146,14.4098795,convenience,shop=convenience
node/11569518452,Potraviny U Josefa,50.0500663,15.7704703,convenience,shop=convenience
node/2624150126,COOP Jednota,50.0505017,15.214619,convenience,shop=convenience
node/1316628928,Žabka,50.0521311,14.454536,convenience,shop=convenience
node/13359854210,Coop,50.0539749,15.5225781,convenience,shop=convenience
node/13367171972,Můjobchod Potraviny Břehy,50.0544416,15.5795771,convenience,shop=convenience
node/1502930097,Tesco Express,50.0564549,14.4341139,convenience,shop=convenience
node/6066759121,Žabka,50.0566256,14.4025467,convenience,shop=convenience
node/8721239211,Konzum,50.0586708,16.3454564,convenience,shop=convenience
way/50169561,Hruška,50.0589816,15.8483221,convenience,shop=convenience
node/635614900,Žabka,50.0598449,14.4501258,convenience,shop=convenience
way/79594003,Můj obchod Potraviny Hrozenkovská,50.0599153,14.2934224,convenience,shop=convenience
node/5302038621,Hruška,50.0601334,17.3889443,convenience,shop=convenience
node/13115018577,Stop Cafe,50.0606393,12.9778058,convenience,shop=convenience
node/3720545902,Tesco Express,50.0612362,14.447452,convenience,shop=convenience
way/490370429,Fresh Corner,50.0614271,14.471403,convenience,shop=convenience
node/1119524960,Žabka,50.061468,14.3984132,convenience,shop=convenience
node/3742854333,Potraviny Lucky Star,50.0616358,14.5960843,convenience,shop=convenience
node/322967899,Tesco Express,50.0617709,14.58891,convenience,shop=convenience
node/1653416154,Žabka,50.0626754,14.4043724,convenience,shop=convenience
node/1768366921,Konzum,50.0639697,16.619242,convenience,shop=convenience
node/3391154821,Můj Obchod,50.0651978,14.4316118,convenience,shop=convenience
node/13002206134,Viva,50.0664133,14.309058,convenience,shop=convenience
node/3976247020,Tesco Express,50.0669012,14.4602429,convenience,shop=convenience
node/5462091125,Můj obchod,50.0670709,14.4963909,convenience,shop=convenience
node/11592253423,Žabka,50.0674175,14.4065815,convenience,shop=convenience
node/1117494425,Tesco Express,50.0678974,14.4174175,convenience,shop=convenience
node/4822226416,Můj obchod,50.0681843,14.4357912,convenience,shop=convenience
node/910429939,Žabka,50.0684969,14.3995349,convenience,shop=convenience
node/13287711447,Viva,50.0690265,14.3586146,convenience,shop=convenience
node/13287711428,Viva,50.069858,14.3606105,convenience,shop=convenience
node/4872012781,Žabka,50.0704742,14.3792147,convenience,shop=convenience
node/2202478217,Tesco Expres,50.0712909,14.4567225,convenience,shop=convenience
node/296772196,Můjobchod,50.0715647,14.4484522,convenience,shop=convenience
node/308088382,Můj Obchod,50.0724364,14.4430057,convenience,shop=convenience
node/4235144989,Hruška,50.072529,16.9321878,convenience,shop=convenience
node/6441492585,Hruška,50.0726613,17.309884,convenience,shop=convenience
node/444581357,Tesco Express,50.0726927,14.470917,convenience,shop=convenience
node/12638340136,Stop Cafe,50.072879,12.3612171,convenience,shop=convenience
node/3298049949,Žabka,50.0734995,14.415803,convenience,shop=convenience
node/863149454,Žabka,50.073551,14.4302111,convenience,shop=convenience
node/2479304168,Žabka,50.0745281,14.3917889,convenience,shop=convenience
node/1507171795,Žabka,50.0749158,14.42882,convenience,shop=convenience
node/10043525012,Viva,50.0756185,14.3130665,convenience,shop=convenience
node/3672393824,Můj obchod,50.0761294,14.4406923,convenience,shop=convenience
node/359887993,Tesco Expres,50.0762688,14.4317569,convenience,shop=convenience
node/1445699122,Tesco Express,50.0768121,14.4043554,convenience,shop=convenience
node/2409856200,Žabka,50.079012,14.4464327,convenience,shop=convenience
node/3530690943,Žabka,50.0793938,14.4152842,convenience,shop=convenience
node/842112183,Coop Konzum,50.0802281,16.506635,convenience,shop=convenience
way/227967819,Coop Konzum,50.0815095,16.3059843,convenience,shop=convenience
way/48862402,COOP Jednota,50.0830734,15.7644075,convenience,shop=convenience
node/9629371199,Žabka,50.0834324,14.4221568,convenience,shop=convenience
node/5279864743,Žabka,50.0839948,14.4286919,convenience,shop=convenience
node/32976941,Stop Cafe,50.0840034,12.3725668,convenience,shop=convenience
way/60909772,Coop Konzum,50.0842863,16.4618135,convenience,shop=convenience
node/3732787614,Můj obchod,50.0847622,14.3464714,convenience,shop=convenience
node/6343254227,Můj Obchod samoobsluha,50.0854653,14.1300271,convenience,shop=convenience
node/2796265427,Tesco Express,50.0855234,14.4540167,convenience,shop=convenience
node/4115817777,Žabka,50.0862078,14.3840649,convenience,shop=convenience
node/13504623115,Billa stop & shop,50.0868983,14.4835249,convenience,shop=convenience
node/2793568910,Žabka,50.0871489,14.4350079,convenience,shop=convenience
node/3229526530,Žabka,50.0872189,14.4551428,convenience,shop=convenience
node/12739637478,Żabka,50.0872242,14.4249356,convenience,shop=convenience
way/102762663,Stop Cafe,50.0877626,17.6938139,convenience,shop=convenience
node/3393811963,Żabka,50.0878479,14.3900583,convenience,shop=convenience
node/3393796272,Žabka,50.0884017,14.3982871,convenience,shop=convenience
node/472664694,Żabka,50.0884828,14.4187429,convenience,shop=convenience
node/3472753825,Žabka,50.088927,14.3467101,convenience,shop=convenience
way/673417374,COOP Jednota,50.0891474,15.8052817,convenience,shop=convenience
node/765048795,Tesco Express,50.0899862,14.4671817,convenience,shop=convenience
node/3688443006,Můj obchod,50.0905359,14.3450914,convenience,shop=convenience
node/2492660013,Coop Konzum,50.0906076,16.3804508,convenience,shop=convenience
node/3467265672,Žabka,50.0907269,14.423315,convenience,shop=convenience
way/199806088,Stop Cafe,50.0923747,12.4637409,convenience,shop=convenience
node/13115043353,Stop Cafe,50.0932745,12.8408663,convenience,shop=convenience
node/2261835806,Můj obchod,50.0936845,14.4555446,convenience,shop=convenience
node/13316887629,Coop Konzum,50.0937882,16.4421037,convenience,shop=convenience
node/296699910,COOP Jednota,50.0949948,13.7287132,convenience,shop=convenience
node/5882508786,Můjobchod,50.0951375,14.4570583,convenience,shop=convenience
node/2652186630,Žabka,50.0951726,14.3807949,convenience,shop=convenience
way/30545522,Stop Cafe,50.0967577,14.4778847,convenience,shop=convenience
node/10291511906,Coop Tuty,50.0971406,16.0927581,convenience,shop=convenience
way/30336574,Stop Cafe,50.0971614,14.4797785,convenience,shop=convenience
node/315672821,Tesco Expres,50.0972511,14.4057919,convenience,shop=convenience
node/10291511904,Můj obchod,50.0979635,16.0933504,convenience,shop=convenience
node/669212064,Żabka,50.099466,14.4290363,convenience,shop=convenience
way/199806087,Stop Cafe,50.1006072,12.3855626,convenience,shop=convenience
node/2150779033,Orlen,50.1006374,17.6723417,convenience,shop=convenience
way/111840793,COOP Jednota,50.1024099,13.7224839,convenience,shop=convenience
node/316827253,Žabka,50.1030919,14.4497022,convenience,shop=convenience
node/11173440689,COOP Jednota,50.1031451,13.7352386,convenience,shop=convenience
node/11173440690,COOP Jednota,50.1031482,13.725977,convenience,shop=convenience
node/6208659163,Stop Cafe,50.1035404,14.4849937,convenience,shop=convenience
way/10502510,Tesco Expres,50.1041647,14.3724543,convenience,shop=convenience
node/6237778880,Billa stop & shop,50.1047417,14.4814877,convenience,shop=convenience
node/11194731665,Můj obchod,50.1049046,13.7279215,convenience,shop=convenience
way/153836950,Stop Cafe,50.1050062,14.0699139,convenience,shop=convenience
way/153836957,Stop Cafe,50.1056243,14.0703519,convenience,shop=convenience
node/13316271166,Coop Konzum,50.1056592,16.2606457,convenience,shop=convenience
node/3405962793,COOP Jednota,50.1056935,13.7235777,convenience,shop=convenience
node/2047259061,Rynek,50.1061183,14.4858036,convenience,shop=convenience
node/11173440692,COOP Jednota,50.1063643,13.7186967,convenience,shop=convenience
node/1159601856,COOP Jednota,50.1064163,15.8932825,convenience,shop=convenience
node/2029571087,Tesco Express,50.1069428,14.4881332,convenience,shop=convenience
node/856563008,Žabka,50.107159,14.5791954,convenience,shop=convenience
node/12573866902,Coop,50.1075907,13.7174769,convenience,shop=convenience
node/6240534466,Můj obchod,50.1088496,14.4471341,convenience,shop=convenience
node/11385611646,COOP Jednota,50.1089767,13.5481834,convenience,shop=convenience
way/180860461,COOP Jednota,50.109667,15.9723387,convenience,shop=convenience
node/1292045749,Coop Konzum,50.1103676,16.5563026,convenience,shop=convenience
node/2673827240,Žabka,50.1116947,14.6838355,convenience,shop=convenience
node/11383557105,Viva Billa,50.1118685,14.4457793,convenience,shop=convenience
node/12639073278,Stop Cafe,50.1137967,17.3922841,convenience,shop=convenience
node/5126313928,Konzum,50.1148264,16.298437,convenience,shop=convenience
node/13317046552,Konzum Market,50.1165933,16.2925553,convenience,shop=convenience
node/9995299417,Žabka,50.1166736,14.6198372,convenience,shop=convenience
node/12600083649,Coop,50.1175955,14.0428124,convenience,shop=convenience
node/6930028759,Qanto,50.1182058,16.2906569,convenience,shop=convenience
way/539209383,Fresh Corner,50.1212192,14.4760714,convenience,shop=convenience
node/13609569262,Fresh Corner,50.1225632,14.5127102,convenience,shop=convenience
way/94542567,Stop Cafe,50.1225747,12.3685625,convenience,shop=convenience
node/4636111044,Coop,50.1232756,16.2116268,convenience,shop=convenience
node/12960840890,Můj Obchod,50.1244857,13.7667032,convenience,shop=convenience
node/13504546453,Stop Cafe,50.1247664,14.6144945,convenience,shop=convenience
node/4690722331,Žabka,50.12526,14.572474,convenience,shop=convenience
node/4690722329,Můj obchod,50.1258293,14.5719797,convenience,shop=convenience
node/13002284592,Viva,50.1263997,14.120575,convenience,shop=convenience
node/4168071189,Žabka,50.1267343,14.4321436,convenience,shop=convenience
node/13563989414,Fresh Corner,50.1273143,12.3582467,convenience,shop=convenience
node/3596305763,Můj obchod,50.1273295,14.467738,convenience,shop=convenience
node/12291867538,Bonveno,50.127752,14.4692439,convenience,shop=convenience
node/5340449018,Žabka,50.1279733,14.4597394,convenience,shop=convenience
way/263813375,Konzum,50.1293673,16.800673,convenience,shop=convenience
node/1155024730,ESO Market - Pavel Voráček,50.1315516,14.3397987,convenience,shop=convenience
node/6058286075,Coop Konzum,50.1357892,16.3840592,convenience,shop=convenience
node/12606939642,Coop,50.1392314,13.8710805,convenience,shop=convenience
node/778207083,Tesco Express,50.1398144,14.0727446,convenience,shop=convenience
node/972219766,Žabka,50.1407697,14.4283752,convenience,shop=convenience
node/310075316,Žabka,50.1408993,14.5076671,convenience,shop=convenience
node/6091001685,Hruška,50.1411848,14.9850459,convenience,shop=convenience
node/1436673164,Coop,50.1418247,14.111147,convenience,shop=convenience
node/13504480273,EuroOil,50.1425435,14.6936074,convenience,shop=convenience
node/3659778899,Coop,50.1438423,14.0947511,convenience,shop=convenience
node/13002334411,Viva,50.1438475,14.1249301,convenience,shop=convenience
node/6172974174,Žabka,50.1457141,14.0988485,convenience,shop=convenience
node/12551168983,Coop,50.1460688,13.9581001,convenience,shop=convenience
node/12553931629,Můj obchod,50.146902,13.9553793,convenience,shop=convenience
way/176778310,Fresh Corner,50.1470783,14.8263913,convenience,shop=convenience
node/3757397840,Coop,50.1484076,15.130566,convenience,shop=convenience
node/13115147311,Stop Cafe,50.149369,13.0523123,convenience,shop=convenience
node/5015444642,Hruška,50.1495624,15.4084465,convenience,shop=convenience
way/37209049,Hruška,50.1503907,15.6443971,convenience,shop=convenience
node/2024995253,Tesco Expres,50.1512442,14.5302186,convenience,shop=convenience
node/4830861048,Potraviny HaMy& HaVy,50.1527249,15.1313326,convenience,shop=convenience
node/2976105844,COOP Jednota,50.1531944,17.0119008,convenience,shop=convenience
node/1721700198,Coop,50.1553195,16.0825673,convenience,shop=convenience
node/5320380178,Můj obchod,50.1559308,14.5179673,convenience,shop=convenience
node/8350047438,COOP Jednota,50.1567875,17.486015,convenience,shop=convenience
node/1845320593,Shell,50.1569277,13.9689915,convenience,shop=convenience
way/118813042,Stop Cafe,50.1580757,13.8961624,convenience,shop=convenience
node/13504410429,Tank Ono,50.1587842,15.2345921,convenience,shop=convenience
node/2776003342,COOP Jednota,50.1620451,17.1965276,convenience,shop=convenience
node/13290947966,Coop Tuty,50.1663291,16.4669959,convenience,shop=convenience
node/12972073947,Fresh Corner,50.1693704,14.4605593,convenience,shop=convenience
node/12972073946,Fresh Corner,50.1701549,14.4609891,convenience,shop=convenience
node/13503415272,Tank Ono,50.1728312,13.7412631,convenience,shop=convenience
node/11770984239,COOP Jednota,50.1742684,13.7314728,convenience,shop=convenience
node/2519495199,Coop,50.1754778,14.0928707,convenience,shop=convenience
node/2709473906,Domino,50.1848518,15.0402935,convenience,shop=convenience
way/85660145,Stop Cafe,50.1859096,14.0337688,convenience,shop=convenience
node/11559314913,COOP Jednota,50.1885336,13.7477572,convenience,shop=convenience
way/210196534,Tesco,50.1907708,15.806176,convenience,shop=convenience
node/4430615894,Coop Jednota,50.1978128,13.4609564,convenience,shop=convenience
node/3327196181,Coop,50.2017691,14.8411382,convenience,shop=convenience
node/12368203050,Hruška,50.2050505,15.6309114,convenience,shop=convenience
node/13002271561,Viva,50.2077731,14.4333936,convenience,shop=convenience
node/7970207910,Hruška,50.2078426,15.8202843,convenience,shop=convenience
node/12704106196,Můjobchod - Smíšená prodejna Elán,50.2079644,15.7123414,convenience,shop=convenience
node/12903428890,Můj obchod,50.2098949,15.8357968,convenience,shop=convenience
node/4458823391,Hruška,50.2107914,15.9047544,convenience,shop=convenience
node/13386813058,Coop Konzum,50.2127143,16.2635009,convenience,shop=convenience
node/11385513823,COOP Jednota,50.2133311,13.6731821,convenience,shop=convenience
node/10966473305,Můj obchod,50.2172671,12.1949894,convenience,shop=convenience
node/13291218013,Viva,50.2178542,15.8336156,convenience,shop=convenience
node/10591565912,MOL,50.2199801,12.1823722,convenience,shop=convenience
node/6816673603,Coop,50.2246724,14.2216179,convenience,shop=convenience
node/1426352146,Hruška,50.22712,14.5867475,convenience,shop=convenience
node/13602496802,Fresh Corner,50.2280592,14.0891033,convenience,shop=convenience
way/426310865,Coop,50.2283624,14.0975864,convenience,shop=convenience
node/2576006003,COOP Jednota,50.2285424,17.1579721,convenience,shop=convenience
node/1863998979,Jednota COOP,50.228813,14.8646972,convenience,shop=convenience
node/913529969,Jednota,50.23089,14.182257,convenience,shop=convenience
node/2043644983,Žabka,50.2309659,14.0829162,convenience,shop=convenience
way/292538141,Stop Cafe,50.2352199,14.0697384,convenience,shop=convenience
node/11243067664,Můj Obchod,50.2382639,14.2993087,convenience,shop=convenience
node/4424842805,COOP Jednota,50.2398319,15.0216611,convenience,shop=convenience
way/54913023,Stop Cafe,50.2398762,12.7549196,convenience,shop=convenience
node/11227954953,Můj obchod - Potraviny Chodov,50.2416462,12.7417447,convenience,shop=convenience
node/12036341449,Coop,50.2426195,14.656504,convenience,shop=convenience
node/4840542422,Coop Jednota,50.2433666,12.9915817,convenience,shop=convenience
node/12739952162,Potraviny,50.243681,15.6175789,convenience,shop=convenience
way/244761422,Stop Cafe,50.2442972,12.8993598,convenience,shop=convenience
node/12639046466,Stop Cafe,50.2465937,17.2138191,convenience,shop=convenience
way/809062589,Fresh Corner,50.2548466,14.4992775,convenience,shop=convenience
node/658512396,Hruška,50.25575,15.7598513,convenience,shop=convenience
node/4241460589,Hruška,50.257623,17.3943012,convenience,shop=convenience
node/2445411108,Coop,50.2609936,17.3980009,convenience,shop=convenience
node/2357638971,Hruška,50.2638131,17.395893,convenience,shop=convenience
node/12825904201,Muj obchod,50.2646605,17.3960953,convenience,shop=convenience
node/7806684146,Jednota - Coop,50.2666826,13.5372032,convenience,shop=convenience
way/134518144,Můjobchod - Potraviny U Tomáše a Lindy,50.2711336,14.3284133,convenience,shop=convenience
node/4424842802,COOP Jednota,50.2717631,14.9616433,convenience,shop=convenience
node/4354472928,COOP Jednota,50.2740879,17.2560259,convenience,shop=convenience
node/5382284431,COOP Jednota,50.2745468,17.2798195,convenience,shop=convenience
node/2373270677,Coop,50.2749121,12.9959795,convenience,shop=convenience
node/12508757744,Můj obchod - Potraviny LeKarban,50.2810303,15.6902951,convenience,shop=convenience
node/1426336448,Hruška,50.282399,14.5921369,convenience,shop=convenience
node/4460917599,COOP Jednota,50.2829027,17.0980669,convenience,shop=convenience
node/7695998607,COOP Jednota,50.2859081,16.0461645,convenience,shop=convenience
node/7457671028,COOP Jednota,50.2859435,15.0208194,convenience,shop=convenience
node/4459448594,COOP Jednota,50.2894832,17.1005729,convenience,shop=convenience
way/526095537,Stop Cafe,50.2955029,15.7034185,convenience,shop=convenience
node/3158463096,COOP Jednota,50.3002931,17.1383592,convenience,shop=convenience
node/1784874159,COOP Jednota,50.3007269,16.3590895,convenience,shop=convenience
node/3061581182,Hruška,50.3024529,17.3268018,convenience,shop=convenience
node/7786676242,Jednota,50.3031731,15.1694483,convenience,shop=convenience
node/6778251811,Coop Tuty,50.3054589,12.5519573,convenience,shop=convenience
way/52001643,Hruška,50.3080846,15.8588851,convenience,shop=convenience
node/2353047164,COOP Jednota,50.3097775,17.1547074,convenience,shop=convenience
way/216253604,Stop Cafe,50.3137362,13.5327108,convenience,shop=convenience
node/4311870142,COOP Jednota,50.3163226,17.2660141,convenience,shop=convenience
way/547204937,Stop Cafe,50.316599,12.7519517,convenience,shop=convenience
way/1086143984,Stop Cafe,50.3166394,12.9453129,convenience,shop=convenience
node/2993746281,COOP Jednota,50.3190049,17.0950444,convenience,shop=convenience
way/451749601,Stop Cafe,50.3195814,12.5191183,convenience,shop=convenience
node/2709162351,COOP Jednota,50.3265138,17.1983828,convenience,shop=convenience
node/11056765574,COOP Jednota,50.3289459,15.6304127,convenience,shop=convenience
way/383994714,Stop Cafe,50.3330988,13.5387639,convenience,shop=convenience
node/446780037,Shell,50.3479978,14.4922053,convenience,shop=convenience
way/115540238,Stop Cafe,50.3503088,13.8160541,convenience,shop=convenience
node/10142831998,COOP Jednota,50.3556563,13.8162255,convenience,shop=convenience
way/115539980,Stop Cafe,50.3601324,13.8248157,convenience,shop=convenience
node/662830984,Coop,50.3648373,17.0276811,convenience,shop=convenience
node/4831612088,U Karla,50.3684641,12.81761,convenience,shop=convenience
node/8455097996,COOP Jednota,50.3687711,15.6423372,convenience,shop=convenience
node/9318415097,COOP Jednota,50.3719067,15.5460926,convenience,shop=convenience
way/1484099027,Coop,50.3769917,13.7646249,convenience,shop=convenience
node/13115171221,Stop Cafe,50.383919,13.2736307,convenience,shop=convenience
node/13115156406,Stop Cafe,50.3864652,13.1644381,convenience,shop=convenience
node/13115156899,Stop Cafe,50.388884,13.1950714,convenience,shop=convenience
node/662835077,COOP Jednota,50.3899576,17.07845,convenience,shop=convenience
node/3380201944,COOP Jednota,50.3908519,17.0000145,convenience,shop=convenience
node/3468348950,Potraviny BS,50.3916326,17.0031594,convenience,shop=convenience
node/13545172588,Partner,50.3939383,13.1842387,convenience,shop=convenience
node/459184339,Coop Tuty,50.4045847,15.6818281,convenience,shop=convenience
node/349332973,"Orlen - Mladá Boleslav, směr Liberec",50.4054331,14.9322616,convenience,shop=convenience
node/349332970,"Orlen - Mladá Boleslav, směr Praha",50.4056668,14.9314984,convenience,shop=convenience
way/77497717,Shell Mladá Boleslav,50.4106569,14.9306452,convenience,shop=convenience
node/13002548391,Viva,50.4108872,14.9353011,convenience,shop=convenience
way/61493518,Coop Tip,50.4287989,15.5795126,convenience,shop=convenience
node/2995450519,Coop Tuty,50.4297565,15.582996,convenience,shop=convenience
way/52375267,Coop Tip,50.431237,14.906047,convenience,shop=convenience
way/180610308,Stop Cafe,50.4325854,14.9258336,convenience,shop=convenience
way/77495789,OMV Havlíčkova MB,50.4342002,14.9178602,convenience,shop=convenience
way/51707401,COOP Jednota,50.4394653,15.3612242,convenience,shop=convenience
node/8121708336,COOP Jednota,50.4425725,15.3444448,convenience,shop=convenience
node/2393799645,COOP Jednota,50.444955,15.7403438,convenience,shop=convenience
node/13114961667,Stop Cafe,50.4520881,13.4258617,convenience,shop=convenience
node/13114918452,Stop Cafe,50.4581327,13.388318,convenience,shop=convenience
node/13114914459,Stop Cafe,50.4600682,13.4033759,convenience,shop=convenience
way/95970120,Coop Tip,50.4755285,14.9404695,convenience,shop=convenience
node/656360122,Coop Konzum,50.4760802,16.0887404,convenience,shop=convenience
node/8456746487,Coop Konzum,50.4769516,16.1786816,convenience,shop=convenience
node/3696115421,Coop,50.4794661,14.9392492,convenience,shop=convenience
node/2995401990,Coop,50.4804055,15.6083087,convenience,shop=convenience
way/160077960,Viva,50.480668,14.0841645,convenience,shop=convenience
way/167353758,Stop Cafe,50.4809697,14.0815018,convenience,shop=convenience
node/3692635904,Coop Tuty,50.4809951,14.9360882,convenience,shop=convenience
node/13114862195,Stop Cafe,50.4825982,15.5046593,convenience,shop=convenience
node/13114862194,Stop Cafe,50.4833092,15.505912,convenience,shop=convenience
node/13114944683,Stop Cafe,50.4846766,13.6326017,convenience,shop=convenience
node/1768725849,Coop Tip,50.4866731,15.5130793,convenience,shop=convenience
node/13114938416,Stop Cafe,50.4988092,13.4445227,convenience,shop=convenience
node/13115003001,Stop Cafe,50.5034827,13.6741111,convenience,shop=convenience
node/13114989791,Stop Cafe,50.5042625,13.6735247,convenience,shop=convenience
node/7917332072,Billa stop & shop,50.5164026,13.6397481,convenience,shop=convenience
node/13112198281,KM - Prona,50.5169805,14.9863811,convenience,shop=convenience
node/13114910532,Stop Cafe,50.5236494,13.237127,convenience,shop=convenience
node/13115000339,Stop Cafe,50.5243796,13.6305581,convenience,shop=convenience
node/1763862803,Hruška,50.536378,15.2587085,convenience,shop=convenience
node/13573821676,Fresh Corner,50.5454958,13.771661,convenience,shop=convenience
node/5076883579,Jednota,50.5466563,15.3044097,convenience,shop=convenience
node/13115043803,Stop Cafe,50.5630108,13.7784753,convenience,shop=convenience
node/13115043806,Stop Cafe,50.5641068,13.7782136,convenience,shop=convenience
node/4835368557,COOP Jednota,50.5703982,13.5517698,convenience,shop=convenience
node/811986786,Tesco Expres,50.5878643,15.1575852,convenience,shop=convenience
node/427695284,Coop,50.5924719,13.571038,convenience,shop=convenience
node/13115008776,Stop Cafe,50.5948561,13.6058245,convenience,shop=convenience
node/13115034403,Stop Cafe,50.6006185,13.6223985,convenience,shop=convenience
node/5899024615,COOP Jednota,50.6061198,15.5088936,convenience,shop=convenience
node/13504380621,Fresh Corner,50.6224717,15.6472677,convenience,shop=convenience
node/13115018532,Stop Cafe,50.6303498,13.843365,convenience,shop=convenience
node/2175853827,COOP Jednota,50.6355981,15.710613,convenience,shop=convenience
node/13115058194,Stop Cafe,50.6482262,13.8149996,convenience,shop=convenience
node/13115056116,Stop Cafe,50.6546699,13.8069065,convenience,shop=convenience
node/4051736507,Skalka,50.6663005,15.5476327,convenience,shop=convenience
node/296644665,NORMA,50.6670751,14.0397064,convenience,shop=convenience
node/13115099420,Stop Cafe,50.6702184,13.794217,convenience,shop=convenience
node/989410788,The Corner Shop,50.6888201,14.5521413,convenience,shop=convenience
way/59482060,Můj obchod,50.6907103,14.5479692,convenience,shop=convenience
way/59480915,Můj obchod,50.693429,14.5450674,convenience,shop=convenience
node/12794416097,Stop Cafe,50.6988527,14.5415053,convenience,shop=convenience
way/59476547,Stop Cafe,50.7009906,14.542968,convenience,shop=convenience
way/126996883,Stop Cafe,50.7090612,15.3155777,convenience,shop=convenience
way/772387993,Stop Cafe,50.724235,15.5967714,convenience,shop=convenience
node/8266246136,CBA,50.7275818,15.1825118,convenience,shop=convenience
node/7175529385,Hruška,50.728785,15.4452217,convenience,shop=convenience
node/13056118266,DPD,50.7415498,14.310552,convenience,shop=convenience
node/5802240343,Žabka,50.7506549,15.0689627,convenience,shop=convenience
way/102612832,Stop Cafe,50.7563358,15.0520443,convenience,shop=convenience
node/2302878310,Můjobchod Potraviny Domov,50.7607846,15.0423731,convenience,shop=convenience
way/197645985,Stop Cafe,50.7736863,15.0462851,convenience,shop=convenience
way/331186532,Stop Cafe,50.7751503,14.7707778,convenience,shop=convenience
way/55137133,Stop Cafe,50.7751799,14.2134691,convenience,shop=convenience
node/664125330,Coop,50.7794496,15.4165682,convenience,shop=convenience
way/248925689,COOP Jednota,50.7893072,14.8180152,convenience,shop=convenience
node/12639333998,Stop Cafe,50.7975464,14.404432,convenience,shop=convenience
way/104044759,Stop Cafe,50.8014658,14.4326844,convenience,shop=convenience
way/165516371,Stop Cafe,50.9043851,14.5119124,convenience,shop=convenience
node/12639247512,Stop Cafe,50.913783,14.5664508,convenience,shop=convenience
way/77991251,Stop Cafe,50.9158298,15.0614807,convenience,shop=convenience
node/12639209445,Stop Cafe,50.9681473,14.5636025,convenience,shop=convenience
node/12639170487,Stop Cafe,51.0026542,14.4643338,convenience,shop=convenience
node/9207015718,COOP Jednota,48.6038176,14.4059279,supermarket,shop=supermarket
node/4778861288,COOP Jednota,48.6189095,14.3099028,supermarket,shop=supermarket
node/4778861290,Coop Tip,48.6212735,14.2573256,supermarket,shop=supermarket
way/123562589,Coop,48.6434738,14.2202635,supermarket,shop=supermarket
node/897114636,Coop Tip,48.6620446,14.1658376,supermarket,shop=supermarket
node/444629751,COOP Jednota,48.701235,14.3881082,supermarket,shop=supermarket
way/404126325,Coop,48.7289453,16.9644831,supermarket,shop=supermarket
node/2461031374,Albert,48.7348686,14.4838408,supermarket,shop=supermarket
node/11050446198,Lidl,48.7406047,14.4866953,supermarket,shop=supermarket
node/2461031380,Penny,48.7408836,14.4850385,supermarket,shop=supermarket
node/13459802292,Coop,48.742763,16.7584173,supermarket,shop=supermarket
way/30804988,Albert,48.7440239,16.8697634,supermarket,shop=supermarket
node/13107939169,Coop Tip,48.7446292,14.4904371,supermarket,shop=supermarket
node/1779559431,Coop,48.752224,16.8579691,supermarket,shop=supermarket
node/9171778090,Albert,48.7561468,16.889849,supermarket,shop=supermarket
way/444365098,Penny,48.7575786,16.8765724,supermarket,shop=supermarket
way/351925150,Lidl,48.7575893,16.8789077,supermarket,shop=supermarket
way/351925230,Billa,48.7586755,16.8782706,supermarket,shop=supermarket
way/1153735484,Penny Market,48.7594356,16.8565433,supermarket,shop=supermarket
node/4393118054,Coop Tip,48.7659667,14.0319688,supermarket,shop=supermarket
node/4807762230,Coop,48.7751893,14.288916,supermarket,shop=supermarket
way/95839603,Tesco,48.780242,16.9014856,supermarket,shop=supermarket
node/13131081591,Coop Tuty,48.7889393,14.5545689,supermarket,shop=supermarket
node/720462223,Coop,48.7904036,14.7787467,supermarket,shop=supermarket
node/2292916952,Coop,48.7998294,16.8033918,supermarket,shop=supermarket
way/300068841,Billa,48.8003779,16.6316127,supermarket,shop=supermarket
node/10156664951,PENNY Plešivec,48.803315,14.3136732,supermarket,shop=supermarket
way/311433300,Tesco,48.8038576,16.6274438,supermarket,shop=supermarket
node/4379249695,Coop,48.8043736,14.3118831,supermarket,shop=supermarket
way/301123080,Coop,48.8053184,16.6272583,supermarket,shop=supermarket
way/301123078,Lidl,48.8057596,16.627858,supermarket,shop=supermarket
node/3741024131,COOP Jednota,48.807349,16.494286,supermarket,shop=supermarket
way/105740221,Coop,48.8119927,17.0037013,supermarket,shop=supermarket
node/7781506640,Hruška,48.8153086,17.0509207,supermarket,shop=supermarket
node/4393118055,Coop Tip,48.8218078,14.318182,supermarket,shop=supermarket
way/71389238,Tesco,48.8237322,14.3346919,supermarket,shop=supermarket
way/71389176,Penny,48.8240896,14.3340867,supermarket,shop=supermarket
way/460556086,Kaufland,48.8250934,14.3316575,supermarket,shop=supermarket
node/4866751784,Coop,48.8251977,14.5264953,supermarket,shop=supermarket
way/159036526,Lidl,48.8252927,14.3330167,supermarket,shop=supermarket
node/849464532,Coop Terno,48.826611,14.3333817,supermarket,shop=supermarket
node/890685075,Coop,48.8268154,16.8469552,supermarket,shop=supermarket
node/6169284236,Penny,48.8335994,14.457348,supermarket,shop=supermarket
node/1217866454,Coop,48.8340368,16.852118,supermarket,shop=supermarket
node/456781439,Kaufland,48.8374165,16.0642388,supermarket,shop=supermarket
way/172385860,Coop,48.8410812,17.0705646,supermarket,shop=supermarket
way/204367787,Lidl,48.8436956,14.6286601,supermarket,shop=supermarket
way/655687663,Lidl,48.8451238,16.0600565,supermarket,shop=supermarket
way/66288542,Albert,48.8461219,16.0659982,supermarket,shop=supermarket
node/6180879691,Albert,48.8496288,17.1290249,supermarket,shop=supermarket
node/13429930899,Coop,48.8517692,16.8887203,supermarket,shop=supermarket
way/178326698,Albert,48.8520919,17.1157841,supermarket,shop=supermarket
node/1403788723,Lidl,48.8522578,17.1206206,supermarket,shop=supermarket
node/5516163721,Coop,48.852626,17.1304748,supermarket,shop=supermarket
node/1403788740,Penny,48.8526276,17.1202584,supermarket,shop=supermarket
node/1695267013,Kaufland,48.8531106,17.1182264,supermarket,shop=supermarket
node/7482914947,Billa,48.8540657,16.0688949,supermarket,shop=supermarket
way/58509472,Kaufland,48.8568779,17.1382572,supermarket,shop=supermarket
node/2268065553,Coop,48.8597959,17.1171996,supermarket,shop=supermarket
way/50318160,Kaufland,48.8603452,16.0554453,supermarket,shop=supermarket
node/9063752916,Coop Jednota,48.8624053,15.9109577,supermarket,shop=supermarket
node/2778587912,Billa,48.8658682,16.038089,supermarket,shop=supermarket
way/82894470,Lidl,48.8666025,16.0433988,supermarket,shop=supermarket
node/7884872525,Hruška,48.8692845,16.0351467,supermarket,shop=supermarket
node/385742897,Penny Market,48.8711842,16.039347,supermarket,shop=supermarket
node/12677116472,Hruška,48.8776929,16.0393468,supermarket,shop=supermarket
node/5063648008,Coop,48.8777312,17.1805773,supermarket,shop=supermarket
node/9902787248,Coop,48.8883107,16.6447523,supermarket,shop=supermarket
node/9834072317,PENNY,48.8926599,14.880267,supermarket,shop=supermarket
node/1867201117,Penny Market,48.898853,17.3210707,supermarket,shop=supermarket
node/8151641911,Hruška,48.9005118,17.0260671,supermarket,shop=supermarket
way/96708734,Coop,48.9021614,16.8174424,supermarket,shop=supermarket
way/384008745,PENNY,48.9037051,14.6387893,supermarket,shop=supermarket
node/4780387205,Coop Tip,48.9107944,13.8917599,supermarket,shop=supermarket
way/74599624,COOP Jednota,48.9223265,16.0255289,supermarket,shop=supermarket
node/13649626514,Billa,48.9299129,14.4813632,supermarket,shop=supermarket
node/13529246475,Coop,48.9386653,16.7352266,supermarket,shop=supermarket
node/12908082498,Billa,48.9402387,16.3256122,supermarket,shop=supermarket
node/12908108784,Penny,48.9434458,16.3204752,supermarket,shop=supermarket
node/8069268239,Hruška,48.9436952,16.7253523,supermarket,shop=supermarket
way/255285049,Lidl,48.9454944,16.7315873,supermarket,shop=supermarket
way/44803302,Penny Market,48.9469057,17.3747132,supermarket,shop=supermarket
way/542806887,Billa,48.9496268,14.4676916,supermarket,shop=supermarket
node/13392681857,Coop,48.9503568,17.3930818,supermarket,shop=supermarket
way/262168887,Kaufland,48.9508751,17.3847583,supermarket,shop=supermarket
node/13342407216,Kaufland,48.9513361,16.7241655,supermarket,shop=supermarket
node/474553399,Billa,48.9524062,17.3862222,supermarket,shop=supermarket
node/723055599,PENNY,48.9546504,14.4974322,supermarket,shop=supermarket
way/28900783,Lidl,48.9552016,17.385527,supermarket,shop=supermarket
way/1180431302,Lidl,48.9601335,14.5153174,supermarket,shop=supermarket
way/70855499,Norma,48.9623333,14.4563031,supermarket,shop=supermarket
node/2410887021,Lidl,48.9677153,14.471481,supermarket,shop=supermarket
node/9423770014,Billa,48.9678949,14.4724501,supermarket,shop=supermarket
node/296720196,Albert,48.9709296,14.5037057,supermarket,shop=supermarket
node/2475373736,Albert,48.9727603,14.4872573,supermarket,shop=supermarket
node/3899749115,Norma,48.9736535,14.4739025,supermarket,shop=supermarket
way/1173347337,Kaufland,48.9737443,14.462686,supermarket,shop=supermarket
node/2784498084,Coop,48.9738454,17.2171474,supermarket,shop=supermarket
node/2475405714,Billa,48.9739281,14.481801,supermarket,shop=supermarket
way/98902389,Coop,48.9739297,17.2653632,supermarket,shop=supermarket
node/9405898186,Albert,48.9742153,14.4804246,supermarket,shop=supermarket
way/98902786,Penny,48.9742824,17.2605867,supermarket,shop=supermarket
node/6497582636,Tesco,48.976285,14.4739066,supermarket,shop=supermarket
way/1206710464,Lidl,48.9773979,16.5032741,supermarket,shop=supermarket
way/1075344153,Lidl,48.9779773,14.4932395,supermarket,shop=supermarket
node/7394458030,Billa,48.9785471,14.4722137,supermarket,shop=supermarket
node/4678520278,PENNY,48.9793649,14.4963268,supermarket,shop=supermarket
node/443099826,COOP Jednota,48.9795046,17.2197353,supermarket,shop=supermarket
way/309384867,Tesco,48.9801219,16.5187685,supermarket,shop=supermarket
node/496878181,Billa,48.9803245,14.4407911,supermarket,shop=supermarket
node/1222099174,Billa,48.9818885,14.4463412,supermarket,shop=supermarket
way/1347088731,Billa,48.9819808,17.203614,supermarket,shop=supermarket
node/496878177,Albert,48.9823014,14.4422383,supermarket,shop=supermarket
node/3711590540,Billa,48.9826729,14.4809191,supermarket,shop=supermarket
node/10986652827,Tesco,48.9826792,17.4017403,supermarket,shop=supermarket
node/4784299602,Norma,48.9835254,14.4346269,supermarket,shop=supermarket
node/496878173,PENNY,48.983816,14.4394696,supermarket,shop=supermarket
node/3090283931,Albert,48.9842406,14.4733579,supermarket,shop=supermarket
node/9798645747,Coop Jednota,48.9849702,17.388299,supermarket,shop=supermarket
way/52483912,Tesco,48.9862825,14.4587329,supermarket,shop=supermarket
node/1203462404,Coop,48.9877058,17.5274919,supermarket,shop=supermarket
node/12273431862,Billa,48.9882259,14.5221201,supermarket,shop=supermarket
way/1046232051,Kaufland,48.9898562,14.4494105,supermarket,shop=supermarket
node/3868598994,PENNY,48.9919384,14.4679666,supermarket,shop=supermarket
node/4434463390,Albert,48.9936086,14.4685822,supermarket,shop=supermarket
way/1288007464,Penny,48.9937391,16.894091,supermarket,shop=supermarket
node/4434498789,Coop Terno,48.994249,14.4699707,supermarket,shop=supermarket
node/8292456754,Lidl,48.9965287,14.4893806,supermarket,shop=supermarket
node/3868593924,Lidl,48.9972585,14.4542451,supermarket,shop=supermarket
node/4294519602,Coop,48.9986226,15.3538595,supermarket,shop=supermarket
way/50590028,Globus,49.0012622,14.4510691,supermarket,shop=supermarket
way/1443035814,Kaufland,49.004773,17.10844,supermarket,shop=supermarket
way/45821136,Lidl,49.0070593,17.1240037,supermarket,shop=supermarket
way/178126836,Penny,49.0074985,17.1338259,supermarket,shop=supermarket
node/8222779947,Coop,49.0076067,17.1248691,supermarket,shop=supermarket
node/454609324,PENNY,49.0084503,14.7560585,supermarket,shop=supermarket
way/37376980,Kaufland,49.0090479,14.0002516,supermarket,shop=supermarket
node/467124871,Lidl,49.0101799,14.0008408,supermarket,shop=supermarket
node/3768640294,Kaufland,49.0104094,14.7591646,supermarket,shop=supermarket
node/12460522238,Billa,49.011442,14.5922956,supermarket,shop=supermarket
way/115643544,PENNY,49.0121472,14.7555545,supermarket,shop=supermarket
node/802738818,Penny Market,49.0137503,14.0038301,supermarket,shop=supermarket
node/8306866849,Norma,49.0147078,14.4948292,supermarket,shop=supermarket
way/52046626,COOP Jednota,49.0168503,17.7526791,supermarket,shop=supermarket
node/1414194895,COOP Jednota,49.0196216,15.1021493,supermarket,shop=supermarket
node/687864597,Penny,49.0197634,15.5735883,supermarket,shop=supermarket
node/2180030563,Lidl,49.0208673,17.6454244,supermarket,shop=supermarket
node/997984499,Kaufland,49.021535,17.6417343,supermarket,shop=supermarket
node/3435380604,CBA,49.0220093,15.6643867,supermarket,shop=supermarket
way/37300006,Tesco,49.0226171,17.6558295,supermarket,shop=supermarket
node/4009566904,Albert,49.0249714,17.6513008,supermarket,shop=supermarket
node/1695161523,Penny Market,49.0254308,17.6597874,supermarket,shop=supermarket
node/4687215890,Hruška,49.0259138,17.1816184,supermarket,shop=supermarket
way/222534356,COOP Jednota,49.0327731,17.3823721,supermarket,shop=supermarket
way/282654544,COOP Jednota,49.033868,17.3409203,supermarket,shop=supermarket
way/51910789,Penny Market,49.0346334,16.6151883,supermarket,shop=supermarket
node/2595908049,Billa,49.0379991,17.8156087,supermarket,shop=supermarket
way/220948368,Penny,49.0382257,16.3083604,supermarket,shop=supermarket
way/220950155,Albert,49.0405024,16.3079347,supermarket,shop=supermarket
way/1376765431,Lidl,49.0438434,16.6161873,supermarket,shop=supermarket
node/9734582273,Albert,49.0454079,15.8014639,supermarket,shop=supermarket
way/211163970,COOP Jednota,49.0479883,17.5992347,supermarket,shop=supermarket
node/6283453157,Coop,49.0488682,16.3113386,supermarket,shop=supermarket
way/91924135,PENNY,49.0491796,15.8140317,supermarket,shop=supermarket
way/54624762,Billa,49.049653,15.8127286,supermarket,shop=supermarket
way/175553329,PENNY,49.0511769,14.4307414,supermarket,shop=supermarket
way/59192044,Albert,49.0511918,17.4648998,supermarket,shop=supermarket
node/9232361481,Penny,49.053201,14.1892209,supermarket,shop=supermarket
node/3702253318,Trefa,49.0557648,14.4289269,supermarket,shop=supermarket
node/1389635909,Penny Market,49.0558301,17.4670834,supermarket,shop=supermarket
way/124241179,Penny Market,49.0562752,13.7866528,supermarket,shop=supermarket
node/3971770050,Coop,49.0563788,16.6445396,supermarket,shop=supermarket
way/124239397,Lidl,49.0571142,13.7876028,supermarket,shop=supermarket
node/13520014252,Lidl,49.0580211,17.4649879,supermarket,shop=supermarket
way/124239802,Tesco,49.0585269,13.7781067,supermarket,shop=supermarket
node/6897637121,COOP Jednota,49.0589063,13.783526,supermarket,shop=supermarket
way/124239369,Coop Tuty,49.0607799,13.77536,supermarket,shop=supermarket
way/36967794,Tesco,49.0615265,17.4684586,supermarket,shop=supermarket
node/5961394761,Hruška,49.0617981,17.4644343,supermarket,shop=supermarket
node/668732314,COOP Jednota,49.0636209,14.3660491,supermarket,shop=supermarket
node/5982853123,Hruška,49.0661857,17.4493767,supermarket,shop=supermarket
node/3580950880,Albert,49.0663366,17.4490227,supermarket,shop=supermarket
way/40621702,Billa,49.0700569,17.4639072,supermarket,shop=supermarket
node/1397141642,Supermarket Albert,49.070128,17.4630241,supermarket,shop=supermarket
way/684619303,Kaufland,49.071163,17.4740794,supermarket,shop=supermarket
way/40949411,Albert,49.0771795,17.4530676,supermarket,shop=supermarket
way/40950718,Lidl,49.07727,17.4561582,supermarket,shop=supermarket
node/6224845025,Norma,49.0784897,15.4372045,supermarket,shop=supermarket
way/122272911,PENNY,49.0789785,15.4409124,supermarket,shop=supermarket
way/271389091,Tesco,49.0794772,17.8871953,supermarket,shop=supermarket
node/12399553657,Billa,49.0808366,16.6038414,supermarket,shop=supermarket
node/7606851426,Billa,49.0812265,15.418532,supermarket,shop=supermarket
way/122272838,Lidl,49.0826547,15.43829,supermarket,shop=supermarket
way/122264587,COOP Jednota,49.0836781,15.4262197,supermarket,shop=supermarket
node/2087894930,Albert,49.0836962,17.8834362,supermarket,shop=supermarket
way/84272976,COOP Jednota,49.0843879,13.6968019,supermarket,shop=supermarket
way/460497278,PENNY,49.0847719,18.0228583,supermarket,shop=supermarket
way/83480436,Potraviny,49.0857465,17.4946954,supermarket,shop=supermarket
way/101220692,Coop,49.0865835,17.3383257,supermarket,shop=supermarket
node/3733310212,Tesco,49.0893866,16.6033253,supermarket,shop=supermarket
way/37006945,Penny Market,49.0929968,17.741041,supermarket,shop=supermarket
node/1264683703,Albert,49.0993526,17.7556148,supermarket,shop=supermarket
way/57826273,PENNY,49.0996661,16.3761098,supermarket,shop=supermarket
node/3958810768,COOP Jednota,49.1014626,13.6676174,supermarket,shop=supermarket
way/277017221,Tesco,49.102984,16.3649927,supermarket,shop=supermarket
way/546511924,Penny,49.1075998,16.7436408,supermarket,shop=supermarket
way/171466301,COOP Jednota,49.1213326,17.5429045,supermarket,shop=supermarket
node/277282319,Coop,49.1217095,15.1900468,supermarket,shop=supermarket
way/180723562,Coop,49.1255845,13.881093,supermarket,shop=supermarket
way/1351198043,Albert,49.1295233,15.0062846,supermarket,shop=supermarket
node/623327471,PENNY,49.1302834,15.0015524,supermarket,shop=supermarket
node/12290439071,Albert,49.1360942,16.6328314,supermarket,shop=supermarket
node/570590545,Coop,49.1383192,13.2312597,supermarket,shop=supermarket
node/4553404293,Coop,49.1387516,15.0024982,supermarket,shop=supermarket
node/2066148897,Jednota,49.1398976,17.4978838,supermarket,shop=supermarket
way/918055105,Lidl,49.1401953,18.0106152,supermarket,shop=supermarket
node/2397659943,COOP Jednota,49.1404533,15.0173809,supermarket,shop=supermarket
node/11675989830,Billa,49.1410398,15.0253516,supermarket,shop=supermarket
node/3445526932,COOP Jednota,49.1435584,15.0020286,supermarket,shop=supermarket
node/609056342,Albert,49.1437076,14.1736489,supermarket,shop=supermarket
way/48002579,Kaufland,49.1437618,15.021288,supermarket,shop=supermarket
way/48002578,Albert Hypermarket,49.1439709,15.0222244,supermarket,shop=supermarket
node/3445526947,COOP Jednota,49.1463867,15.0040832,supermarket,shop=supermarket
way/51150047,PENNY,49.1468962,18.0219033,supermarket,shop=supermarket
way/1110390506,Lidl,49.1471445,16.876017,supermarket,shop=supermarket
node/2306804035,Penny Market,49.1474471,17.0025711,supermarket,shop=supermarket
node/7099693492,Lidl,49.1477434,17.002759,supermarket,shop=supermarket
node/609056339,Tesco,49.1482841,14.181066,supermarket,shop=supermarket
node/441399155,PENNY,49.1484381,14.1824022,supermarket,shop=supermarket
node/12473279396,Coop Tip,49.1495699,17.0070379,supermarket,shop=supermarket
way/48430437,Lidl,49.1511143,15.0106144,supermarket,shop=supermarket
node/2200655645,Penny,49.1511228,16.8663522,supermarket,shop=supermarket
node/8000316362,Billa,49.1521995,16.8640803,supermarket,shop=supermarket
way/372593887,Hruška,49.1542673,17.8036179,supermarket,shop=supermarket
node/5720891271,Tesco,49.1560096,16.597508,supermarket,shop=supermarket
node/2642544100,Tesco,49.1579243,16.6265657,supermarket,shop=supermarket
way/87156150,Jednota COOP,49.1595106,15.2016425,supermarket,shop=supermarket
node/7847165714,Lidl,49.1598181,16.6415654,supermarket,shop=supermarket
way/1093310829,JIP Svět potravin,49.1656087,16.6013925,supermarket,shop=supermarket
node/877760196,Albert,49.1657373,16.7265502,supermarket,shop=supermarket
node/443603393,Albert,49.1678986,16.5656927,supermarket,shop=supermarket
node/5622929417,Billa,49.1686632,16.5721961,supermarket,shop=supermarket
node/443603390,Albert,49.1687706,16.5551921,supermarket,shop=supermarket
node/443603394,Albert,49.1699026,16.5818759,supermarket,shop=supermarket
way/521469975,Lidl,49.1710846,16.5698768,supermarket,shop=supermarket
way/27830570,Lidl,49.1716174,16.6255676,supermarket,shop=supermarket
way/114733820,COOP Jednota,49.1728684,17.472012,supermarket,shop=supermarket
way/42751479,Coop,49.1729659,17.5121273,supermarket,shop=supermarket
way/39213645,Kaufland,49.1740161,16.5820365,supermarket,shop=supermarket
node/443603344,Albert,49.1758564,16.5593327,supermarket,shop=supermarket
node/12651972966,Albert,49.1763942,16.5974182,supermarket,shop=supermarket
way/42468923,Lidl,49.1775795,17.5172233,supermarket,shop=supermarket
way/1354438191,Tesco,49.1776582,16.5659924,supermarket,shop=supermarket
node/3771682637,Albert,49.1785848,16.6846813,supermarket,shop=supermarket
node/12345709602,Lidl,49.1789577,16.5961187,supermarket,shop=supermarket
node/10059192902,Albert,49.1803023,16.6206788,supermarket,shop=supermarket
way/142388479,Tesco,49.1803599,14.6921028,supermarket,shop=supermarket
way/103906679,COOP Jednota,49.1812287,18.0608554,supermarket,shop=supermarket
node/1252728634,Albert,49.181775,16.3901636,supermarket,shop=supermarket
way/331305797,Kaufland,49.1818132,16.6670897,supermarket,shop=supermarket
way/220244150,Penny market,49.1822367,16.6764128,supermarket,shop=supermarket
way/33288559,Lidl,49.1825272,16.6692101,supermarket,shop=supermarket
way/39780419,Lidl,49.1837085,16.4032488,supermarket,shop=supermarket
node/5351720271,PENNY,49.1844908,16.4017474,supermarket,shop=supermarket
way/142389294,Coop,49.1852472,14.6978889,supermarket,shop=supermarket
node/7260137382,Billa,49.1854954,16.6029302,supermarket,shop=supermarket
node/3701771831,Tesco,49.1857192,15.46577,supermarket,shop=supermarket
node/462156236,Albert,49.1860312,15.286896,supermarket,shop=supermarket
way/329177972,Lidl,49.1867752,16.620887,supermarket,shop=supermarket
node/3563478093,PENNY,49.1867977,14.7068253,supermarket,shop=supermarket
way/90937526,Albert,49.1873655,16.6427223,supermarket,shop=supermarket
node/1734974532,Albert,49.1888479,16.6146162,supermarket,shop=supermarket
node/422103185,Albert,49.1895871,16.5935539,supermarket,shop=supermarket
way/202288744,Tesco,49.1906409,16.660994,supermarket,shop=supermarket
node/3099390087,Albert,49.1917438,16.6123372,supermarket,shop=supermarket
node/11930867601,Albert,49.1931706,16.6075073,supermarket,shop=supermarket
node/3283801846,Billa,49.1939451,16.6109946,supermarket,shop=supermarket
node/8180463034,Lidl,49.1941274,16.6083126,supermarket,shop=supermarket
node/443603366,Albert,49.1943881,16.5397415,supermarket,shop=supermarket
node/3151584738,Billa,49.1947646,16.6092244,supermarket,shop=supermarket
node/9085930394,Lidl,49.1951924,16.6125697,supermarket,shop=supermarket
way/427970817,Lidl,49.1955647,16.5326415,supermarket,shop=supermarket
node/5525053117,Norma,49.1961097,14.2126235,supermarket,shop=supermarket
node/443603367,Albert,49.1969495,16.5334431,supermarket,shop=supermarket
way/273059772,COOP Jednota,49.1972863,18.099491,supermarket,shop=supermarket
node/8926875072,Mood Food,49.198204,16.6051958,supermarket,shop=supermarket
way/53767719,Lidl,49.1986246,17.5364534,supermarket,shop=supermarket
node/11144286565,Albert,49.1986388,16.6165633,supermarket,shop=supermarket
node/8111373526,Albert,49.1997858,16.6062601,supermarket,shop=supermarket
node/12843694435,Albert,49.2001197,16.6281107,supermarket,shop=supermarket
way/431571246,Kaufland,49.2003066,17.5347688,supermarket,shop=supermarket
way/27527498,Lidl,49.200441,16.6680902,supermarket,shop=supermarket
way/373581135,Penny,49.2006508,16.8764138,supermarket,shop=supermarket
node/7093841046,COOP Jednota,49.2011065,16.0640681,supermarket,shop=supermarket
way/273059922,COOP Jednota,49.2012788,18.110628,supermarket,shop=supermarket
node/2756625728,Kaufland,49.2018683,15.8901971,supermarket,shop=supermarket
node/296680947,Billa,49.201964,16.667798,supermarket,shop=supermarket
way/114196960,Hruška,49.2021445,16.6888444,supermarket,shop=supermarket
node/12208874520,Albert,49.2021889,16.6076702,supermarket,shop=supermarket
node/1612122013,Albert,49.2024299,16.6407087,supermarket,shop=supermarket
node/477079240,Albert,49.2026688,15.8851416,supermarket,shop=supermarket
way/48132322,Kaufland,49.2028966,16.6369384,supermarket,shop=supermarket
node/901314906,Albert,49.2033277,17.5380647,supermarket,shop=supermarket
way/31858718,Lidl,49.2035948,15.8849041,supermarket,shop=supermarket
node/13123842034,Billa,49.2036111,17.5712591,supermarket,shop=supermarket
way/48543779,Penny,49.2051914,16.1575211,supermarket,shop=supermarket
way/62106945,Albert,49.2053186,17.5838283,supermarket,shop=supermarket
node/3961938671,Albert,49.2057151,16.6594496,supermarket,shop=supermarket
node/331762378,Albert,49.2061523,16.6761582,supermarket,shop=supermarket
way/37957707,Billa,49.2061565,16.6642401,supermarket,shop=supermarket
way/78248235,Coop,49.2065147,16.6949544,supermarket,shop=supermarket
node/901378658,Billa,49.2069794,17.5359861,supermarket,shop=supermarket
way/91722952,Coop Tip,49.2072721,16.1517979,supermarket,shop=supermarket
way/50408827,Lidl,49.2075586,16.6011842,supermarket,shop=supermarket
way/40323962,Albert,49.2087102,16.6871859,supermarket,shop=supermarket
node/6897642808,Lidl,49.2095973,16.5915578,supermarket,shop=supermarket
node/673417644,Billa,49.2101202,16.593443,supermarket,shop=supermarket
node/1207586550,Albert,49.2103997,16.6008167,supermarket,shop=supermarket
node/2792268839,Penny Market,49.2104117,15.8576061,supermarket,shop=supermarket
way/225619453,Penny Market,49.210931,16.6628374,supermarket,shop=supermarket
way/37960387,Billa,49.2126373,16.5680604,supermarket,shop=supermarket
way/1184148092,Lidl,49.2137627,17.6152004,supermarket,shop=supermarket
node/363825681,Kaufland,49.2150739,15.895258,supermarket,shop=supermarket
way/50175603,Kaufland,49.2152895,16.6042223,supermarket,shop=supermarket
node/10705070687,Albert,49.215335,15.8775344,supermarket,shop=supermarket
node/2629001195,Billa,49.2153439,16.5817,supermarket,shop=supermarket
node/5317980556,Albert,49.2154982,16.6271754,supermarket,shop=supermarket
way/655066389,Lidl,49.2156218,15.8979489,supermarket,shop=supermarket
way/57781743,Penny,49.2159599,14.4192749,supermarket,shop=supermarket
node/1675806654,Tesco,49.2165779,16.6085147,supermarket,shop=supermarket
way/57686797,Lidl,49.217312,14.419869,supermarket,shop=supermarket
node/6180879690,Penny Market,49.2176326,17.8476438,supermarket,shop=supermarket
way/747341443,Billa,49.218095,17.51595,supermarket,shop=supermarket
node/6180879686,Albert,49.2182895,15.902379,supermarket,shop=supermarket
node/2276014691,Billa,49.2185109,16.5760594,supermarket,shop=supermarket
node/363825721,Albert,49.2186708,15.8926543,supermarket,shop=supermarket
node/1709805079,Albert,49.2188074,16.5103109,supermarket,shop=supermarket
node/3760292285,Albert,49.2195376,16.4976554,supermarket,shop=supermarket
node/13011876497,Albert,49.2209085,17.6416385,supermarket,shop=supermarket
way/255008635,Albert,49.2211506,17.8537313,supermarket,shop=supermarket
way/27169464,Lidl,49.2217281,16.6245149,supermarket,shop=supermarket
node/7039271899,Penny,49.2217701,16.6257236,supermarket,shop=supermarket
way/44679240,Albert,49.2218978,16.5280737,supermarket,shop=supermarket
node/811195508,Billa,49.2224735,17.6622209,supermarket,shop=supermarket
way/31902129,Jednota,49.2229769,15.8847526,supermarket,shop=supermarket
way/31902140,Albert,49.2237006,15.8858683,supermarket,shop=supermarket
node/4063525756,Billa,49.2237582,14.4196172,supermarket,shop=supermarket
way/31856084,Penny Market,49.2237586,15.8954386,supermarket,shop=supermarket
node/6109159725,Billa,49.2237671,16.644331,supermarket,shop=supermarket
way/27167892,Albert,49.2240007,16.6241092,supermarket,shop=supermarket
way/52165713,Lidl,49.2252968,17.6932004,supermarket,shop=supermarket
node/467789018,Albert,49.225639,16.5304176,supermarket,shop=supermarket
way/41999409,PENNY,49.2257262,16.5361599,supermarket,shop=supermarket
node/13371805499,Penny,49.225816,16.6461538,supermarket,shop=supermarket
way/4079183,Billa,49.2258705,15.8771568,supermarket,shop=supermarket
way/52156561,Albert,49.2258859,17.6870526,supermarket,shop=supermarket
node/296450582,Lidl,49.2259831,16.5328792,supermarket,shop=supermarket
node/908497367,Tesco,49.2266771,17.669751,supermarket,shop=supermarket
node/811022321,Billa,49.2266879,17.6679727,supermarket,shop=supermarket
node/11586556771,Penny,49.2271988,17.6660268,supermarket,shop=supermarket
node/432682359,PENNY,49.22765,16.5233417,supermarket,shop=supermarket
way/55729286,Lidl,49.2279206,17.6545791,supermarket,shop=supermarket
node/1596719209,Albert,49.2281412,16.592644,supermarket,shop=supermarket
way/50676115,Billa,49.2291322,16.5858355,supermarket,shop=supermarket
node/1005389788,Kaufland,49.2297903,17.6622229,supermarket,shop=supermarket
node/12717906236,Albert,49.2300626,16.6048815,supermarket,shop=supermarket
node/4398497113,Coop Tip,49.2301892,13.515718,supermarket,shop=supermarket
node/3000480147,Lidl,49.2304973,16.5916627,supermarket,shop=supermarket
node/6955043634,Coop Tuty,49.2308585,13.5193116,supermarket,shop=supermarket
node/4398497110,Albert,49.2322304,13.5208599,supermarket,shop=supermarket
node/1276716131,Albert,49.2331293,17.6594478,supermarket,shop=supermarket
way/294290521,COOP JEDNOTA,49.2331697,17.9558908,supermarket,shop=supermarket
way/451456260,Billa,49.2342199,16.6245447,supermarket,shop=supermarket
way/34334072,Billa,49.2356893,17.6674765,supermarket,shop=supermarket
way/34334073,PENNY,49.2361888,17.6676661,supermarket,shop=supermarket
way/30995348,Kaufland,49.2372973,17.6862859,supermarket,shop=supermarket
way/79406720,PENNY,49.2383848,13.524824,supermarket,shop=supermarket
way/101700624,Albert,49.2385221,13.5210039,supermarket,shop=supermarket
way/52850055,COOP Jednota,49.2402379,18.0199607,supermarket,shop=supermarket
way/59396001,Lidl,49.2403129,13.5216358,supermarket,shop=supermarket
way/71376803,Tesco,49.2411691,13.5221517,supermarket,shop=supermarket
way/175696937,Albert,49.2457455,15.7682807,supermarket,shop=supermarket
node/1194699531,Billa,49.2473457,16.5817439,supermarket,shop=supermarket
way/254489965,Hruška,49.253605,17.4973649,supermarket,shop=supermarket
node/5996144871,Coop Jednota,49.2543373,17.8943126,supermarket,shop=supermarket
node/2299358369,Coop,49.255883,13.9098238,supermarket,shop=supermarket
node/7026436036,COOP Jednota,49.2560566,13.7653729,supermarket,shop=supermarket
way/25996853,Billa,49.2561468,13.9161305,supermarket,shop=supermarket
node/13100947793,Albert,49.2568874,13.9157007,supermarket,shop=supermarket
way/93654297,Billa,49.2580481,13.9058136,supermarket,shop=supermarket
node/2609134959,COOP Tuti,49.25863,15.778534,supermarket,shop=supermarket
way/1018551444,Penny,49.2593232,15.2302011,supermarket,shop=supermarket
node/10992167920,Coop,49.2604309,13.9025874,supermarket,shop=supermarket
way/93731019,Lidl,49.2606224,13.9130019,supermarket,shop=supermarket
way/55667676,Globus,49.2612455,16.579374,supermarket,shop=supermarket
way/255033771,COOP Jednota,49.2613383,18.0781109,supermarket,shop=supermarket
relation/17877280,Globus,49.2621298,16.5789925,supermarket,shop=supermarket
node/10111762346,Kaufland,49.2625559,13.8896493,supermarket,shop=supermarket
node/7234000178,PENNY,49.2634816,13.8924602,supermarket,shop=supermarket
way/33180040,PENNY,49.263549,14.7110968,supermarket,shop=supermarket
node/13620450671,Penny,49.2639832,16.5724563,supermarket,shop=supermarket
way/33180025,Lidl,49.2642075,14.7135084,supermarket,shop=supermarket
way/230792333,Tesco,49.2728321,16.9932331,supermarket,shop=supermarket
way/167957470,Lidl,49.2737886,16.9920332,supermarket,shop=supermarket
way/167957460,Albert,49.2744779,16.9893645,supermarket,shop=supermarket
way/167957461,Kaufland,49.2747731,16.9948463,supermarket,shop=supermarket
way/53549063,Hruška,49.2771242,16.4354632,supermarket,shop=supermarket
node/5166945695,Hruška,49.2787946,16.9832754,supermarket,shop=supermarket
node/2329169068,Albert,49.2817049,16.9861249,supermarket,shop=supermarket
node/8897293142,Hruška,49.2821804,17.0016324,supermarket,shop=supermarket
way/30059677,Tesco,49.2844517,17.3886939,supermarket,shop=supermarket
node/1803581989,Hruška,49.2849615,16.9855858,supermarket,shop=supermarket
node/4489136361,COOP Jednota,49.2854994,17.6843343,supermarket,shop=supermarket
node/1679746834,Penny Market,49.2866575,15.4802427,supermarket,shop=supermarket
way/30102522,Penny Market,49.2885579,17.3863365,supermarket,shop=supermarket
way/186372002,Coop,49.2893485,14.5382686,supermarket,shop=supermarket
node/1150915653,Albert,49.2900207,15.4829665,supermarket,shop=supermarket
way/255825013,Jednota COOP,49.2910213,17.9234471,supermarket,shop=supermarket
way/30139815,Kaufland,49.2919033,17.4053822,supermarket,shop=supermarket
way/30102593,Lidl,49.2924975,17.3905469,supermarket,shop=supermarket
way/30675365,Albert,49.294685,17.4004225,supermarket,shop=supermarket
way/71070076,Lidl,49.2962646,16.5471578,supermarket,shop=supermarket
way/1206708144,Lidl,49.296323,16.2186073,supermarket,shop=supermarket
way/28785042,Tesco,49.2964385,14.1451251,supermarket,shop=supermarket
node/7205450910,Billa,49.2970912,16.5491161,supermarket,shop=supermarket
node/2272073360,Albert,49.2972112,17.4030041,supermarket,shop=supermarket
node/2452971616,PENNY,49.2977821,14.1584349,supermarket,shop=supermarket
way/29977350,Albert,49.2978282,14.1617492,supermarket,shop=supermarket
way/71070002,Penny,49.2979443,16.5462784,supermarket,shop=supermarket
node/7231373276,CBA,49.2980449,16.7737333,supermarket,shop=supermarket
way/263371612,Penny Market,49.2981523,17.0949855,supermarket,shop=supermarket
way/28785041,Kaufland,49.2982696,14.1423328,supermarket,shop=supermarket
way/55662353,Albert,49.2987677,16.5325328,supermarket,shop=supermarket
way/28785040,Lidl,49.2988283,14.1450657,supermarket,shop=supermarket
way/93500845,Coop,49.3005254,14.1486388,supermarket,shop=supermarket
way/225620611,Albert,49.3005457,16.6517845,supermarket,shop=supermarket
node/2542124131,PENNY,49.300621,15.0680213,supermarket,shop=supermarket
way/30196734,Coop,49.3016762,17.3782235,supermarket,shop=supermarket
node/1405970342,Tesco,49.3029058,14.4759122,supermarket,shop=supermarket
node/5180108089,Billa,49.303153,14.1403318,supermarket,shop=supermarket
way/31368715,Penny,49.3070111,17.4043992,supermarket,shop=supermarket
node/6180879693,Kaufland,49.3089592,16.5343675,supermarket,shop=supermarket
way/160145426,COOP JEDNOTA,49.31154,18.0215153,supermarket,shop=supermarket
node/13512107648,Albert,49.313023,17.4728752,supermarket,shop=supermarket
way/93379372,PENNY,49.3155749,14.1348008,supermarket,shop=supermarket
way/378017817,PENNY,49.3222272,13.7026212,supermarket,shop=supermarket
way/142288943,Albert,49.3244708,13.7010186,supermarket,shop=supermarket
node/13074786487,Tesco,49.3260858,17.5543076,supermarket,shop=supermarket
way/35929836,Lidl,49.3276829,18.0011025,supermarket,shop=supermarket
node/278995197,PENNY,49.3284873,17.5675108,supermarket,shop=supermarket
node/2414178106,Billa,49.3284947,17.5865293,supermarket,shop=supermarket
node/2212092982,Albert,49.3284977,17.5737164,supermarket,shop=supermarket
node/1777777869,Lidl,49.3287676,17.5856842,supermarket,shop=supermarket
node/3360215229,Kaufland,49.3320815,18.0061596,supermarket,shop=supermarket
node/3360215228,Albert,49.332459,18.0043901,supermarket,shop=supermarket
way/55934343,COOP,49.3330531,16.7256865,supermarket,shop=supermarket
way/37937352,PENNY,49.3355631,17.9876954,supermarket,shop=supermarket
node/10151729883,Albert,49.335693,17.9944935,supermarket,shop=supermarket
node/3862251814,Albert,49.3383306,17.9912317,supermarket,shop=supermarket
way/56152088,COOP Jednota,49.3384889,17.9814801,supermarket,shop=supermarket
way/34748913,COOP Jednota,49.339259,18.0016355,supermarket,shop=supermarket
node/3733662281,COOP Jednota,49.3403412,17.9888083,supermarket,shop=supermarket
way/1082989107,Lidl,49.3418655,16.4171761,supermarket,shop=supermarket
node/4972483603,Hruška,49.3420309,16.7525558,supermarket,shop=supermarket
node/1538640610,PENNY,49.3448562,16.4216723,supermarket,shop=supermarket
node/12301966506,Lidl,49.3458784,16.041211,supermarket,shop=supermarket
node/4261684900,Albert,49.3475132,16.4193771,supermarket,shop=supermarket
way/356356671,Kaufland,49.348124,16.0238034,supermarket,shop=supermarket
way/47937629,PENNY,49.3483007,16.0205299,supermarket,shop=supermarket
node/6074228223,Tesco,49.3483698,16.421303,supermarket,shop=supermarket
node/2325325384,Hruška,49.3489853,17.3069702,supermarket,shop=supermarket
way/48612884,PENNY,49.3502416,16.0196406,supermarket,shop=supermarket
way/544780310,Penny Market,49.3507077,18.238036,supermarket,shop=supermarket
way/64942243,Albert,49.3532563,16.6498446,supermarket,shop=supermarket
node/3761109531,Billa,49.3554469,16.0055588,supermarket,shop=supermarket
node/946098763,Albert,49.3554923,17.3019772,supermarket,shop=supermarket
way/254004784,Penny,49.3565539,16.6457605,supermarket,shop=supermarket
way/53225560,Norma,49.3613612,14.7001254,supermarket,shop=supermarket
node/5609698061,Albert,49.3618289,16.6432211,supermarket,shop=supermarket
node/3857380152,Coop,49.36233,14.5801735,supermarket,shop=supermarket
way/289688691,HRUŠKA,49.3640858,18.3065905,supermarket,shop=supermarket
node/1911420781,Albert,49.3650863,17.3639831,supermarket,shop=supermarket
node/3812278212,Hruška,49.366495,16.6514634,supermarket,shop=supermarket
node/11013465540,Lidl,49.3698636,16.6401222,supermarket,shop=supermarket
node/404721147,Kaufland,49.3704704,16.6429516,supermarket,shop=supermarket
node/6329597147,COOP Tuty,49.3760252,13.9390782,supermarket,shop=supermarket
node/2870918939,Coop Tip,49.3777805,14.700929,supermarket,shop=supermarket
way/32847683,Coop Tip,49.3796102,14.6927367,supermarket,shop=supermarket
way/171126617,Albert,49.3821225,13.2965513,supermarket,shop=supermarket
node/2414186588,Coop,49.3826782,17.352818,supermarket,shop=supermarket
node/3857417593,COOP Jednota,49.3877828,14.6226038,supermarket,shop=supermarket
way/171229951,Kaufland,49.3880954,13.2947863,supermarket,shop=supermarket
node/339898578,Albert,49.3881857,14.6923503,supermarket,shop=supermarket
way/164973121,Tesco,49.3889117,13.0359389,supermarket,shop=supermarket
way/41525276,Albert,49.3893289,15.5945695,supermarket,shop=supermarket
node/7634275675,Coop Tuty,49.3901406,13.0388658,supermarket,shop=supermarket
node/2060184850,Coop,49.3902286,14.6853411,supermarket,shop=supermarket
node/357537162,Albert,49.3923355,15.5923916,supermarket,shop=supermarket
way/171229964,Tesco,49.3929102,13.2858434,supermarket,shop=supermarket
node/9085968728,Lidl,49.3934968,15.5530154,supermarket,shop=supermarket
way/32842799,Kaufland,49.3935131,14.6878462,supermarket,shop=supermarket
way/171229952,Lidl,49.3949402,13.2865462,supermarket,shop=supermarket
way/171229971,Penny Market,49.3955514,13.2860363,supermarket,shop=supermarket
node/448167023,Albert,49.3956516,15.5908073,supermarket,shop=supermarket
way/409985984,Tesco,49.3962119,15.6096557,supermarket,shop=supermarket
way/32842685,Tesco,49.3970036,14.6846155,supermarket,shop=supermarket
way/32844334,Lidl,49.3970777,14.6875263,supermarket,shop=supermarket
node/2265802871,Albert,49.398454,17.6731343,supermarket,shop=supermarket
way/171229949,Billa,49.3988495,13.287542,supermarket,shop=supermarket
node/2762985412,Hruška,49.3999526,17.6657865,supermarket,shop=supermarket
node/1370916240,Lidl,49.4006608,17.6688797,supermarket,shop=supermarket
way/38544620,Billa,49.4009109,15.5875923,supermarket,shop=supermarket
way/26594503,Lidl,49.4016982,15.6062399,supermarket,shop=supermarket
node/478739948,Albert,49.4021464,15.6016085,supermarket,shop=supermarket
way/26575636,Lidl,49.4026251,15.5758785,supermarket,shop=supermarket
way/26594631,Kaufland,49.4065298,15.5826027,supermarket,shop=supermarket
way/26594513,Albert,49.4078858,15.5799828,supermarket,shop=supermarket
way/32847956,Albert,49.4083138,14.6868584,supermarket,shop=supermarket
way/26575641,PENNY,49.4090133,15.5679681,supermarket,shop=supermarket
node/705005418,COOP Jednota,49.4109942,14.6742357,supermarket,shop=supermarket
way/32841626,PENNY,49.4114737,14.6778249,supermarket,shop=supermarket
node/370041268,Albert,49.4126831,14.6717228,supermarket,shop=supermarket
node/1478197749,Billa,49.4128862,14.6646095,supermarket,shop=supermarket
node/1833462080,Albert,49.4134428,15.5924448,supermarket,shop=supermarket
node/8942029500,COOP Jednota,49.4134606,17.8113636,supermarket,shop=supermarket
way/31454432,Jednota,49.4139145,16.5753428,supermarket,shop=supermarket
way/27683215,Lidl,49.4191551,14.6508042,supermarket,shop=supermarket
node/3587738553,Billa,49.4201551,14.6506929,supermarket,shop=supermarket
way/117130258,PENNY,49.4216408,13.8829903,supermarket,shop=supermarket
way/117128538,Lidl,49.4222307,13.8833255,supermarket,shop=supermarket
way/23273919,Coop Tuty,49.4243217,14.6555635,supermarket,shop=supermarket
way/87380088,PENNY,49.4251598,15.2239806,supermarket,shop=supermarket
node/3481645386,Billa,49.4295629,15.2266841,supermarket,shop=supermarket
node/2870753743,COOP Jednota,49.4354016,15.215015,supermarket,shop=supermarket
node/6180879687,Lidl,49.438001,15.2145416,supermarket,shop=supermarket
node/6180879688,PENNY,49.438057,15.2135333,supermarket,shop=supermarket
node/4331001802,Kaufland,49.4392979,15.2112943,supermarket,shop=supermarket
way/23038245,Penny,49.4393628,12.9367762,supermarket,shop=supermarket
node/4635804225,Albert,49.4399011,12.9273712,supermarket,shop=supermarket
node/10123488581,Albert,49.4408031,14.3605406,supermarket,shop=supermarket
way/77802881,PENNY,49.4420314,14.3601263,supermarket,shop=supermarket
way/34870280,Kaufland,49.4426964,12.9268407,supermarket,shop=supermarket
node/1828413229,Albert,49.4458713,17.4506267,supermarket,shop=supermarket
way/77803099,Billa,49.4464029,14.3663922,supermarket,shop=supermarket
way/23039545,Penny Market,49.4468378,12.9304309,supermarket,shop=supermarket
node/2242001821,PENNY,49.4479889,17.4591876,supermarket,shop=supermarket
node/5290274536,Kaufland,49.4487988,17.4731338,supermarket,shop=supermarket
node/12897285211,Jednota COOP,49.4496687,14.3599238,supermarket,shop=supermarket
node/2299258015,Tesco,49.4499313,17.4433604,supermarket,shop=supermarket
node/11438668932,PENNY,49.4509492,17.4701053,supermarket,shop=supermarket
node/2268407036,Tesco,49.4534053,17.4570126,supermarket,shop=supermarket
node/7126031593,COOP Jednota,49.4543061,17.9785662,supermarket,shop=supermarket
node/2268410102,Albert,49.454392,17.4554245,supermarket,shop=supermarket
node/5743332452,COOP Jednota,49.4556342,18.1936962,supermarket,shop=supermarket
node/1545715129,Albert,49.4573916,18.1418967,supermarket,shop=supermarket
way/1003005588,Kaufland,49.4593027,18.1329518,supermarket,shop=supermarket
way/58556452,Lidl,49.460081,18.1326189,supermarket,shop=supermarket
way/58556218,Billa,49.4601001,18.1305809,supermarket,shop=supermarket
node/2696791991,Billa,49.4602682,17.4481815,supermarket,shop=supermarket
way/57032224,Kaufland,49.4624259,17.117925,supermarket,shop=supermarket
way/89843445,Lidl,49.4625474,17.4402907,supermarket,shop=supermarket
node/7660507631,Albert,49.4628579,17.9694968,supermarket,shop=supermarket
way/196680323,Albert,49.4632594,18.1299857,supermarket,shop=supermarket
node/2956109814,Tesco,49.4640955,18.0917753,supermarket,shop=supermarket
way/89840505,Kaufland,49.4642885,17.4458209,supermarket,shop=supermarket
node/4256111124,Penny Market,49.4645724,18.14033,supermarket,shop=supermarket
node/11381153330,PENNY,49.4649625,17.447414,supermarket,shop=supermarket
node/4257587862,Hruška,49.4654014,18.1269692,supermarket,shop=supermarket
node/2012785346,Hruška,49.4670735,18.1410142,supermarket,shop=supermarket
way/98864876,Lidl,49.4695919,17.0905791,supermarket,shop=supermarket
node/2849826141,PENNY,49.4697259,15.001945,supermarket,shop=supermarket
node/6180879689,Albert,49.4703778,15.0025606,supermarket,shop=supermarket
way/57186282,Lidl,49.4707516,17.1189053,supermarket,shop=supermarket
node/3107551374,Billa,49.4723655,17.1130979,supermarket,shop=supermarket
node/1570765579,Penny,49.4730136,17.0942188,supermarket,shop=supermarket
node/1565842450,Billa,49.4730568,17.0909211,supermarket,shop=supermarket
node/12864927023,Penny,49.4731045,17.0768844,supermarket,shop=supermarket
node/1345731846,Albert,49.4733666,17.0806121,supermarket,shop=supermarket
way/143426951,Albert,49.4738424,17.1272369,supermarket,shop=supermarket
node/8360819604,Billa,49.4746206,17.962273,supermarket,shop=supermarket
node/1970774121,Albert,49.4756436,17.974868,supermarket,shop=supermarket
way/31536541,Kaufland,49.4770625,17.9645486,supermarket,shop=supermarket
way/57960546,Lidl,49.4776813,17.9803127,supermarket,shop=supermarket
way/929560546,Billa,49.4819906,13.5837288,supermarket,shop=supermarket
node/2616220254,Kaufland,49.4829362,17.1229765,supermarket,shop=supermarket
node/1834268490,Norma,49.4830432,13.5815671,supermarket,shop=supermarket
way/94752291,Tesco,49.4838645,17.1285747,supermarket,shop=supermarket
node/9384190876,Lidl,49.4841562,17.1261771,supermarket,shop=supermarket
way/58109688,Tesco,49.4852051,17.9628049,supermarket,shop=supermarket
way/81269203,Coop,49.4894633,16.6512801,supermarket,shop=supermarket
way/69907115,Albert,49.4908195,16.6531695,supermarket,shop=supermarket
way/207571387,Kaufland,49.4912179,16.6407815,supermarket,shop=supermarket
way/81271651,Lidl,49.491708,16.6484012,supermarket,shop=supermarket
node/1764280027,Tesco,49.4923011,16.6482411,supermarket,shop=supermarket
way/93381115,COOP Jednota,49.5084908,16.1240096,supermarket,shop=supermarket
way/141515710,BALA - Potraviny - Večerka,49.5107127,12.8003145,supermarket,shop=supermarket
node/2516199013,Jednota Uherský Ostroh,49.5153288,17.0587847,supermarket,shop=supermarket
way/127904560,COOP Jednota,49.517444,17.9311677,supermarket,shop=supermarket
node/1901765501,Albert,49.5242527,16.259607,supermarket,shop=supermarket
node/1897736049,Albert,49.5260529,16.2605789,supermarket,shop=supermarket
way/1288079849,Billa,49.5265972,17.5768445,supermarket,shop=supermarket
way/106322504,Lidl,49.526882,17.5829289,supermarket,shop=supermarket
node/2466525080,Coop Tip,49.5271037,12.9470657,supermarket,shop=supermarket
way/1329690016,Albert,49.5273196,17.5933115,supermarket,shop=supermarket
node/1126057335,Penny,49.5277731,16.2493538,supermarket,shop=supermarket
way/106338306,Penny,49.5279595,17.5931019,supermarket,shop=supermarket
node/6169741834,Penny,49.5282795,12.937139,supermarket,shop=supermarket
node/3024389034,COOP Jednota,49.5333533,14.808268,supermarket,shop=supermarket
way/37005424,Coop,49.538024,18.3926487,supermarket,shop=supermarket
way/274568712,Lidl,49.5390285,15.3556308,supermarket,shop=supermarket
way/912582245,Kaufland,49.5392308,15.3450666,supermarket,shop=supermarket
node/11253763167,Coop Tip,49.5412847,15.3554917,supermarket,shop=supermarket
way/111737044,Penny,49.5417537,15.3463359,supermarket,shop=supermarket
way/32683920,Hruška,49.5424435,18.2060859,supermarket,shop=supermarket
way/111736402,Billa,49.5426877,15.3537404,supermarket,shop=supermarket
node/13338226645,Coop,49.5445666,16.5816498,supermarket,shop=supermarket
way/111739454,Penny Market Humpolec,49.545802,15.3570778,supermarket,shop=supermarket
way/35406727,Albert,49.545873,18.2108894,supermarket,shop=supermarket
way/37190705,Hruška,49.5462395,18.2185289,supermarket,shop=supermarket
way/113988594,Albert,49.5474099,16.5755271,supermarket,shop=supermarket
way/93186642,COOP Jednota,49.5482846,18.3388907,supermarket,shop=supermarket
way/115317507,Hruška,49.5488089,18.2081553,supermarket,shop=supermarket
way/570907968,Penny,49.5510893,16.5747627,supermarket,shop=supermarket
way/37779536,PENNY,49.5518606,18.2005826,supermarket,shop=supermarket
node/2323447333,Penny Market,49.5529903,17.7361774,supermarket,shop=supermarket
way/52466310,Albert,49.553763,17.7349515,supermarket,shop=supermarket
way/23113740,Kaufland,49.555184,15.9368922,supermarket,shop=supermarket
node/623848317,PENNY,49.5569238,15.9511029,supermarket,shop=supermarket
node/2321955592,Albert,49.5570433,17.749859,supermarket,shop=supermarket
way/1414823815,Billa,49.5574677,17.1402994,supermarket,shop=supermarket
way/23087567,Albert,49.5575186,15.9349877,supermarket,shop=supermarket
way/52464284,Kaufland,49.5577201,17.7409175,supermarket,shop=supermarket
node/2321958224,Hruška,49.557948,17.7342271,supermarket,shop=supermarket
node/316471722,Albert,49.558401,17.3048517,supermarket,shop=supermarket
way/56319122,Lidl,49.5586131,17.7473565,supermarket,shop=supermarket
way/363872821,Penny,49.5588699,13.945047,supermarket,shop=supermarket
way/1451751389,Norma,49.559113,13.0730829,supermarket,shop=supermarket
node/270680351,Albert,49.5602669,15.9445552,supermarket,shop=supermarket
node/4347118994,Penny,49.5609249,15.9305622,supermarket,shop=supermarket
node/315211246,Billa,49.5616352,16.0779165,supermarket,shop=supermarket
node/11389408020,Norma,49.5628187,13.9481976,supermarket,shop=supermarket
node/1304652649,PENNY,49.5633869,16.0766831,supermarket,shop=supermarket
node/11055421667,Coop,49.5635163,15.3787422,supermarket,shop=supermarket
way/28511457,Lidl,49.564975,15.9420329,supermarket,shop=supermarket
node/315211261,Lidl,49.5679506,16.0800282,supermarket,shop=supermarket
way/1388773663,Lidl,49.5710711,17.2996367,supermarket,shop=supermarket
node/10580970276,Lidl,49.5743176,17.2264964,supermarket,shop=supermarket
way/52927995,Coop Terno,49.575094,17.2307146,supermarket,shop=supermarket
node/28840884,Tesco,49.5754282,17.2279435,supermarket,shop=supermarket
node/11114869653,Billa,49.5758022,15.9382056,supermarket,shop=supermarket
node/35898108,Billa,49.575899,17.2477862,supermarket,shop=supermarket
node/898627336,PENNY,49.5768429,17.2567394,supermarket,shop=supermarket
node/1755405688,Albert,49.5769576,18.7652135,supermarket,shop=supermarket
node/898627364,Albert,49.5771143,17.2553949,supermarket,shop=supermarket
node/1761804849,Penny Market,49.5774625,18.7670263,supermarket,shop=supermarket
node/35897981,Albert,49.5783066,17.2426224,supermarket,shop=supermarket
way/51390357,Hruška,49.5791838,18.7671272,supermarket,shop=supermarket
way/1149256906,Penny Market,49.5812015,15.7407712,supermarket,shop=supermarket
way/41204380,Penny,49.5815268,13.3280251,supermarket,shop=supermarket
node/7814497847,Billa,49.5819008,18.7639055,supermarket,shop=supermarket
way/905783552,Lidl,49.5819065,17.2484211,supermarket,shop=supermarket
way/41204376,Billa,49.5823414,13.3280094,supermarket,shop=supermarket
way/110324379,Billa,49.5832503,18.3592455,supermarket,shop=supermarket
way/110324083,PENNY,49.583472,18.3599662,supermarket,shop=supermarket
node/9263471706,Kaufland,49.584701,17.2247638,supermarket,shop=supermarket
node/1828957711,Kaufland,49.5856765,18.0021057,supermarket,shop=supermarket
node/4032937693,Albert,49.5863654,17.2575237,supermarket,shop=supermarket
node/9362803781,PENNY,49.5863746,17.2431361,supermarket,shop=supermarket
way/89182921,Coop Tuty,49.5867258,18.7596491,supermarket,shop=supermarket
node/7990281485,Hruška,49.5875924,18.0295528,supermarket,shop=supermarket
way/53236854,Kaufland,49.5883984,17.2716336,supermarket,shop=supermarket
node/6180879685,Penny Market,49.5891669,17.3489302,supermarket,shop=supermarket
way/160034029,COOP Jednota,49.5894146,12.8812846,supermarket,shop=supermarket
node/10584033965,Billa,49.5909058,17.233713,supermarket,shop=supermarket
way/58280569,Albert,49.5911129,17.2349207,supermarket,shop=supermarket
node/8922794417,COOP Jednota,49.5912612,12.7166362,supermarket,shop=supermarket
node/1225748639,Albert,49.5919504,17.2744774,supermarket,shop=supermarket
node/1749493664,Podomácku,49.5920438,18.3585275,supermarket,shop=supermarket
node/670812040,Albert,49.592952,17.2491101,supermarket,shop=supermarket
node/914195423,Albert,49.593098,18.3576552,supermarket,shop=supermarket
node/8409173821,Lidl,49.5931506,17.2292663,supermarket,shop=supermarket
node/10125428884,Albert,49.5934013,18.012563,supermarket,shop=supermarket
way/31627727,PENNY,49.5944683,18.1466169,supermarket,shop=supermarket
node/1133601794,Billa,49.5951479,17.2501766,supermarket,shop=supermarket
way/32244414,Hruška,49.5953462,18.1409929,supermarket,shop=supermarket
way/458504776,Lidl,49.5960009,13.1017196,supermarket,shop=supermarket
node/913890187,PENNY,49.5965758,13.1049582,supermarket,shop=supermarket
node/685779307,Billa,49.5973135,17.2458138,supermarket,shop=supermarket
way/1104644879,Lidl,49.5973814,17.2349686,supermarket,shop=supermarket
node/4500346554,Hruška,49.597389,18.0191015,supermarket,shop=supermarket
way/56877287,Lidl,49.5978146,18.0100178,supermarket,shop=supermarket
way/32840479,Albert,49.5990673,18.1430967,supermarket,shop=supermarket
way/32934376,Lidl,49.6000094,18.1482358,supermarket,shop=supermarket
node/10125414885,Albert,49.6000366,18.0123521,supermarket,shop=supermarket
way/32934437,Kaufland,49.6006191,18.1486226,supermarket,shop=supermarket
way/171768069,Tesco,49.6011857,18.0069516,supermarket,shop=supermarket
way/332441219,Globus,49.6012371,17.2192005,supermarket,shop=supermarket
node/27430499,Globus,49.6014881,17.2232302,supermarket,shop=supermarket
way/87665607,Kaufland,49.6015134,15.5859368,supermarket,shop=supermarket
node/3994191985,Billa,49.6015488,17.2783086,supermarket,shop=supermarket
node/1925877899,Norma,49.601697,13.8735572,supermarket,shop=supermarket
node/899808007,PENNY,49.6024639,17.2438782,supermarket,shop=supermarket
node/1102483483,Lidl,49.6026923,17.2515891,supermarket,shop=supermarket
way/58530469,Lidl,49.6032956,17.2778953,supermarket,shop=supermarket
way/436236846,Tesco,49.6051518,18.1484932,supermarket,shop=supermarket
way/87540700,Billa,49.6051668,15.5750703,supermarket,shop=supermarket
way/272167645,Penny,49.6054515,18.1366062,supermarket,shop=supermarket
node/12439273618,Billa,49.6062537,15.6039514,supermarket,shop=supermarket
way/87974709,Lidl,49.606977,15.5993346,supermarket,shop=supermarket
node/3463182070,Coop,49.6084379,15.5755788,supermarket,shop=supermarket
node/11194642200,COOP Jednota,49.6121211,17.9048225,supermarket,shop=supermarket
node/1178091119,Hruška,49.615152,18.7368592,supermarket,shop=supermarket
node/3450830203,Coop,49.6158084,17.1983785,supermarket,shop=supermarket
node/2746414749,Penny Market HB,49.6169176,15.5731496,supermarket,shop=supermarket
way/87540742,Penny Market HB,49.6182541,15.5756179,supermarket,shop=supermarket
way/147873600,Coop,49.6235334,17.0835671,supermarket,shop=supermarket
node/6515467416,COOP Jednota,49.625314,16.3722261,supermarket,shop=supermarket
node/6180879694,Penny Market,49.6290044,16.7108086,supermarket,shop=supermarket
node/3199007907,Coop Jednota,49.6361777,18.3167522,supermarket,shop=supermarket
node/2331953143,COOP Jednota,49.6367231,15.781596,supermarket,shop=supermarket
way/82291507,Lidl,49.6367688,14.6506573,supermarket,shop=supermarket
node/810989414,Tesco,49.6368809,18.7195907,supermarket,shop=supermarket
node/281574189,COOP Jednota,49.6378042,14.8472856,supermarket,shop=supermarket
way/176217833,Penny Market,49.6378162,14.6415638,supermarket,shop=supermarket
way/260770718,Penny Market,49.6412715,18.1429689,supermarket,shop=supermarket
node/6169741812,Penny,49.6427718,13.1674522,supermarket,shop=supermarket
way/69291502,Penny,49.6531826,14.4248456,supermarket,shop=supermarket
node/814814128,Lidl,49.6534027,14.4260762,supermarket,shop=supermarket
node/814814126,Billa,49.6535545,14.4281441,supermarket,shop=supermarket
node/3887638160,Penny Market,49.6548449,13.2969819,supermarket,shop=supermarket
node/13351867562,Penny Market,49.6603553,18.2253206,supermarket,shop=supermarket
node/12757295662,Coop,49.6615841,15.4961264,supermarket,shop=supermarket
way/99723501,Albert,49.6664821,13.9982575,supermarket,shop=supermarket
way/91722313,Lidl,49.6667392,18.3488122,supermarket,shop=supermarket
node/4311212362,Coop Jednota,49.6671648,17.8254684,supermarket,shop=supermarket
way/86607242,Penny,49.6674737,15.4129463,supermarket,shop=supermarket
node/434365958,Hruška,49.6678374,18.6757047,supermarket,shop=supermarket
node/12079645892,Coop,49.6681279,15.4041475,supermarket,shop=supermarket
way/86607795,Billa,49.6682652,15.4091984,supermarket,shop=supermarket
node/2813175801,Penny Market,49.6685964,17.8342899,supermarket,shop=supermarket
node/1974018844,Penny,49.6690828,13.992893,supermarket,shop=supermarket
node/4543559989,Kaufland,49.6694209,18.6831772,supermarket,shop=supermarket
node/1076504566,Albert,49.6698272,18.676284,supermarket,shop=supermarket
way/100688515,Tesco Extra,49.6708214,13.988338,supermarket,shop=supermarket
node/806247324,Hruška,49.6711222,18.6718656,supermarket,shop=supermarket
way/47932150,Tesco,49.6718156,18.3290016,supermarket,shop=supermarket
way/42940737,Penny,49.6726558,18.6784713,supermarket,shop=supermarket
way/54356186,Albert,49.674118,18.324567,supermarket,shop=supermarket
way/750278594,Penny Market,49.6751399,18.4098101,supermarket,shop=supermarket
node/577261310,Albert,49.6757161,18.3428537,supermarket,shop=supermarket
way/99724642,Penny,49.6759447,13.9972348,supermarket,shop=supermarket
way/42942983,Tesco,49.6760572,18.6620236,supermarket,shop=supermarket
way/99724748,Albert,49.6763093,14.0010668,supermarket,shop=supermarket
way/47373932,Penny,49.676833,18.6681674,supermarket,shop=supermarket
way/42942992,Lidl,49.6770497,18.6657147,supermarket,shop=supermarket
node/2114776900,COOP TIP,49.6773194,13.9884561,supermarket,shop=supermarket
way/91392314,Tesco,49.6777374,18.3616065,supermarket,shop=supermarket
node/977629654,Billa,49.6778685,18.3572447,supermarket,shop=supermarket
node/2100216754,Albert,49.6779128,18.3688825,supermarket,shop=supermarket
node/810989447,Hruška,49.6784827,18.6861173,supermarket,shop=supermarket
way/51009893,Hruška,49.6802385,18.6811832,supermarket,shop=supermarket
node/3175606045,Billa,49.6816058,18.3468194,supermarket,shop=supermarket
node/538466809,Penny Market,49.682064,18.3401005,supermarket,shop=supermarket
node/1143795684,Lidl,49.6841416,18.3632253,supermarket,shop=supermarket
way/147319304,Penny Market Ledeč n.S.,49.6846819,15.2751417,supermarket,shop=supermarket
node/8557538695,Lidl,49.6857203,18.3293554,supermarket,shop=supermarket
node/2779273683,Billa,49.6864561,14.0088831,supermarket,shop=supermarket
way/91368209,Kaufland,49.6873351,18.3479735,supermarket,shop=supermarket
way/91730306,Hruška,49.6887173,18.3568602,supermarket,shop=supermarket
way/53226143,Kaufland,49.692605,13.9977131,supermarket,shop=supermarket
node/11108403951,Billa,49.6944249,15.2741906,supermarket,shop=supermarket
node/4879790021,Coop,49.6947386,15.2783732,supermarket,shop=supermarket
way/99726526,Lidl,49.6951239,14.0058858,supermarket,shop=supermarket
node/2332253932,Albert,49.6961714,15.8063873,supermarket,shop=supermarket
way/1242287882,Penny Market,49.6966309,15.8044044,supermarket,shop=supermarket
node/6169741779,Coop,49.6982734,17.0745,supermarket,shop=supermarket
node/27558349,Billa,49.6990618,17.0718337,supermarket,shop=supermarket
way/263661048,Tesco,49.7002728,14.9069816,supermarket,shop=supermarket
node/1234413956,Albert,49.7004427,13.4247334,supermarket,shop=supermarket
node/127702270,Hruška,49.700973,17.0752838,supermarket,shop=supermarket
node/6289424424,Hruška,49.7028353,16.8932569,supermarket,shop=supermarket
way/263660903,PENNY,49.7028524,14.9018308,supermarket,shop=supermarket
node/29556474,Albert,49.7035617,17.0767713,supermarket,shop=supermarket
way/263661050,Lidl,49.7042007,14.893886,supermarket,shop=supermarket
node/1172587182,Albert,49.7043763,14.8979225,supermarket,shop=supermarket
node/302398719,Tesco,49.7057505,17.0739779,supermarket,shop=supermarket
way/1015012117,Lidl,49.7077875,18.0476732,supermarket,shop=supermarket
node/4097897367,Coop Jednota,49.7091212,16.1382289,supermarket,shop=supermarket
node/1177816473,Hruška,49.7097126,18.1564864,supermarket,shop=supermarket
way/263660832,Billa,49.7097434,14.8998702,supermarket,shop=supermarket
node/30012549,Penny market,49.7110465,17.0737666,supermarket,shop=supermarket
node/1251355607,COOP TIP,49.7112736,13.6478248,supermarket,shop=supermarket
way/139609109,Tesco Chotěboř,49.7114828,15.6625891,supermarket,shop=supermarket
node/7710383479,Kaufland,49.7124996,17.2917053,supermarket,shop=supermarket
node/2241970712,TESCO,49.7125831,18.0546355,supermarket,shop=supermarket
node/2241969876,PENNY,49.7132213,18.0543673,supermarket,shop=supermarket
node/4178305710,Lidl,49.7132733,13.2023744,supermarket,shop=supermarket
node/6169741877,PENNY,49.7134986,13.2069182,supermarket,shop=supermarket
way/143066274,Coop Diskont,49.7145312,15.6689853,supermarket,shop=supermarket
node/12012216913,Billa,49.7150785,16.2601143,supermarket,shop=supermarket
node/2834116391,Penny Market,49.7153206,17.9061628,supermarket,shop=supermarket
way/104560601,Penny,49.7153677,15.6661278,supermarket,shop=supermarket
node/6169741876,Billa,49.7165752,13.2203239,supermarket,shop=supermarket
node/10975973615,PENNY,49.7166055,12.7779753,supermarket,shop=supermarket
way/104560572,COOP Jednota - Doubravka,49.7177528,15.6702718,supermarket,shop=supermarket
node/10698747877,Lidl,49.7181214,16.2838931,supermarket,shop=supermarket
node/663167531,Penny,49.7181903,16.2673251,supermarket,shop=supermarket
node/4755445721,Penny Market,49.7183493,16.276436,supermarket,shop=supermarket
node/4755414223,Tesco,49.7196081,16.2781822,supermarket,shop=supermarket
node/8510678304,Hruška,49.7204849,18.0769044,supermarket,shop=supermarket
way/172308510,Tesco,49.7205201,17.2900126,supermarket,shop=supermarket
node/32325831,Lidl,49.7213129,17.2880792,supermarket,shop=supermarket
way/58893740,Albert,49.7232244,17.2908539,supermarket,shop=supermarket
node/890935968,Penny Market,49.7236613,17.2976538,supermarket,shop=supermarket
way/55966732,PENNY,49.7262152,13.3784671,supermarket,shop=supermarket
node/4416593492,Kaufland,49.7280766,13.3618014,supermarket,shop=supermarket
node/273741653,Tesco,49.7283289,13.3429107,supermarket,shop=supermarket
way/1009056330,Lidl,49.7310986,13.3505548,supermarket,shop=supermarket
node/5018395253,COOP Jednota,49.7318306,14.6668768,supermarket,shop=supermarket
node/5107421801,Billa,49.7319514,13.4014136,supermarket,shop=supermarket
node/387455861,Lidl,49.7339538,18.6201854,supermarket,shop=supermarket
way/45255901,Lidl,49.7343324,13.3789724,supermarket,shop=supermarket
node/296706020,Penny,49.7346972,13.4053325,supermarket,shop=supermarket
node/2444957852,Albert,49.7348542,13.5935861,supermarket,shop=supermarket
node/1745152149,COOP Jednota,49.7350288,18.6129963,supermarket,shop=supermarket
node/4377793154,Billa,49.7357709,13.7563148,supermarket,shop=supermarket
node/710623369,Billa,49.7367286,13.387162,supermarket,shop=supermarket
node/1283019296,Kaufland,49.7387964,13.6004995,supermarket,shop=supermarket
way/52020232,Tesco,49.7388244,18.6196073,supermarket,shop=supermarket
node/330862891,Albert,49.7392094,13.3927746,supermarket,shop=supermarket
way/51771426,Norma,49.7394982,13.372751,supermarket,shop=supermarket
node/1283020011,Billa,49.7396434,13.5991243,supermarket,shop=supermarket
node/4377793155,Coop,49.7427623,13.5945389,supermarket,shop=supermarket
way/48035780,Billa,49.7430489,18.6209816,supermarket,shop=supermarket
node/3849797337,Lidl,49.7433054,13.5881791,supermarket,shop=supermarket
node/942069156,Albert,49.7433233,13.3292462,supermarket,shop=supermarket
node/444716483,Penny,49.7433277,13.5856449,supermarket,shop=supermarket
node/6992363468,Albert,49.7435394,18.6247458,supermarket,shop=supermarket
way/72944332,Lidl,49.7441794,13.3401246,supermarket,shop=supermarket
node/5736911784,Lidl,49.7445854,13.3848882,supermarket,shop=supermarket
node/4111818427,Coop,49.7447923,16.9291643,supermarket,shop=supermarket
way/72944097,Penny,49.7454711,13.3238352,supermarket,shop=supermarket
node/938489272,Tesco Extra,49.7456046,13.4375236,supermarket,shop=supermarket
way/250550398,Penny Market,49.7464976,15.1003038,supermarket,shop=supermarket
way/53086917,Kaufland,49.7465621,18.6076263,supermarket,shop=supermarket
way/234188497,Tesco,49.7465636,15.0987541,supermarket,shop=supermarket
node/4609508299,Penny,49.7469568,13.392613,supermarket,shop=supermarket
node/3915540144,Hruška,49.7470886,18.6233183,supermarket,shop=supermarket
way/43843928,Albert,49.7471236,13.4005082,supermarket,shop=supermarket
node/4416360921,Albert,49.7494485,13.3687719,supermarket,shop=supermarket
node/296658511,Norma,49.7495905,13.417949,supermarket,shop=supermarket
node/13404215902,Billa,49.7497272,13.404183,supermarket,shop=supermarket
way/155351208,Lidl,49.7504296,13.4110624,supermarket,shop=supermarket
way/72875662,Lidl,49.7513759,16.658117,supermarket,shop=supermarket
node/13410179275,Coop,49.7526266,13.4160549,supermarket,shop=supermarket
node/2243092372,Penny Market,49.752875,16.4751516,supermarket,shop=supermarket
way/90473827,Kaufland,49.7529614,16.4782358,supermarket,shop=supermarket
way/208773873,Penny Market,49.7529961,12.9963023,supermarket,shop=supermarket
node/4614484069,Kaufland,49.7530203,13.3774772,supermarket,shop=supermarket
node/11895343931,Billa,49.7532937,12.9902449,supermarket,shop=supermarket
way/1055381712,Lidl,49.7539759,16.4855437,supermarket,shop=supermarket
way/90470068,Albert,49.7543145,16.476826,supermarket,shop=supermarket
node/1189234759,Hruška,49.7543865,18.0121398,supermarket,shop=supermarket
way/208777307,Lidl,49.7545011,12.9959735,supermarket,shop=supermarket
node/2315113212,Coop,49.7554399,16.4625614,supermarket,shop=supermarket
way/90038618,Albert,49.7561814,16.4663363,supermarket,shop=supermarket
way/72891605,PENNY,49.756782,16.6537984,supermarket,shop=supermarket
way/1489254594,Kaufland,49.7570061,16.6458328,supermarket,shop=supermarket
node/1189234768,Penny Market,49.7582978,18.0283916,supermarket,shop=supermarket
way/109343205,Penny,49.7585835,13.4262726,supermarket,shop=supermarket
node/4907150923,Coop,49.7586094,16.4693018,supermarket,shop=supermarket
way/72887323,Billa,49.7594567,16.6618926,supermarket,shop=supermarket
node/653893299,Hruška,49.7602643,18.0175168,supermarket,shop=supermarket
node/2985400511,Albert,49.7630521,13.3547928,supermarket,shop=supermarket
way/110350278,COOP Jednota,49.7633004,13.3244145,supermarket,shop=supermarket
way/78778032,Lidl,49.7641783,15.9141055,supermarket,shop=supermarket
node/13625117812,Coop Tip,49.7645202,15.9192437,supermarket,shop=supermarket
node/29071810,Hruška,49.7647569,17.1113231,supermarket,shop=supermarket
way/216549535,Penny Hlinsko,49.7668265,15.9179205,supermarket,shop=supermarket
way/109440644,Albert,49.7669707,13.3725165,supermarket,shop=supermarket
way/109461339,Penny,49.7670115,13.3751755,supermarket,shop=supermarket
node/13510634420,Coop,49.7678428,13.3641587,supermarket,shop=supermarket
node/2489870281,Billa,49.7681247,15.9187069,supermarket,shop=supermarket
node/4560010077,Lidl,49.7695618,18.4475343,supermarket,shop=supermarket
way/29061600,Albert,49.7702417,18.2478653,supermarket,shop=supermarket
node/770613840,Albert,49.7714268,17.1149642,supermarket,shop=supermarket
node/1127410138,Kaufland,49.7716593,18.4448958,supermarket,shop=supermarket
way/62093185,PENNY,49.7719149,18.3030052,supermarket,shop=supermarket
node/13478897819,Kaufland,49.7720574,13.3494393,supermarket,shop=supermarket
node/1770328242,Albert,49.7724594,13.3660379,supermarket,shop=supermarket
node/3619694567,Hruška,49.7727476,18.2537485,supermarket,shop=supermarket
node/10103743751,Lidl,49.7730452,13.3471716,supermarket,shop=supermarket
way/72937501,Lidl,49.7731481,13.3648105,supermarket,shop=supermarket
node/2095231098,Tesco,49.7739023,18.2640595,supermarket,shop=supermarket
node/252331575,Penny Market,49.7741799,17.11256,supermarket,shop=supermarket
node/9949947397,Billa,49.7743251,14.1681403,supermarket,shop=supermarket
node/318018362,Lidl,49.7749995,18.2452333,supermarket,shop=supermarket
node/11556212951,Billa,49.775029,13.3620495,supermarket,shop=supermarket
node/3903981265,Lidl,49.7751285,16.9301216,supermarket,shop=supermarket
node/2897591276,Kaufland,49.7753205,16.9335461,supermarket,shop=supermarket
node/1744572431,Hruška,49.7755213,18.44952,supermarket,shop=supermarket
node/3903981266,Penny,49.775626,16.927696,supermarket,shop=supermarket
node/2303948559,Lidl,49.7757132,17.7482448,supermarket,shop=supermarket
node/4357467464,Coop,49.7760304,16.9219259,supermarket,shop=supermarket
node/2325106008,Albert,49.7761165,18.4532547,supermarket,shop=supermarket
node/251548372,Tesco,49.7762453,17.1222987,supermarket,shop=supermarket
node/10114825548,PENNY,49.7763234,13.3673019,supermarket,shop=supermarket
node/9407559836,Lidl,49.777248,17.1219086,supermarket,shop=supermarket
node/9208177604,Hruška,49.7773296,18.4425498,supermarket,shop=supermarket
node/849094602,Penny,49.7773825,16.9224125,supermarket,shop=supermarket
way/30436015,Globus,49.7777789,13.3488934,supermarket,shop=supermarket
node/4190022930,Albert,49.7785718,18.2528356,supermarket,shop=supermarket
node/2326334843,Hruška,49.7786245,18.4387708,supermarket,shop=supermarket
node/2491215944,Penny Market,49.7786344,17.7550611,supermarket,shop=supermarket
node/13289832940,Mix Markt,49.7786821,13.3691853,supermarket,shop=supermarket
node/9587396669,Lidl,49.7787233,13.381016,supermarket,shop=supermarket
way/109352366,Albert,49.7788495,13.368812,supermarket,shop=supermarket
node/2326331551,Hruška,49.7789294,18.4476328,supermarket,shop=supermarket
node/4190019127,Billa,49.7792942,18.2508259,supermarket,shop=supermarket
node/4312799393,Norma,49.7793278,13.3705483,supermarket,shop=supermarket
node/6639275578,PENNY,49.7803713,18.254028,supermarket,shop=supermarket
node/2325108284,Billa,49.7809539,18.4318159,supermarket,shop=supermarket
node/1744572855,Hruška,49.781023,18.4509948,supermarket,shop=supermarket
node/4391832440,COOP Jednota,49.7811599,14.1725602,supermarket,shop=supermarket
node/365684418,Albert,49.7814393,18.2221904,supermarket,shop=supermarket
way/49589034,Penny,49.7819437,14.1721166,supermarket,shop=supermarket
node/12188738385,Hruška,49.7822573,18.2534011,supermarket,shop=supermarket
node/13195863447,Hruška,49.7826426,18.4266641,supermarket,shop=supermarket
node/5193071384,Hruška,49.7832147,18.5235566,supermarket,shop=supermarket
node/1336929214,Hruška,49.7836019,18.2597459,supermarket,shop=supermarket
node/2107215634,Hruška,49.7843228,18.2497506,supermarket,shop=supermarket
node/1336797438,Albert,49.7850066,18.2632836,supermarket,shop=supermarket
node/10289489006,Lidl,49.785271,18.2656583,supermarket,shop=supermarket
way/61752347,PENNY,49.7868712,14.6953851,supermarket,shop=supermarket
node/12461185892,Hruška,49.786946,18.4325043,supermarket,shop=supermarket
node/373335736,Hruška,49.7876388,18.1628076,supermarket,shop=supermarket
node/2408410036,Kaufland,49.7876605,18.4420559,supermarket,shop=supermarket
node/2107215590,Hruška,49.787741,18.2571215,supermarket,shop=supermarket
way/61227462,Lidl,49.7882925,14.184668,supermarket,shop=supermarket
way/74342475,Penny Market,49.7883359,14.1776368,supermarket,shop=supermarket
node/6720740988,Billa,49.7883765,18.2277667,supermarket,shop=supermarket
way/387077871,COOP Jednota,49.7888449,13.7322799,supermarket,shop=supermarket
way/61753617,Lidl,49.7892071,14.6825429,supermarket,shop=supermarket
node/904323312,Hruška,49.7897487,18.2261074,supermarket,shop=supermarket
node/5193071385,Hruška,49.7905459,18.5279218,supermarket,shop=supermarket
node/11841519983,Hruška,49.7908426,18.2500752,supermarket,shop=supermarket
node/1978507089,Hruška,49.7909503,18.2372442,supermarket,shop=supermarket
node/2706777484,Hruška,49.7913639,18.4030662,supermarket,shop=supermarket
node/4121154228,Hruška,49.7913982,18.2286564,supermarket,shop=supermarket
way/171940995,Tesco Extra,49.7914421,18.4197704,supermarket,shop=supermarket
node/10289514833,Hruška,49.791688,18.2566659,supermarket,shop=supermarket
node/1547029547,Globus,49.7918135,18.4412744,supermarket,shop=supermarket
node/2462218805,Lidl,49.7926423,18.4122554,supermarket,shop=supermarket
node/12772031925,Billa,49.7934644,18.3973791,supermarket,shop=supermarket
node/12520213901,Coop TUTY,49.7935875,18.4518707,supermarket,shop=supermarket
way/68555796,Coop TUTY,49.7937472,18.4579105,supermarket,shop=supermarket
way/39085636,Kaufland,49.7938204,14.6828153,supermarket,shop=supermarket
way/208292870,Penny,49.7955073,12.6363727,supermarket,shop=supermarket
node/2326351484,Hruška,49.7955676,18.4051681,supermarket,shop=supermarket
node/2558722335,Billa,49.7987564,12.6342961,supermarket,shop=supermarket
node/3497730429,COOP Jednota,49.798877,16.111061,supermarket,shop=supermarket
node/4719083879,Hruška,49.7997809,18.4779284,supermarket,shop=supermarket
node/538423577,Kaufland,49.8002417,18.2306631,supermarket,shop=supermarket
node/2493932625,Albert,49.801039,18.4207235,supermarket,shop=supermarket
node/1716305748,Albert,49.8019385,18.2431605,supermarket,shop=supermarket
node/2462218520,Albert,49.8022416,18.4135114,supermarket,shop=supermarket
node/3921044364,Lidl,49.8024379,12.6358589,supermarket,shop=supermarket
node/538425432,Albert,49.8026148,18.2271709,supermarket,shop=supermarket
node/3921044363,Tesco,49.8033567,12.6404365,supermarket,shop=supermarket
way/1181115841,Lidl,49.80415,18.2440463,supermarket,shop=supermarket
node/3497715464,Coop Tuty,49.807363,16.1164731,supermarket,shop=supermarket
node/1366329869,PENNY,49.808353,18.2730094,supermarket,shop=supermarket
way/128626515,PENNY,49.8088621,13.3920005,supermarket,shop=supermarket
node/2415635354,COOP Jednota,49.816284,15.4774336,supermarket,shop=supermarket
way/90454407,COOP Jednota,49.8166059,17.0798632,supermarket,shop=supermarket
node/1753821786,Penny,49.8170097,18.333254,supermarket,shop=supermarket
way/128628165,Lidl,49.8185279,13.3929539,supermarket,shop=supermarket
node/9093881155,Lidl,49.8188689,18.1843116,supermarket,shop=supermarket
node/1842946654,Kaufland,49.8204781,18.1897443,supermarket,shop=supermarket
way/197159221,COOP Jednota,49.8220529,13.7823698,supermarket,shop=supermarket
node/9339775778,Hruška,49.8245731,18.1672857,supermarket,shop=supermarket
node/903760973,COOP TIP,49.8258276,14.0457418,supermarket,shop=supermarket
node/6470586105,Lidl,49.8259667,18.1987184,supermarket,shop=supermarket
node/2953791856,Hruška,49.8263527,18.2698701,supermarket,shop=supermarket
node/3506750831,Tesco,49.8264148,18.1799261,supermarket,shop=supermarket
node/4281482630,Billa,49.827412,18.2577224,supermarket,shop=supermarket
node/4755830371,Tesco,49.8282295,18.2019325,supermarket,shop=supermarket
way/173493725,Albert,49.8287054,18.1874241,supermarket,shop=supermarket
node/1604939732,Kaufland,49.8287118,18.2807806,supermarket,shop=supermarket
way/32861817,Hruška,49.8287449,18.1785475,supermarket,shop=supermarket
node/3983267224,Hruška,49.8293159,18.1722442,supermarket,shop=supermarket
node/1829397817,Penny Market,49.8293532,18.389271,supermarket,shop=supermarket
node/2852225128,Albert,49.8304565,18.2848444,supermarket,shop=supermarket
node/362730417,Hruška,49.8304583,18.164546,supermarket,shop=supermarket
node/444366636,Lidl,49.832124,14.5889639,supermarket,shop=supermarket
node/1835448845,Tesco,49.8330477,18.2643424,supermarket,shop=supermarket
node/9269049970,Albert,49.834049,18.2677656,supermarket,shop=supermarket
node/2106742076,Lidl,49.8343528,18.2633127,supermarket,shop=supermarket
node/8629608374,Hruška,49.8350421,18.2901295,supermarket,shop=supermarket
node/1406335718,COOP Jednota,49.8354302,13.891867,supermarket,shop=supermarket
node/1172482722,Hruška,49.8358813,14.58909,supermarket,shop=supermarket
node/4023805144,Kaufland,49.8362638,18.2482315,supermarket,shop=supermarket
node/1406336160,Billa,49.8365729,13.8946386,supermarket,shop=supermarket
way/71340422,Albert,49.8367444,18.1831066,supermarket,shop=supermarket
node/2450287124,Billa,49.8367995,18.2928726,supermarket,shop=supermarket
node/3390897279,Lidl,49.8370653,18.1687484,supermarket,shop=supermarket
node/1406335804,Penny,49.8371013,13.8963437,supermarket,shop=supermarket
way/101893664,Lidl,49.8386333,13.8972124,supermarket,shop=supermarket
node/4576960318,Albert,49.8399541,18.2833893,supermarket,shop=supermarket
way/1159044897,Lidl,49.8425024,18.3070841,supermarket,shop=supermarket
way/92366824,Penny,49.8426626,18.1702034,supermarket,shop=supermarket
node/924077686,PENNY,49.8434686,18.3059144,supermarket,shop=supermarket
way/71341640,Albert,49.8439231,18.169314,supermarket,shop=supermarket
node/912008005,Albert,49.8444133,18.1567861,supermarket,shop=supermarket
node/1744118390,Lidl,49.8446451,18.5544975,supermarket,shop=supermarket
node/4609306372,Tesco,49.8458776,18.5534525,supermarket,shop=supermarket
node/886421781,Coop,49.8475134,15.6578918,supermarket,shop=supermarket
node/6747009278,Globus,49.848164,18.1478027,supermarket,shop=supermarket
node/3045480368,PENNY,49.8481811,18.2817355,supermarket,shop=supermarket
way/313986313,Tesco,49.8488868,14.7015224,supermarket,shop=supermarket
way/72513688,Albert,49.8489367,18.276972,supermarket,shop=supermarket
way/398184203,Tesco,49.849722,15.9909308,supermarket,shop=supermarket
way/218913205,COOP Jednota,49.8499664,13.9769972,supermarket,shop=supermarket
way/1245343857,PENNY,49.8507368,15.9909229,supermarket,shop=supermarket
way/161119716,Billa,49.8520726,13.7673995,supermarket,shop=supermarket
node/3023557291,Coop Jednota,49.8525991,14.7765733,supermarket,shop=supermarket
node/9803895415,Lidl,49.8553121,18.2753324,supermarket,shop=supermarket
node/3949931536,Penny Market,49.8559406,18.5300804,supermarket,shop=supermarket
node/1360918692,Tesco,49.8571667,18.5568363,supermarket,shop=supermarket
node/2325888860,Albert,49.8573683,18.5300748,supermarket,shop=supermarket
node/257050921,Hruška,49.8595314,18.3286009,supermarket,shop=supermarket
node/1398204630,Coop Tip,49.8600403,13.7727522,supermarket,shop=supermarket
node/12691188969,Billa,49.8609494,18.2564942,supermarket,shop=supermarket
node/5489516722,Penny Market,49.8611844,18.4255723,supermarket,shop=supermarket
node/1301943899,Kaufland,49.863224,18.5536771,supermarket,shop=supermarket
way/206263925,Tesco,49.8632493,12.7358195,supermarket,shop=supermarket
way/206263918,Penny Market,49.8652333,12.7364482,supermarket,shop=supermarket
way/89100427,Albert,49.8658218,14.2614248,supermarket,shop=supermarket
way/206263914,Lidl,49.8660771,12.7336333,supermarket,shop=supermarket
way/263831294,Billa,49.8674073,16.310839,supermarket,shop=supermarket
way/89100678,Penny,49.8676501,14.267164,supermarket,shop=supermarket
node/2678521736,Penny Market,49.8677685,18.373786,supermarket,shop=supermarket
way/263831482,Albert,49.8679674,16.3114853,supermarket,shop=supermarket
way/372561586,Billa,49.8683802,14.2667694,supermarket,shop=supermarket
node/8754219114,Potraviny Tuty,49.8707322,17.8761548,supermarket,shop=supermarket
node/2509105770,Albert,49.8714985,18.4247507,supermarket,shop=supermarket
node/13596481157,Lidl,49.8725191,14.2706407,supermarket,shop=supermarket
node/4393118056,Coop,49.8726292,13.8938639,supermarket,shop=supermarket
way/173317283,Penny,49.8731822,15.5755713,supermarket,shop=supermarket
node/2610152530,Lidl,49.8754922,18.4370803,supermarket,shop=supermarket
node/1462350512,PENNY,49.8756075,16.3051775,supermarket,shop=supermarket
way/91972242,Hruška,49.8758313,18.2579776,supermarket,shop=supermarket
node/1292068001,Kaufland,49.8759783,16.8869783,supermarket,shop=supermarket
node/1940046995,Albert,49.8761516,18.4305636,supermarket,shop=supermarket
node/1292067869,PENNY,49.877261,16.884739,supermarket,shop=supermarket
node/1292068085,Lidl,49.8776545,16.8837305,supermarket,shop=supermarket
node/1292068013,Billa,49.8800602,16.8743681,supermarket,shop=supermarket
way/392406395,Kaufland,49.8803216,18.4320413,supermarket,shop=supermarket
way/1058336076,Lidl,49.8807279,16.2944439,supermarket,shop=supermarket
node/848258981,Albert,49.8847413,16.879565,supermarket,shop=supermarket
node/822492048,Coop,49.8887963,15.5315838,supermarket,shop=supermarket
node/3094136610,Coop,49.8902152,14.3994373,supermarket,shop=supermarket
way/806401157,Norma,49.8918083,13.3856747,supermarket,shop=supermarket
node/920522779,Hruška,49.8939343,18.1942563,supermarket,shop=supermarket
node/12702003179,Albert,49.8956568,18.1954148,supermarket,shop=supermarket
way/128537222,Coop,49.8958585,13.3815491,supermarket,shop=supermarket
way/1240839192,PENNY,49.8959742,18.1949656,supermarket,shop=supermarket
node/1813495856,Norma,49.8969066,14.4921271,supermarket,shop=supermarket
way/91112099,Lidl,49.8975489,18.1831624,supermarket,shop=supermarket
way/91096286,Billa,49.8987135,18.1830597,supermarket,shop=supermarket
node/1744690181,Kaufland,49.8993532,18.3500122,supermarket,shop=supermarket
node/3949938938,PENNY,49.8997986,18.354118,supermarket,shop=supermarket
way/231126306,Kaufland,49.9026977,15.4035887,supermarket,shop=supermarket
node/1094835184,Billa,49.9028887,16.4398375,supermarket,shop=supermarket
node/3652479111,Hruška,49.9035225,18.1919996,supermarket,shop=supermarket
node/1984212172,Coop,49.9039313,16.4464366,supermarket,shop=supermarket
node/1337302324,Billa,49.9039936,14.5858659,supermarket,shop=supermarket
way/306912941,Coop,49.9045016,13.8828223,supermarket,shop=supermarket
node/1744708229,Albert,49.9064,18.347215,supermarket,shop=supermarket
way/203655698,Penny,49.9074485,15.3944713,supermarket,shop=supermarket
node/3012600529,Lidl,49.9087093,18.3577152,supermarket,shop=supermarket
way/71044695,PENNY,49.9090571,16.6109451,supermarket,shop=supermarket
way/66057103,Lidl,49.9092126,16.6098795,supermarket,shop=supermarket
way/186224575,Billa,49.9098729,15.3959179,supermarket,shop=supermarket
way/71040703,Albert,49.9110545,16.6082335,supermarket,shop=supermarket
node/6180879695,Kaufland,49.9113141,16.602768,supermarket,shop=supermarket
node/1979200337,Lidl,49.9116923,16.441039,supermarket,shop=supermarket
way/186224537,Lidl,49.9117719,15.3976207,supermarket,shop=supermarket
node/1979201077,Kaufland,49.911999,16.4406978,supermarket,shop=supermarket
node/1979197186,Tesco,49.9125665,16.4381458,supermarket,shop=supermarket
node/4393118057,Coop Tip,49.9127009,13.9776339,supermarket,shop=supermarket
node/427525316,Penny,49.9135701,14.2263313,supermarket,shop=supermarket
node/8449248477,Hruška,49.9141681,17.3778879,supermarket,shop=supermarket
way/220663314,Tesco Extra,49.9205208,14.5788796,supermarket,shop=supermarket
way/62189332,Konzum,49.9210729,16.4344919,supermarket,shop=supermarket
way/976971907,Lidl,49.9236718,14.5753814,supermarket,shop=supermarket
node/2020557080,Billa,49.9247499,14.2606092,supermarket,shop=supermarket
way/88850461,Lidl,49.9258594,14.2645152,supermarket,shop=supermarket
way/46346323,Globus,49.9291492,17.9408546,supermarket,shop=supermarket
node/2634037438,Lidl,49.9303358,17.2725438,supermarket,shop=supermarket
node/5849174387,Kaufland,49.9304853,17.8745287,supermarket,shop=supermarket
way/52502231,Albert,49.9317141,17.8775567,supermarket,shop=supermarket
way/52505796,Tesco,49.9319359,17.917853,supermarket,shop=supermarket
way/288180366,PENNY,49.9320221,18.0136186,supermarket,shop=supermarket
node/351923775,Hruška,49.932232,17.2710758,supermarket,shop=supermarket
way/52505845,Lidl,49.9340239,17.9140779,supermarket,shop=supermarket
node/13629618879,Penny,49.9351778,14.0224053,supermarket,shop=supermarket
node/13629618882,Billa,49.9355643,14.0239728,supermarket,shop=supermarket
way/58616479,Tesco,49.9368949,15.8022218,supermarket,shop=supermarket
node/1641886585,Penny Market,49.9376336,17.2712891,supermarket,shop=supermarket
way/52462991,Lidl,49.9378114,17.8885326,supermarket,shop=supermarket
node/1717666267,Albert,49.9406579,17.9115742,supermarket,shop=supermarket
way/58804866,Hruška,49.9407396,17.2614232,supermarket,shop=supermarket
way/58250578,Penny,49.940802,15.8064465,supermarket,shop=supermarket
node/10126501290,Albert,49.9414312,17.9003699,supermarket,shop=supermarket
way/166896080,Tesco,49.9435037,16.1668711,supermarket,shop=supermarket
node/6174708879,Penny,49.9440017,15.795783,supermarket,shop=supermarket
node/1832341110,PENNY,49.945919,16.1607485,supermarket,shop=supermarket
way/52116222,Kaufland,49.9463531,17.9288406,supermarket,shop=supermarket
way/30811427,Kaufland,49.9475919,15.810594,supermarket,shop=supermarket
way/89184548,Penny Market,49.9477083,12.706622,supermarket,shop=supermarket
way/30811428,Albert,49.9488913,15.8104185,supermarket,shop=supermarket
node/1621598215,Albert,49.9489078,16.1544501,supermarket,shop=supermarket
node/3895221858,Billa,49.9491523,15.7888119,supermarket,shop=supermarket
node/13059695379,Albert,49.9492602,15.6515962,supermarket,shop=supermarket
way/108478617,Albert,49.9511444,14.0420746,supermarket,shop=supermarket
way/108479045,Lidl,49.9524629,14.0465298,supermarket,shop=supermarket
way/756495392,Billa,49.9543094,12.7017946,supermarket,shop=supermarket
node/1829577089,Billa,49.9543452,15.2707984,supermarket,shop=supermarket
way/39013478,Lidl,49.9550699,15.7969415,supermarket,shop=supermarket
way/108489620,Kaufland,49.9565718,14.060504,supermarket,shop=supermarket
node/1621596988,Lidl,49.9567394,16.1516338,supermarket,shop=supermarket
node/12337471630,Penny,49.9568093,14.0500117,supermarket,shop=supermarket
way/108486968,Billa,49.9572225,14.0593387,supermarket,shop=supermarket
node/9132884637,Tesco,49.9573808,15.2833846,supermarket,shop=supermarket
node/847985065,Albert,49.9575155,16.9688708,supermarket,shop=supermarket
way/108486690,Penny,49.9578579,14.0612278,supermarket,shop=supermarket
node/2364047921,PENNY,49.9580161,15.275657,supermarket,shop=supermarket
node/4393471911,Albert,49.9591399,14.3216438,supermarket,shop=supermarket
node/10679502897,PENNY,49.9592522,15.0290577,supermarket,shop=supermarket
node/1034327035,Albert,49.96005,15.2840598,supermarket,shop=supermarket
node/847984800,Lidl,49.9606396,16.9766839,supermarket,shop=supermarket
node/1831882673,Kaufland,49.9608587,15.2837428,supermarket,shop=supermarket
node/644720366,PENNY,49.9621117,16.9798085,supermarket,shop=supermarket
node/520362512,Billa,49.9622766,14.0696035,supermarket,shop=supermarket
way/1461264613,Lidl,49.9622786,15.2809009,supermarket,shop=supermarket
way/89253212,Lidl,49.963293,12.6939822,supermarket,shop=supermarket
way/139840979,Tesco,49.9633498,12.6954791,supermarket,shop=supermarket
way/116027294,Lidl,49.9633652,14.3808771,supermarket,shop=supermarket
way/312416464,Penny,49.9638437,14.3251882,supermarket,shop=supermarket
node/872789261,Albert,49.9639364,16.9752296,supermarket,shop=supermarket
way/1227577566,Albert,49.9642288,14.3631908,supermarket,shop=supermarket
node/1287155594,Albert,49.9643764,14.0745008,supermarket,shop=supermarket
node/847985210,Billa,49.9651145,16.9846497,supermarket,shop=supermarket
way/89008276,PENNY,49.9653507,12.6952641,supermarket,shop=supermarket
way/89008274,Kaufland,49.9655451,12.69752,supermarket,shop=supermarket
way/195652441,Lidl,49.9656831,14.517199,supermarket,shop=supermarket
way/16077013,Albert,49.9662231,14.5179194,supermarket,shop=supermarket
node/10058223563,Tesco,49.9676104,14.5123796,supermarket,shop=supermarket
node/4393118058,Coop Tip,49.9676573,14.0647633,supermarket,shop=supermarket
way/116028340,Albert,49.9679305,14.3865077,supermarket,shop=supermarket
node/296725169,mrazenazeleninaaovoce,49.969052,14.4277142,supermarket,shop=supermarket
node/848187592,Albert,49.9696625,16.9648529,supermarket,shop=supermarket
node/13429942983,Penny,49.9702677,16.9618496,supermarket,shop=supermarket
node/12084813509,Billa,49.972446,14.4644692,supermarket,shop=supermarket
node/847984578,Kaufland,49.9739183,16.9750198,supermarket,shop=supermarket
node/876076392,Hruška,49.9748484,16.9568154,supermarket,shop=supermarket
way/62322969,Albert,49.9765717,16.3962132,supermarket,shop=supermarket
way/78774814,Billa,49.9770375,14.6079752,supermarket,shop=supermarket
way/62389418,Lidl,49.9775673,16.4043762,supermarket,shop=supermarket
way/62321836,Penny,49.9781354,16.4029413,supermarket,shop=supermarket
way/62322981,Tesco,49.9789275,16.402599,supermarket,shop=supermarket
way/193967846,Penny,49.9800733,13.4903816,supermarket,shop=supermarket
node/926340651,Kaufland,49.9814863,17.463445,supermarket,shop=supermarket
way/193776186,Coop,49.9815468,13.4885638,supermarket,shop=supermarket
way/195652371,Albert,49.982606,14.4969028,supermarket,shop=supermarket
node/6284625959,Billa,49.9840045,14.4957167,supermarket,shop=supermarket
way/69756651,Albert,49.9842804,14.3592185,supermarket,shop=supermarket
way/380214596,Billa,49.9853702,14.3656144,supermarket,shop=supermarket
way/74548902,PENNY,49.9862683,14.3696733,supermarket,shop=supermarket
way/113749118,PENNY,49.9867343,14.8593889,supermarket,shop=supermarket
node/1001584494,Billa,49.9869461,17.4624739,supermarket,shop=supermarket
way/102581432,Lidl,49.9879697,17.4548639,supermarket,shop=supermarket
way/1158798900,Lidl,49.9888031,14.7508052,supermarket,shop=supermarket
node/5308591425,Penny,49.9891346,14.7429907,supermarket,shop=supermarket
way/638709409,Billa,49.9910507,14.4116256,supermarket,shop=supermarket
way/53593190,Billa,49.9912769,14.8513446,supermarket,shop=supermarket
way/192400121,Coop Tuty,49.9920608,13.2337968,supermarket,shop=supermarket
node/8184771532,Penny,49.9931963,16.2185767,supermarket,shop=supermarket
node/8335892206,Hruška,49.9951611,17.464236,supermarket,shop=supermarket
node/3974949322,Penny,49.9955769,17.4726299,supermarket,shop=supermarket
way/74855332,Coop,49.9960061,16.2278691,supermarket,shop=supermarket
node/4368904089,Albert,49.9980994,14.6583332,supermarket,shop=supermarket
way/27010732,PENNY,49.9983335,14.6570713,supermarket,shop=supermarket
node/478555599,COOP TIP,49.9997122,14.0026706,supermarket,shop=supermarket
way/67395844,Tesco,50.0026055,14.6582006,supermarket,shop=supermarket
way/74853957,Lidl,50.0030988,16.221436,supermarket,shop=supermarket
node/13338226174,Albert,50.0033409,14.5748651,supermarket,shop=supermarket
way/61937847,Lidl,50.0037717,14.6576077,supermarket,shop=supermarket
way/51554688,Lidl,50.0043304,14.5660247,supermarket,shop=supermarket
node/8836665051,Billa,50.0049558,14.5720402,supermarket,shop=supermarket
node/2146396354,Albert,50.0050773,14.4053144,supermarket,shop=supermarket
way/27304095,Billa,50.0056298,14.6539922,supermarket,shop=supermarket
node/283619692,Billa,50.006589,14.4180067,supermarket,shop=supermarket
way/1078710756,Kaufland,50.0083678,14.5691003,supermarket,shop=supermarket
node/534380346,Albert,50.0086967,14.427878,supermarket,shop=supermarket
node/2557070431,Albert,50.0090976,14.4543614,supermarket,shop=supermarket
node/4475367753,PENNY,50.0112426,14.4758712,supermarket,shop=supermarket
way/62068172,Billa,50.0131294,14.4208338,supermarket,shop=supermarket
way/179554784,Kaufland,50.0134951,14.4185172,supermarket,shop=supermarket
node/3255402974,Tesco,50.0136054,14.4870618,supermarket,shop=supermarket
node/2772157979,PENNY,50.014128,14.4259587,supermarket,shop=supermarket
node/738186155,Norma,50.0148198,14.4278166,supermarket,shop=supermarket
way/33197272,Lidl,50.0152203,14.424525,supermarket,shop=supermarket
relation/18474973,Tesco,50.0167572,14.4012696,supermarket,shop=supermarket
node/30008132,Albert,50.0173015,14.4432314,supermarket,shop=supermarket
node/2409193496,Penny,50.0180254,14.4361267,supermarket,shop=supermarket
way/893993471,Lidl,50.0189576,14.3922847,supermarket,shop=supermarket
way/30917973,Lidl,50.019398,14.4534732,supermarket,shop=supermarket
node/6174708860,Billa,50.0203716,15.210773,supermarket,shop=supermarket
way/1097063324,Billa,50.0211731,14.4924537,supermarket,shop=supermarket
node/8691338814,Billa,50.0212797,15.7303264,supermarket,shop=supermarket
way/54064409,Kaufland,50.0214811,15.1851918,supermarket,shop=supermarket
way/1065239662,Lidl,50.0223757,15.7804993,supermarket,shop=supermarket
node/2079386246,PENNY,50.0228319,15.2077121,supermarket,shop=supermarket
node/1832296761,Billa,50.0232718,15.1969155,supermarket,shop=supermarket
node/11737658984,COOP,50.0238495,15.8323526,supermarket,shop=supermarket
way/1308563079,Kaufland,50.0240522,14.3532669,supermarket,shop=supermarket
node/1775805206,Billa,50.0243003,14.4272155,supermarket,shop=supermarket
node/1776783706,Albert,50.0245174,14.434833,supermarket,shop=supermarket
node/30011986,PENNY,50.0246086,14.4408655,supermarket,shop=supermarket
node/7501865143,Lidl,50.0252072,14.5158206,supermarket,shop=supermarket
node/354629707,Billa,50.0254031,15.2097633,supermarket,shop=supermarket
node/542947417,Lidl,50.0256165,14.4925538,supermarket,shop=supermarket
way/37078605,Billa,50.0256304,14.5150865,supermarket,shop=supermarket
way/150542423,PENNY,50.025838,14.5213937,supermarket,shop=supermarket
way/134467592,Kaufland,50.0260529,15.779608,supermarket,shop=supermarket
node/348135431,Albert,50.0262626,14.4516928,supermarket,shop=supermarket
node/9237562903,Tesco,50.0271,14.4333758,supermarket,shop=supermarket
way/50679014,Kubík,50.0272295,15.73103,supermarket,shop=supermarket
way/50219913,Penny,50.0274779,15.7614786,supermarket,shop=supermarket
node/7156284497,Billa,50.0275881,15.1973401,supermarket,shop=supermarket
node/5246911521,Norma,50.028953,14.5293378,supermarket,shop=supermarket
way/48065369,Billa,50.0295674,15.7710899,supermarket,shop=supermarket
node/11737630126,Coop,50.0298119,15.8040257,supermarket,shop=supermarket
node/7581142045,Billa,50.0299306,14.594246,supermarket,shop=supermarket
way/1246169782,PENNY,50.0304342,15.7911095,supermarket,shop=supermarket
way/172854727,Lidl,50.0306395,14.5328142,supermarket,shop=supermarket
node/5180955929,Albert,50.0306689,14.3687463,supermarket,shop=supermarket
node/12396729764,Billa,50.0307608,14.2788565,supermarket,shop=supermarket
node/3394699065,Albert,50.03095,14.4903142,supermarket,shop=supermarket
way/32668545,Lidl,50.030988,15.183753,supermarket,shop=supermarket
node/6174708826,PENNY,50.0310893,14.6113698,supermarket,shop=supermarket
node/11012668379,Albert,50.0313286,14.5291828,supermarket,shop=supermarket
node/1272543005,Albert,50.0314176,14.3749598,supermarket,shop=supermarket
node/3206271269,Tesco,50.0321142,14.5143293,supermarket,shop=supermarket
node/297037994,Norma,50.032119,14.5974424,supermarket,shop=supermarket
node/13657101659,Penny,50.032591,14.518319,supermarket,shop=supermarket
way/60180018,Lidl,50.0327037,14.3840768,supermarket,shop=supermarket
node/3394785494,Lidl,50.032724,15.750031,supermarket,shop=supermarket
node/334399644,Albert,50.0327803,14.4821926,supermarket,shop=supermarket
node/11737738543,Coop,50.0327911,15.770038,supermarket,shop=supermarket
node/290873618,Albert,50.0344991,15.7527526,supermarket,shop=supermarket
node/1272543031,Billa,50.0347909,14.3776706,supermarket,shop=supermarket
way/217908637,Lidl,50.0352661,14.2304862,supermarket,shop=supermarket
node/2169663861,PENNY,50.0360252,14.4124101,supermarket,shop=supermarket
node/6174708881,PENNY,50.0363365,15.779343,supermarket,shop=supermarket
node/9986834114,Tesco,50.0364111,15.7675559,supermarket,shop=supermarket
node/11737666936,Coop Tip,50.0370026,15.7972727,supermarket,shop=supermarket
node/3206271268,PENNY,50.0371065,14.5148779,supermarket,shop=supermarket
way/88820266,Albert,50.0378197,14.507247,supermarket,shop=supermarket
node/6174708880,Billa,50.0379954,15.7764552,supermarket,shop=supermarket
node/1860635934,Albert,50.0380193,14.3389028,supermarket,shop=supermarket
way/211553848,PENNY,50.0380847,15.5644961,supermarket,shop=supermarket
way/847806252,Lidl,50.0391659,14.5892196,supermarket,shop=supermarket
way/50797878,Billa,50.0393237,15.5555505,supermarket,shop=supermarket
way/530787933,PENNY,50.0394622,16.5107962,supermarket,shop=supermarket
way/89980559,Lidl,50.0404005,14.333991,supermarket,shop=supermarket
node/1759813767,Albert,50.040592,14.5589473,supermarket,shop=supermarket
way/62045835,Albert,50.0408768,14.4375465,supermarket,shop=supermarket
way/234030534,Tesco,50.0412988,15.5669566,supermarket,shop=supermarket
node/2138820745,Billa,50.0428568,14.3147507,supermarket,shop=supermarket
node/339877429,Billa,50.0435479,14.4491835,supermarket,shop=supermarket
way/927552200,PENNY,50.043643,15.3598418,supermarket,shop=supermarket
node/9194953221,Globus,50.0438784,15.8085106,supermarket,shop=supermarket
node/296725799,Albert,50.0439184,15.8050807,supermarket,shop=supermarket
node/2939437387,Billa,50.0442154,14.3318672,supermarket,shop=supermarket
node/2011336251,Albert,50.0442586,15.7525273,supermarket,shop=supermarket
node/541478371,Albert,50.0443649,14.5177823,supermarket,shop=supermarket
way/452100481,Kaufland,50.044545,14.5686342,supermarket,shop=supermarket
node/3280838768,Lidl,50.0446319,14.4489177,supermarket,shop=supermarket
way/764879868,Lidl,50.0447092,15.8043968,supermarket,shop=supermarket
node/5511978121,Penny,50.0448814,14.3217543,supermarket,shop=supermarket
node/345837171,Albert,50.0450909,14.3212944,supermarket,shop=supermarket
node/296577879,PENNY,50.0455038,15.8076637,supermarket,shop=supermarket
node/345837173,Tesco,50.0455532,14.3227934,supermarket,shop=supermarket
way/32953949,Albert,50.0466021,14.4471969,supermarket,shop=supermarket
way/788676575,Lidl,50.0468166,14.546887,supermarket,shop=supermarket
node/13115860853,Albert,50.0468357,14.3102411,supermarket,shop=supermarket
node/2428572837,Albert,50.046848,14.3547575,supermarket,shop=supermarket
node/1370014421,Albert,50.0470371,14.4879749,supermarket,shop=supermarket
way/8919570,Billa,50.0472273,14.5538842,supermarket,shop=supermarket
node/312449009,Kaufland,50.0473174,15.7504987,supermarket,shop=supermarket
node/316726682,NORMA,50.0474119,14.518524,supermarket,shop=supermarket
way/292808344,Lidl,50.0474923,15.7653588,supermarket,shop=supermarket
way/31525634,PENNY,50.0477105,14.5577151,supermarket,shop=supermarket
node/1703308201,PENNY,50.0481051,14.4932199,supermarket,shop=supermarket
relation/4873373,Norma,50.0481727,14.4357767,supermarket,shop=supermarket
node/2886146306,Albert,50.0488931,14.4531795,supermarket,shop=supermarket
node/839284699,Tesco,50.0494883,14.295026,supermarket,shop=supermarket
node/11737705136,Coop Tuty,50.0500021,15.7577067,supermarket,shop=supermarket
node/10009604164,Mix Markt,50.0502347,14.3418705,supermarket,shop=supermarket
node/288077250,Albert,50.0503636,14.5439582,supermarket,shop=supermarket
node/11945629694,Penny,50.0503884,14.4431879,supermarket,shop=supermarket
way/141689258,Albert,50.0503923,14.3412645,supermarket,shop=supermarket
node/1990367866,Albert,50.0507777,14.43742,supermarket,shop=supermarket
node/3472633634,Norma,50.0517569,14.5418152,supermarket,shop=supermarket
way/42201209,Kaufland,50.0520758,14.3354697,supermarket,shop=supermarket
node/2516060993,Albert,50.0528941,14.2848273,supermarket,shop=supermarket
relation/7147990,Globus,50.0529531,14.2981827,supermarket,shop=supermarket
node/486741799,Albert,50.0531797,14.5175827,supermarket,shop=supermarket
way/100639575,Lidl,50.0536548,14.5266747,supermarket,shop=supermarket
way/31117227,Lidl,50.053934,14.3302591,supermarket,shop=supermarket
way/643358697,Billa,50.0549946,14.2299371,supermarket,shop=supermarket
way/1128467077,Lidl,50.0552733,15.7638847,supermarket,shop=supermarket
node/6169741809,PENNY,50.0553099,12.988624,supermarket,shop=supermarket
way/641974323,Lidl,50.0553905,14.3418665,supermarket,shop=supermarket
way/24241721,Kaufland,50.0559144,14.4704234,supermarket,shop=supermarket
way/264918989,Albert,50.0563537,15.7630191,supermarket,shop=supermarket
node/13530018811,Billa,50.0564539,14.3716236,supermarket,shop=supermarket
way/1318774110,Tesco,50.0567807,14.4977793,supermarket,shop=supermarket
node/5244052651,Billa,50.0568293,14.371461,supermarket,shop=supermarket
way/1389537841,Albert,50.0569632,14.5079921,supermarket,shop=supermarket
node/11248528267,Penny,50.0572063,14.3832614,supermarket,shop=supermarket
way/125152115,PENNY,50.0581392,14.5118742,supermarket,shop=supermarket
way/1319838567,Penny,50.0582397,14.4926212,supermarket,shop=supermarket
way/67979333,Hruška,50.0582586,17.6236923,supermarket,shop=supermarket
way/264919010,Globus,50.0583461,15.7518199,supermarket,shop=supermarket
node/7092849966,Billa,50.0603299,14.4702241,supermarket,shop=supermarket
node/8753786052,Lidl,50.0626197,15.2283661,supermarket,shop=supermarket
node/1813847447,Tesco,50.0626803,14.4420817,supermarket,shop=supermarket
way/667944912,Lidl,50.0642779,14.4925837,supermarket,shop=supermarket
node/7211088386,Coop Tuty,50.0646912,15.8534028,supermarket,shop=supermarket
node/13168289584,Penny,50.0649959,14.4376497,supermarket,shop=supermarket
node/1008232222,Albert,50.0652959,14.3087537,supermarket,shop=supermarket
way/86678439,Billa,50.0653477,14.3105059,supermarket,shop=supermarket
way/371124617,Lidl,50.0654268,14.3014636,supermarket,shop=supermarket
node/566407814,Albert,50.0655783,14.3888503,supermarket,shop=supermarket
node/12161558806,Globus,50.0660608,14.3009107,supermarket,shop=supermarket
node/3206653773,Lidl,50.0662433,14.4228632,supermarket,shop=supermarket
node/310299070,Lidl,50.0667813,14.4447183,supermarket,shop=supermarket
node/4969055210,Billa,50.0670596,14.7363099,supermarket,shop=supermarket
node/6266582468,PENNY,50.0671327,14.5490295,supermarket,shop=supermarket
node/6769021390,PENNY,50.0673723,14.4619285,supermarket,shop=supermarket
node/12078827118,Albert,50.0673778,14.4040209,supermarket,shop=supermarket
node/1870550874,Albert,50.0674856,15.9878337,supermarket,shop=supermarket
node/290174986,Tesco Extra,50.0676356,14.4683064,supermarket,shop=supermarket
node/299755181,Albert,50.0677807,14.5095033,supermarket,shop=supermarket
way/669204270,Lidl,50.0679976,14.5464673,supermarket,shop=supermarket
node/2535862341,COOP Jednota,50.0680318,14.8534896,supermarket,shop=supermarket
way/79091249,PENNY,50.0681259,14.2963993,supermarket,shop=supermarket
node/7281811322,Lidl,50.0688498,14.4032489,supermarket,shop=supermarket
way/48905049,Billa,50.0689085,14.4327967,supermarket,shop=supermarket
node/10139532938,Albert,50.0690488,14.3683012,supermarket,shop=supermarket
node/2213334810,Albert,50.0692803,14.4541183,supermarket,shop=supermarket
node/1008046774,Norma,50.0694452,14.3038944,supermarket,shop=supermarket
way/139125732,PENNY,50.0696088,14.7318755,supermarket,shop=supermarket
node/6968239067,Lidl,50.0699635,14.3805617,supermarket,shop=supermarket
way/229726178,PENNY,50.0703496,12.3785473,supermarket,shop=supermarket
way/8952208,Tesco Extra,50.0707931,14.5108136,supermarket,shop=supermarket
node/338836218,Albert,50.0708342,14.4039476,supermarket,shop=supermarket
node/1122690293,Albert,50.0711645,12.3671743,supermarket,shop=supermarket
way/49854569,Albert,50.0716059,14.4822424,supermarket,shop=supermarket
node/11378003210,Albert,50.0722733,14.7062343,supermarket,shop=supermarket
node/1778375568,Globus,50.072307,14.5420856,supermarket,shop=supermarket
node/668643676,Albert,50.0724115,14.6808505,supermarket,shop=supermarket
node/6061244163,Billa,50.0725443,14.4969866,supermarket,shop=supermarket
way/30974522,PENNY,50.0728833,14.8641609,supermarket,shop=supermarket
node/1159977106,Lidl,50.0729625,15.9819425,supermarket,shop=supermarket
way/30974523,Lidl,50.0734168,14.8653229,supermarket,shop=supermarket
node/1159988019,Penny Market,50.0735638,15.9832538,supermarket,shop=supermarket
node/12956046979,Penny,50.0737713,14.4069326,supermarket,shop=supermarket
way/274919877,Norma,50.0741673,12.3634546,supermarket,shop=supermarket
way/42768893,Lidl,50.0742646,14.3111233,supermarket,shop=supermarket
node/2261827383,Billa,50.074838,14.4560014,supermarket,shop=supermarket
node/6174708829,Billa,50.0748569,14.8648075,supermarket,shop=supermarket
node/11411640193,Billa,50.0752278,14.4560069,supermarket,shop=supermarket
node/1719924580,Billa,50.0754211,14.418262,supermarket,shop=supermarket
way/49852582,Lidl,50.075583,14.6600119,supermarket,shop=supermarket
node/11654799244,Bonveno,50.0756529,14.4893837,supermarket,shop=supermarket
node/11432169469,Penny,50.075829,14.4041865,supermarket,shop=supermarket
node/2411753465,Albert,50.0760444,14.4376028,supermarket,shop=supermarket
node/1481433552,Penny,50.0763461,16.9316645,supermarket,shop=supermarket
node/6174709798,Albert,50.0767916,14.4423974,supermarket,shop=supermarket
node/290036012,Albert,50.0768013,14.4190215,supermarket,shop=supermarket
node/3450036844,Penny,50.0771819,14.4633427,supermarket,shop=supermarket
node/8066115121,PENNY,50.0772471,14.4875531,supermarket,shop=supermarket
way/48059058,Kaufland,50.0772616,14.3395944,supermarket,shop=supermarket
node/10098859287,Albert,50.0772757,12.3715644,supermarket,shop=supermarket
node/320077534,Albert,50.0773172,14.4544006,supermarket,shop=supermarket
way/88115173,PENNY,50.0775421,14.6487033,supermarket,shop=supermarket
node/5577218971,Albert,50.077649,14.4986543,supermarket,shop=supermarket
node/2420223885,Lidl,50.0778924,14.4769651,supermarket,shop=supermarket
way/97173905,Kaufland,50.0779402,12.3803329,supermarket,shop=supermarket
node/1327593182,Lidl,50.0779952,14.4756333,supermarket,shop=supermarket
way/97173591,Norma,50.0786701,12.3755732,supermarket,shop=supermarket
node/1128065709,PENNY,50.0786928,16.4618552,supermarket,shop=supermarket
way/486402750,Albert,50.0790363,14.4612962,supermarket,shop=supermarket
way/98164870,Lidl,50.0807458,14.2546512,supermarket,shop=supermarket
node/282762022,Billa,50.0811105,14.4242624,supermarket,shop=supermarket
way/191389311,PENNY,50.0812698,16.7601752,supermarket,shop=supermarket
node/2629102052,Hruška,50.0813461,17.6912633,supermarket,shop=supermarket
node/4020587067,Lidl,50.0813576,14.4991038,supermarket,shop=supermarket
node/3530775057,Billa,50.0815459,14.4198654,supermarket,shop=supermarket
way/80533152,Coop,50.0818871,16.7604254,supermarket,shop=supermarket
way/250960679,Tesco,50.0819246,14.2382154,supermarket,shop=supermarket
way/97157897,Tesco,50.0820369,12.3790229,supermarket,shop=supermarket
node/12750290486,Tesco,50.0821982,14.419435,supermarket,shop=supermarket
node/306612562,Albert,50.0823704,14.4553256,supermarket,shop=supermarket
node/7164413311,Albert,50.0825152,14.4266494,supermarket,shop=supermarket
node/316817961,Billa,50.0828499,14.5091296,supermarket,shop=supermarket
node/1977593516,Billa,50.0829566,14.4340534,supermarket,shop=supermarket
node/2021419648,Lidl,50.083461,12.3710669,supermarket,shop=supermarket
node/12243660905,Albert,50.0837463,14.4357591,supermarket,shop=supermarket
node/360643838,Albert,50.0839239,14.3666601,supermarket,shop=supermarket
node/3296089791,Penny market,50.0840481,14.2332029,supermarket,shop=supermarket
node/7164413317,Albert,50.0841629,14.4236192,supermarket,shop=supermarket
way/93185594,PENNY,50.0845946,12.3707959,supermarket,shop=supermarket
node/9439664234,Lidl,50.0846213,14.4464237,supermarket,shop=supermarket
node/7847804806,Lidl,50.0847991,14.4400866,supermarket,shop=supermarket
way/199558367,Billa,50.0851373,14.5793884,supermarket,shop=supermarket
node/7006056405,PENNY,50.0852738,14.1353488,supermarket,shop=supermarket
node/9798943375,Lidl,50.0852744,14.4256997,supermarket,shop=supermarket
way/112394032,Coop,50.0855625,14.1328072,supermarket,shop=supermarket
way/60909280,Billa,50.0859659,16.4619368,supermarket,shop=supermarket
way/26762153,Penny,50.0864608,14.4874458,supermarket,shop=supermarket
way/234310001,Albert,50.0867962,14.5637768,supermarket,shop=supermarket
node/11690181739,PENNY,50.0869948,17.6864994,supermarket,shop=supermarket
node/903047054,Kaufland,50.0873238,17.7076988,supermarket,shop=supermarket
node/903072146,Hruška,50.0873751,17.71756,supermarket,shop=supermarket
way/853507294,Lidl,50.0875329,14.1422199,supermarket,shop=supermarket
node/11832944995,Albert,50.0876218,14.4796599,supermarket,shop=supermarket
node/794536582,Billa,50.0877302,14.4571991,supermarket,shop=supermarket
way/45100655,Billa,50.0878043,14.3660286,supermarket,shop=supermarket
node/2146331128,Lidl,50.0879005,17.692682,supermarket,shop=supermarket
node/308724912,Billa,50.087905,14.3449654,supermarket,shop=supermarket
node/3183568881,Billa,50.0879764,14.4300293,supermarket,shop=supermarket
node/2121368296,Albert,50.0882063,17.6954336,supermarket,shop=supermarket
node/11463696531,Lidl,50.0886303,14.3513098,supermarket,shop=supermarket
node/4009046134,Albert,50.0892986,14.4345651,supermarket,shop=supermarket
node/5033643722,Albert,50.0898857,14.4303373,supermarket,shop=supermarket
node/3705283798,Lidl,50.0901086,14.4338679,supermarket,shop=supermarket
node/345830856,Norma,50.090128,14.3517423,supermarket,shop=supermarket
node/4223445632,PENNY,50.0903064,14.4276604,supermarket,shop=supermarket
node/1369322781,Billa,50.0903832,14.3091848,supermarket,shop=supermarket
way/688020600,Penny,50.0905056,15.0269361,supermarket,shop=supermarket
node/344792726,Lidl,50.0911134,14.4708565,supermarket,shop=supermarket
relation/6437889,Billa,50.091144,14.4400432,supermarket,shop=supermarket
node/2294869407,Hruška,50.0914433,17.7034378,supermarket,shop=supermarket
node/308582253,Albert,50.0915714,14.497311,supermarket,shop=supermarket
node/785999450,Albert,50.0917688,14.4402835,supermarket,shop=supermarket
node/3407645826,Albert,50.0921973,13.7243983,supermarket,shop=supermarket
way/194137938,Tesco,50.0922484,15.0297808,supermarket,shop=supermarket
node/2261816986,Albert,50.0926263,14.453012,supermarket,shop=supermarket
node/903099054,Billa,50.0926612,17.6885963,supermarket,shop=supermarket
node/538120422,Kaufland,50.0929332,14.4993925,supermarket,shop=supermarket
way/27994281,Lidl,50.0930692,14.5138102,supermarket,shop=supermarket
node/7660538920,Albert,50.0939005,14.2909021,supermarket,shop=supermarket
node/4869224081,Billa,50.0942817,14.451818,supermarket,shop=supermarket
node/6008224061,Lidl,50.0942823,14.4533071,supermarket,shop=supermarket
node/4633925198,CBA,50.0960313,16.6268538,supermarket,shop=supermarket
way/1385381704,Billa,50.0973417,14.3593111,supermarket,shop=supermarket
node/373388369,Albert,50.0974772,14.4655201,supermarket,shop=supermarket
way/1338016916,Billa,50.0974922,15.0397197,supermarket,shop=supermarket
node/4810063172,Billa,50.1000398,14.3906034,supermarket,shop=supermarket
way/30613792,Billa,50.1002208,14.4237238,supermarket,shop=supermarket
node/2651970586,Norma,50.1003389,14.4465301,supermarket,shop=supermarket
node/1426227052,Albert,50.1008493,14.3974632,supermarket,shop=supermarket
way/114210849,Billa,50.101069,13.7326082,supermarket,shop=supermarket
node/13468290118,Lidl,50.1014611,14.4502939,supermarket,shop=supermarket
node/13667998285,Albert,50.101573,14.3959542,supermarket,shop=supermarket
way/44846949,Lidl,50.1018553,14.4995112,supermarket,shop=supermarket
node/4923853452,PENNY,50.1019861,14.3994323,supermarket,shop=supermarket
way/32239591,Kaufland,50.1020489,14.4683871,supermarket,shop=supermarket
node/6996488637,Lidl,50.102247,14.4305061,supermarket,shop=supermarket
node/1418999533,Albert,50.102517,14.4348803,supermarket,shop=supermarket
node/6798399564,Billa,50.1025603,14.5177997,supermarket,shop=supermarket
node/10174067179,PENNY,50.1029322,14.4455608,supermarket,shop=supermarket
node/11411644109,Lidl,50.1034771,14.4545179,supermarket,shop=supermarket
way/49338031,Billa,50.1035406,14.4441367,supermarket,shop=supermarket
node/2624165996,Albert,50.1039057,14.5103549,supermarket,shop=supermarket
node/2047259032,Albert,50.1041123,14.4895842,supermarket,shop=supermarket
way/33702380,Billa,50.1049323,14.4737794,supermarket,shop=supermarket
node/309102997,PENNY,50.1054923,14.5371267,supermarket,shop=supermarket
node/1103242339,Albert,50.1055992,14.4502067,supermarket,shop=supermarket
way/72224718,Albert,50.1056795,14.5593715,supermarket,shop=supermarket
node/3768859267,Albert,50.1057031,14.5745073,supermarket,shop=supermarket
way/1055671432,Billa,50.1058443,14.0771787,supermarket,shop=supermarket
node/1820676085,Billa,50.1061839,14.2660346,supermarket,shop=supermarket
way/33702339,Albert,50.1068861,14.475948,supermarket,shop=supermarket
node/3166338390,Billa,50.1071567,14.4545999,supermarket,shop=supermarket
node/3405836565,Lidl,50.1072387,13.7146153,supermarket,shop=supermarket
node/846192809,Hruška,50.1076037,17.4423686,supermarket,shop=supermarket
node/11173440686,NORMA,50.1076463,13.7305711,supermarket,shop=supermarket
node/3115471022,Globus,50.1077344,14.5850634,supermarket,shop=supermarket
way/330618132,PENNY,50.1078117,14.5469079,supermarket,shop=supermarket
node/3405836566,PENNY,50.1085183,13.7109367,supermarket,shop=supermarket
way/700605828,Kaufland,50.1092814,14.5446021,supermarket,shop=supermarket
way/28057333,Lidl,50.1097706,14.5905762,supermarket,shop=supermarket
way/859704000,Kaufland,50.1097817,13.7379669,supermarket,shop=supermarket
way/104828479,Lidl,50.1097943,14.4986805,supermarket,shop=supermarket
way/28141969,Lidl,50.1098249,14.5369576,supermarket,shop=supermarket
node/280948702,Billa,50.1099026,14.5009423,supermarket,shop=supermarket
way/114034658,Tesco,50.1105776,13.7357916,supermarket,shop=supermarket
node/1087973016,Albert,50.1112966,14.3253551,supermarket,shop=supermarket
way/257759176,Kaufland,50.1117474,14.3926059,supermarket,shop=supermarket
node/1155324398,Albert,50.1123785,14.6176112,supermarket,shop=supermarket
way/682103481,Albert,50.1126539,14.3797711,supermarket,shop=supermarket
node/539236483,PENNY,50.1130307,14.6007584,supermarket,shop=supermarket
way/142498717,Penny,50.1132131,12.5311965,supermarket,shop=supermarket
node/12556569685,Penny Market,50.1144131,14.6760687,supermarket,shop=supermarket
way/655168346,PENNY,50.1163218,16.2898948,supermarket,shop=supermarket
way/202640602,Lidl,50.1172102,14.6282951,supermarket,shop=supermarket
node/502203099,Teta,50.1183795,14.6600415,supermarket,shop=supermarket
node/263891455,Billa,50.1197078,14.4995069,supermarket,shop=supermarket
way/50051985,Albert,50.1206022,17.3818748,supermarket,shop=supermarket
node/12546577216,Billa,50.121176,16.2859922,supermarket,shop=supermarket
node/3831722145,Penny Market,50.1216934,17.3812308,supermarket,shop=supermarket
node/673535427,Coop,50.1220538,16.2169632,supermarket,shop=supermarket
node/895790985,PENNY,50.1223072,14.507303,supermarket,shop=supermarket
way/60976568,Penny,50.1226559,16.2184487,supermarket,shop=supermarket
way/25837348,Lidl,50.12307,14.5107147,supermarket,shop=supermarket
node/150758891,Billa,50.1232741,14.4970256,supermarket,shop=supermarket
node/1392182738,Norma,50.1236873,14.4909453,supermarket,shop=supermarket
node/7098869597,Lidl,50.1239418,14.4838697,supermarket,shop=supermarket
node/321225832,Albert,50.1244899,14.4558505,supermarket,shop=supermarket
node/150759811,Penny,50.1254269,14.4941943,supermarket,shop=supermarket
way/60099621,Tesco,50.1261223,14.1189677,supermarket,shop=supermarket
node/2241355097,PENNY,50.1261775,14.1224909,supermarket,shop=supermarket
node/895860292,Penny,50.1265064,14.4219078,supermarket,shop=supermarket
node/895799680,Albert,50.126957,14.4508897,supermarket,shop=supermarket
node/285445813,Albert,50.12715,14.469259,supermarket,shop=supermarket
way/415376587,Lidl,50.1272869,14.7096209,supermarket,shop=supermarket
way/207030817,Lidl,50.1273822,12.3467988,supermarket,shop=supermarket
node/2757557394,Kaufland,50.1275179,14.4822755,supermarket,shop=supermarket
node/2517066440,Billa,50.1276105,14.419123,supermarket,shop=supermarket
node/9327889571,PENNY,50.1277971,14.4699239,supermarket,shop=supermarket
node/1819891516,Norma,50.128466,14.4762592,supermarket,shop=supermarket
node/9543367827,Billa,50.1292088,14.54207,supermarket,shop=supermarket
way/60104049,Lidl,50.1296623,14.1134911,supermarket,shop=supermarket
node/3829740229,PENNY,50.13052,14.4233273,supermarket,shop=supermarket
way/36975562,Lidl,50.1307062,14.418483,supermarket,shop=supermarket
way/60098055,Kaufland,50.1311022,14.1165831,supermarket,shop=supermarket
node/391007652,Albert,50.1313224,14.4098781,supermarket,shop=supermarket
node/1204747332,Billa,50.1319942,14.5502915,supermarket,shop=supermarket
way/50069427,Lidl,50.132072,14.4292488,supermarket,shop=supermarket
node/452961097,Billa,50.1327173,14.1401246,supermarket,shop=supermarket
node/1796946505,Norma,50.1327268,14.1360504,supermarket,shop=supermarket
way/60753133,PENNY,50.1328271,14.1114872,supermarket,shop=supermarket
way/1056298262,Norma,50.1328968,14.9755998,supermarket,shop=supermarket
node/282827053,Norma,50.1329737,14.4700376,supermarket,shop=supermarket
way/113491606,PENNY,50.1330473,14.4517216,supermarket,shop=supermarket
way/846127261,Lidl,50.1341669,15.1032307,supermarket,shop=supermarket
node/730216449,Albert,50.1344703,14.1289285,supermarket,shop=supermarket
node/10536238081,Lidl,50.134489,14.1385406,supermarket,shop=supermarket
node/130238891,Tesco,50.1351102,14.501333,supermarket,shop=supermarket
way/16702178,PENNY,50.1351593,14.5074517,supermarket,shop=supermarket
way/759569897,Tesco,50.1352676,15.0978246,supermarket,shop=supermarket
node/622853862,Norma,50.1356282,14.1030181,supermarket,shop=supermarket
node/2427182333,Tesco,50.1356514,12.7968323,supermarket,shop=supermarket
node/391019307,Albert,50.1358249,14.4318255,supermarket,shop=supermarket
node/1436674314,Albert,50.1364835,14.1015222,supermarket,shop=supermarket
way/281136234,PENNY,50.13712,14.1365142,supermarket,shop=supermarket
node/4250957504,Albert,50.1385232,14.508263,supermarket,shop=supermarket
node/2537009719,Coop,50.1385631,12.7938303,supermarket,shop=supermarket
node/3369868010,Coop,50.1402864,14.0746442,supermarket,shop=supermarket
node/3389729156,PENNY,50.1403303,14.0809442,supermarket,shop=supermarket
way/132858567,Lidl,50.1411576,14.3439283,supermarket,shop=supermarket
way/1112204805,Lidl,50.1417369,14.0647788,supermarket,shop=supermarket
node/3670164164,Albert,50.1420462,14.1034842,supermarket,shop=supermarket
way/110447034,Billa,50.1424734,14.0843227,supermarket,shop=supermarket
way/562511500,Lidl,50.1433391,14.5065811,supermarket,shop=supermarket
node/1994994836,Albert,50.1437238,15.116341,supermarket,shop=supermarket
way/595747674,Billa,50.1442132,14.0968665,supermarket,shop=supermarket
node/1721824145,Billa,50.1442493,16.084294,supermarket,shop=supermarket
way/229141062,Tesco,50.1445484,13.9661486,supermarket,shop=supermarket
way/106290498,Norma,50.1452202,14.5818722,supermarket,shop=supermarket
node/7547501345,Billa,50.1456967,15.1316176,supermarket,shop=supermarket
node/3820906477,Billa,50.1464333,14.4512515,supermarket,shop=supermarket
node/2300645306,Lidl,50.1468176,14.1055818,supermarket,shop=supermarket
node/11493997349,Billa,50.1472507,13.9063581,supermarket,shop=supermarket
node/1721825845,PENNY,50.1480318,16.0688019,supermarket,shop=supermarket
way/153739820,Penny,50.1505715,15.1215889,supermarket,shop=supermarket
way/17100151,Globus,50.1514204,14.5057782,supermarket,shop=supermarket
node/7141079465,Billa,50.1526289,14.5902286,supermarket,shop=supermarket
way/1059507093,Kaufland,50.1530884,15.1173938,supermarket,shop=supermarket
node/2039090686,Penny,50.1536067,15.4633668,supermarket,shop=supermarket
way/60771704,PENNY,50.1543851,16.2783059,supermarket,shop=supermarket
way/1136706789,Lidl,50.1545713,14.7457336,supermarket,shop=supermarket
way/201720605,Tesco,50.1554848,14.7441634,supermarket,shop=supermarket
way/60769066,Tesco,50.1558278,16.2762702,supermarket,shop=supermarket
way/627800391,Lidl,50.1558783,14.5228567,supermarket,shop=supermarket
way/104011765,Billa,50.1562493,14.7422195,supermarket,shop=supermarket
way/118811166,PENNY,50.1566337,13.8947267,supermarket,shop=supermarket
way/227925785,Kaufland,50.1572019,16.2752177,supermarket,shop=supermarket
way/218168578,Lidl,50.1575176,13.8956314,supermarket,shop=supermarket
way/60771857,Billa,50.1577718,16.2834016,supermarket,shop=supermarket
way/104011967,PENNY,50.15784,14.742828,supermarket,shop=supermarket
node/2039073841,Lidl,50.1583225,15.4477807,supermarket,shop=supermarket
way/85487461,Tesco,50.1603701,14.3782805,supermarket,shop=supermarket
way/394912793,Billa,50.1604084,14.4850207,supermarket,shop=supermarket
node/6174708827,Albert,50.1617676,14.3931279,supermarket,shop=supermarket
way/76419017,Albert,50.1627851,14.7492101,supermarket,shop=supermarket
node/4303444334,COOP Jednota,50.1628432,16.9472802,supermarket,shop=supermarket
node/354656298,Lidl,50.1630819,16.2721588,supermarket,shop=supermarket
node/3939558467,Hruška,50.1641229,17.5774874,supermarket,shop=supermarket
way/60772444,PENNY,50.1643915,16.283871,supermarket,shop=supermarket
node/2352700277,Penny,50.1726526,12.6645864,supermarket,shop=supermarket
node/2352700278,Penny,50.1741294,12.6517366,supermarket,shop=supermarket
node/2352700280,Tesco,50.174925,12.6682705,supermarket,shop=supermarket
node/2352700265,Lidl,50.175159,12.6750419,supermarket,shop=supermarket
way/38738617,Lidl,50.1753932,14.6665013,supermarket,shop=supermarket
way/454724042,Lidl,50.1755572,14.4505363,supermarket,shop=supermarket
way/76641742,Tesco,50.1758131,14.6705068,supermarket,shop=supermarket
node/2352700257,Kaufland,50.1766324,12.6749087,supermarket,shop=supermarket
way/179939743,Kaufland,50.1773395,15.0444014,supermarket,shop=supermarket
way/47483430,Lidl,50.1783002,15.0448213,supermarket,shop=supermarket
way/477691785,Kaufland,50.1785158,14.6686968,supermarket,shop=supermarket
way/53857585,PENNY,50.1800035,15.0263853,supermarket,shop=supermarket
node/2352700237,Billa,50.1824595,12.6489395,supermarket,shop=supermarket
node/6174709785,Tesco,50.1832877,12.5576991,supermarket,shop=supermarket
node/1889831342,Penny,50.183498,14.6569985,supermarket,shop=supermarket
way/476866353,Penny,50.1837799,15.8259991,supermarket,shop=supermarket
way/101545552,Albert,50.1853991,15.8468697,supermarket,shop=supermarket
way/76740502,Penny,50.1879121,14.6555592,supermarket,shop=supermarket
node/10125555817,Albert,50.1883128,15.0531569,supermarket,shop=supermarket
way/50204820,Lidl,50.1897095,15.8508509,supermarket,shop=supermarket
way/380199056,COOP Jednota,50.1901153,13.621701,supermarket,shop=supermarket
node/910434910,Albert,50.1906734,15.8457402,supermarket,shop=supermarket
node/9327599503,Tesco,50.1907224,15.8033782,supermarket,shop=supermarket
way/150833660,COOP Jednota,50.1907555,14.0790315,supermarket,shop=supermarket
node/296559009,COOP Jednota,50.1912724,15.0301718,supermarket,shop=supermarket
node/6174708883,Billa,50.1925562,15.8413929,supermarket,shop=supermarket
way/116589706,Tesco,50.1932835,14.4936549,supermarket,shop=supermarket
way/32346692,Penny,50.1961328,14.8481565,supermarket,shop=supermarket
node/392789513,Coop,50.1961642,14.2475951,supermarket,shop=supermarket
node/910434915,Albert,50.1968225,15.8398879,supermarket,shop=supermarket
node/6790698688,Norma,50.1968238,14.6763934,supermarket,shop=supermarket
node/2180626100,Tesco,50.1970516,15.8497236,supermarket,shop=supermarket
node/10068135756,Tesco,50.1982082,14.8513229,supermarket,shop=supermarket
node/13414029905,Albert Supermarket,50.1990634,15.7806698,supermarket,shop=supermarket
node/296840095,Hruška,50.1996881,15.8482674,supermarket,shop=supermarket
node/1172189369,Hruška,50.200267,15.8163388,supermarket,shop=supermarket
way/32529457,PENNY,50.2005656,14.8426226,supermarket,shop=supermarket
node/6174708882,PENNY,50.2007687,15.9897906,supermarket,shop=supermarket
node/7850378653,PENNY,50.2012666,14.6856953,supermarket,shop=supermarket
node/12897318929,"Perník, s.r.o.",50.2032968,15.7117115,supermarket,shop=supermarket
node/11731418833,Billa,50.2043689,14.6880743,supermarket,shop=supermarket
node/6174708866,Penny,50.206053,15.2957851,supermarket,shop=supermarket
node/1172189354,Albert,50.2067677,15.8163022,supermarket,shop=supermarket
node/446998545,Albert,50.2120068,15.8526002,supermarket,shop=supermarket
node/6174708884,Billa,50.2126491,15.8111713,supermarket,shop=supermarket
node/4201091586,Tesco,50.2129148,15.8176942,supermarket,shop=supermarket
node/1190796397,Lidl,50.2136038,15.8581594,supermarket,shop=supermarket
node/690110773,Tesco,50.2141873,12.1998791,supermarket,shop=supermarket
way/50565625,Penny,50.214851,15.8463324,supermarket,shop=supermarket
way/198771013,Lidl,50.2171497,12.1761774,supermarket,shop=supermarket
node/2061266968,Kaufland,50.2174484,15.8392061,supermarket,shop=supermarket
way/181395640,Lidl,50.217889,15.8132333,supermarket,shop=supermarket
way/50565099,Lidl,50.2179867,15.8364554,supermarket,shop=supermarket
node/317935131,PENNY,50.2182631,15.8324631,supermarket,shop=supermarket
way/97494503,Globus,50.2188573,12.805925,supermarket,shop=supermarket
way/50566321,Hruška,50.2205486,15.8456173,supermarket,shop=supermarket
way/80142759,Billa,50.2212995,12.1913089,supermarket,shop=supermarket
way/198771205,PENNY,50.2218103,12.1908507,supermarket,shop=supermarket
way/1259340985,PENNY,50.2224116,14.5911467,supermarket,shop=supermarket
way/1224810370,Tesco,50.2232281,14.4169842,supermarket,shop=supermarket
node/11389411441,NORMA,50.2247424,13.4176755,supermarket,shop=supermarket
way/97544276,Tesco,50.2250399,12.8219085,supermarket,shop=supermarket
way/90577092,Kaufland,50.2254008,17.1984324,supermarket,shop=supermarket
way/552376698,PENNY,50.2265459,14.4097073,supermarket,shop=supermarket
node/3008420354,Coop,50.2265972,17.1955898,supermarket,shop=supermarket
way/122059171,PENNY,50.2267078,17.2068547,supermarket,shop=supermarket
way/121871329,Albert,50.2269514,17.2030113,supermarket,shop=supermarket
way/38742870,Tesco,50.227189,14.8794775,supermarket,shop=supermarket
node/4601279491,Albert,50.2272937,12.8405484,supermarket,shop=supermarket
way/105682053,Kaufland,50.2273419,14.0888915,supermarket,shop=supermarket
way/82840014,Coop,50.2274774,14.0790252,supermarket,shop=supermarket
way/1338669784,Tesco,50.2275624,14.0843507,supermarket,shop=supermarket
way/82924198,PENNY,50.2280538,14.0906928,supermarket,shop=supermarket
way/38742873,PENNY,50.2281608,14.8795213,supermarket,shop=supermarket
way/62151707,Penny,50.2284149,12.8544051,supermarket,shop=supermarket
way/105682086,Lidl,50.2286984,14.0895123,supermarket,shop=supermarket
way/53865798,Billa,50.22907,14.862049,supermarket,shop=supermarket
node/9281591645,Lidl,50.2290802,14.8566668,supermarket,shop=supermarket
node/4468690675,Coop,50.2292722,12.8652744,supermarket,shop=supermarket
node/5254806923,Billa,50.2295021,12.871595,supermarket,shop=supermarket
node/6169741788,PENNY,50.2295221,13.4089114,supermarket,shop=supermarket
way/32138515,Billa,50.2298043,14.0713692,supermarket,shop=supermarket
node/3700768435,Albert,50.2316331,12.8700183,supermarket,shop=supermarket
way/310216269,Lidl,50.2318749,12.8489667,supermarket,shop=supermarket
node/2304964473,Lidl,50.2324497,12.7467991,supermarket,shop=supermarket
way/189412448,Kaufland,50.2332926,12.8413259,supermarket,shop=supermarket
node/6169741787,Billa,50.2340423,13.4145024,supermarket,shop=supermarket
way/62150598,Lidl,50.2346937,12.874071,supermarket,shop=supermarket
way/479703849,Billa,50.2348524,12.8974022,supermarket,shop=supermarket
way/210828290,Lidl,50.2358668,17.2056415,supermarket,shop=supermarket
node/2390830320,Penny,50.2358708,15.4896333,supermarket,shop=supermarket
way/480421996,PENNY,50.2366956,12.897464,supermarket,shop=supermarket
way/122059214,Billa,50.2371699,17.2061779,supermarket,shop=supermarket
node/2304964541,Tesco,50.238099,12.743338,supermarket,shop=supermarket
node/2390831232,Lidl,50.2383686,15.4883727,supermarket,shop=supermarket
node/6169741805,Penny,50.238532,12.837456,supermarket,shop=supermarket
node/2536648106,Tesco,50.2389478,12.8489089,supermarket,shop=supermarket
way/37131543,PENNY,50.2408657,14.3089554,supermarket,shop=supermarket
node/11839372609,NORMA,50.2409995,12.8528726,supermarket,shop=supermarket
node/854893068,Penny,50.2428703,15.4840127,supermarket,shop=supermarket
node/12620111055,Penny,50.2429487,14.3674944,supermarket,shop=supermarket
node/12620111054,Billa,50.2437596,14.3707058,supermarket,shop=supermarket
node/12981763137,Billa,50.244644,14.095103,supermarket,shop=supermarket
node/6169741808,PENNY,50.2448728,12.7418607,supermarket,shop=supermarket
way/38597653,PENNY,50.2496054,14.3198142,supermarket,shop=supermarket
way/38598135,Lidl,50.2521497,14.3194475,supermarket,shop=supermarket
way/42302770,Tesco,50.2525521,14.5117763,supermarket,shop=supermarket
node/3014833501,Tesco,50.2530401,14.3181859,supermarket,shop=supermarket
way/24027189,Billa,50.2537744,14.5207338,supermarket,shop=supermarket
way/38144166,Lidl,50.2548217,14.5258192,supermarket,shop=supermarket
way/24004530,Penny,50.25492,14.5224858,supermarket,shop=supermarket
node/2679337534,Albert,50.257016,14.5128407,supermarket,shop=supermarket
way/60760608,Coop,50.2710019,16.1191903,supermarket,shop=supermarket
way/915869181,Lidl,50.2811397,14.8323753,supermarket,shop=supermarket
way/235412518,Coop,50.2814883,14.2382406,supermarket,shop=supermarket
node/914754891,Billa,50.2859879,14.8248533,supermarket,shop=supermarket
node/459392123,Penny,50.2869457,14.827446,supermarket,shop=supermarket
node/8858965684,Penny,50.2889393,16.1677162,supermarket,shop=supermarket
node/8858965683,Lidl,50.2889991,16.1689721,supermarket,shop=supermarket
way/119490101,PENNY,50.3055169,12.9419023,supermarket,shop=supermarket
way/119490102,PENNY,50.3080189,12.9415763,supermarket,shop=supermarket
way/171459665,Lidl,50.31208,12.941095,supermarket,shop=supermarket
node/7755579581,COOP Jednota,50.3141327,17.189174,supermarket,shop=supermarket
way/126243033,Tesco,50.314539,13.5326618,supermarket,shop=supermarket
node/6169741789,Tesco,50.3148407,12.9468325,supermarket,shop=supermarket
way/689475386,Kaufland,50.31517,12.9440788,supermarket,shop=supermarket
way/216253605,Penny Žatec,50.3155661,13.5346691,supermarket,shop=supermarket
way/118339853,NORMA,50.3160629,12.9447764,supermarket,shop=supermarket
way/232367747,Norma,50.316561,13.5354705,supermarket,shop=supermarket
way/451749529,Penny,50.3184947,12.5184555,supermarket,shop=supermarket
node/1557810837,Penny,50.3212011,12.7289621,supermarket,shop=supermarket
way/292263461,Lidl,50.3229636,13.5439206,supermarket,shop=supermarket
way/75939777,Kaufland,50.3234814,13.5290043,supermarket,shop=supermarket
node/1557818465,Albert,50.3241934,12.7324894,supermarket,shop=supermarket
node/6169741803,Billa,50.3308347,12.5059855,supermarket,shop=supermarket
node/6778249415,Albert,50.3324523,12.5026431,supermarket,shop=supermarket
node/7601758037,Billa,50.3424599,14.4904432,supermarket,shop=supermarket
node/446779452,PENNY,50.345021,14.4938061,supermarket,shop=supermarket
node/814860819,Coop Tip,50.3450953,15.910084,supermarket,shop=supermarket
way/51927418,Lidl,50.3460183,15.907704,supermarket,shop=supermarket
node/3382653741,Tesco,50.3460557,14.4905339,supermarket,shop=supermarket
way/441963954,Kaufland,50.3461205,15.9064396,supermarket,shop=supermarket
way/82448789,Lidl,50.348578,14.4915879,supermarket,shop=supermarket
node/814839479,PENNY,50.3493197,15.9124044,supermarket,shop=supermarket
way/28963003,PENNY,50.34994,14.4897783,supermarket,shop=supermarket
node/3101594610,Kaufland,50.3530685,13.8158485,supermarket,shop=supermarket
way/82432084,Tesco,50.3542189,14.4840107,supermarket,shop=supermarket
way/115244383,PENNY,50.3543701,13.8069356,supermarket,shop=supermarket
way/115243868,Albert,50.3547248,13.8057977,supermarket,shop=supermarket
node/2028830082,Tesco,50.3554852,15.9129027,supermarket,shop=supermarket
node/5753330438,Billa,50.3561646,13.8025356,supermarket,shop=supermarket
way/115239695,PENNY,50.356361,13.7828109,supermarket,shop=supermarket
node/2028894702,PENNY,50.3567375,15.9154234,supermarket,shop=supermarket
way/115241424,Lidl,50.3568638,13.7798419,supermarket,shop=supermarket
node/33576718,Kaufland,50.3580811,14.4750262,supermarket,shop=supermarket
way/60519515,Albert,50.3593823,16.1474819,supermarket,shop=supermarket
node/12556249383,Penny,50.359665,16.1469558,supermarket,shop=supermarket
way/95004024,Coop,50.3605228,13.6960799,supermarket,shop=supermarket
way/255227241,COOP Jednota,50.363544,14.2506515,supermarket,shop=supermarket
node/1164095521,Billa,50.3663895,15.6279592,supermarket,shop=supermarket
way/176211860,Penny,50.3676711,15.6291569,supermarket,shop=supermarket
node/3012374635,Lidl,50.3704039,15.6345661,supermarket,shop=supermarket
node/11150078570,Hruška,50.3720899,17.1860835,supermarket,shop=supermarket
way/74123147,Kaufland,50.3834322,13.2754141,supermarket,shop=supermarket
way/74045784,Lidl,50.383825,13.2714878,supermarket,shop=supermarket
way/74045815,Penny,50.3841401,13.2700914,supermarket,shop=supermarket
way/74098144,Albert,50.3857869,13.2681014,supermarket,shop=supermarket
way/48958257,Tesco,50.3865691,13.1760864,supermarket,shop=supermarket
way/48958256,Lidl,50.386721,13.1780718,supermarket,shop=supermarket
way/48960750,Norma,50.3868265,13.1804374,supermarket,shop=supermarket
node/2385217661,Penny,50.3888103,13.193828,supermarket,shop=supermarket
node/1002469096,Penny,50.3960098,16.0468958,supermarket,shop=supermarket
node/2515902776,PENNY,50.4068038,14.0499642,supermarket,shop=supermarket
way/834192215,Albert,50.4080162,14.9410763,supermarket,shop=supermarket
node/915286698,PENNY,50.4086317,16.1580258,supermarket,shop=supermarket
node/915286696,Albert,50.4089637,16.1585526,supermarket,shop=supermarket
way/127268997,Penny Market,50.4113471,14.9310623,supermarket,shop=supermarket
way/77498114,Lidl,50.4118871,14.9335867,supermarket,shop=supermarket
way/77497574,Albert,50.4121292,14.9361322,supermarket,shop=supermarket
node/1013290520,PENNY,50.4181755,16.1768947,supermarket,shop=supermarket
node/2081223522,Lidl,50.4188808,16.1675356,supermarket,shop=supermarket
node/4583942289,Billa,50.420429,14.9153121,supermarket,shop=supermarket
node/6174709787,Billa,50.4214593,14.2544603,supermarket,shop=supermarket
way/92140147,PENNY,50.4228195,14.2447235,supermarket,shop=supermarket
way/92142438,Lidl,50.4230345,14.2460389,supermarket,shop=supermarket
node/3220607606,Kaufland,50.4239923,16.1915438,supermarket,shop=supermarket
node/2318534588,Kaufland,50.424029,14.2375297,supermarket,shop=supermarket
way/92125643,Tesco,50.4245093,14.2392744,supermarket,shop=supermarket
node/5618685231,Kaufland,50.4250356,14.9124596,supermarket,shop=supermarket
node/1777850486,Tesco,50.4252604,15.8099598,supermarket,shop=supermarket
way/1289593040,Lidl,50.4257397,15.8095206,supermarket,shop=supermarket
node/6174709788,PENNY,50.426039,14.2405048,supermarket,shop=supermarket
way/53099954,Albert,50.4269873,16.1952169,supermarket,shop=supermarket
node/927953429,Kaufland,50.4274682,15.8175588,supermarket,shop=supermarket
way/60374461,Penny,50.4279779,15.8071472,supermarket,shop=supermarket
node/1712942357,Albert,50.4288005,14.9177516,supermarket,shop=supermarket
node/480597872,Penny,50.4289805,15.8179291,supermarket,shop=supermarket
node/1712942370,Penny,50.431703,14.9222756,supermarket,shop=supermarket
way/37290727,Billa,50.431883,15.8173963,supermarket,shop=supermarket
way/52192239,Lidl,50.4319175,15.357327,supermarket,shop=supermarket
way/52192220,Kaufland,50.4320172,15.3554707,supermarket,shop=supermarket
way/77497332,Penny,50.4331828,14.9149419,supermarket,shop=supermarket
way/51792106,PENNY,50.4333115,15.3646723,supermarket,shop=supermarket
way/159198307,"Lidl, Kosmonosy",50.4333431,14.923955,supermarket,shop=supermarket
way/836749365,Billa,50.4336586,14.9150899,supermarket,shop=supermarket
way/77497252,Tesco Extra,50.434766,14.9152283,supermarket,shop=supermarket
way/418128767,Billa,50.4352353,15.363054,supermarket,shop=supermarket
way/52193753,Tesco,50.4354126,15.369127,supermarket,shop=supermarket
way/370596610,Albert,50.4363682,14.9098087,supermarket,shop=supermarket
way/79105350,Penny,50.4513708,14.3729799,supermarket,shop=supermarket
node/1626515693,Tesco,50.4532801,14.374432,supermarket,shop=supermarket
way/1052366179,Lidl,50.4560955,14.370166,supermarket,shop=supermarket
way/30830331,Globus,50.4569106,13.3925046,supermarket,shop=supermarket
way/153267070,Lidl,50.4608864,13.4079718,supermarket,shop=supermarket
node/6169741785,Tesco,50.4617183,13.4142449,supermarket,shop=supermarket
node/1989468569,Billa,50.463206,13.4121666,supermarket,shop=supermarket
node/6174709786,Kaufland,50.4643392,13.4212294,supermarket,shop=supermarket
node/6169741784,PENNY,50.4651177,13.4025398,supermarket,shop=supermarket
way/683893356,Penny Market,50.4718338,16.18128,supermarket,shop=supermarket
way/71048753,PENNY,50.4759844,13.4082558,supermarket,shop=supermarket
node/2252786192,Penny Market,50.4765492,16.0898671,supermarket,shop=supermarket
node/10957846472,Norma,50.4769499,14.9503393,supermarket,shop=supermarket
way/139510418,Kaufland,50.4845276,13.4444106,supermarket,shop=supermarket
node/6169741783,Tesco,50.4850716,13.4378618,supermarket,shop=supermarket
way/59284754,Albert,50.485919,13.6555193,supermarket,shop=supermarket
way/52478783,Lidl,50.4884148,15.5202526,supermarket,shop=supermarket
way/139517459,Lidl,50.4891405,13.4464865,supermarket,shop=supermarket
node/2126834132,Lidl,50.4908733,13.6537443,supermarket,shop=supermarket
way/84489662,PENNY,50.4908792,13.4412064,supermarket,shop=supermarket
node/2304709959,PENNY,50.4935603,13.6560162,supermarket,shop=supermarket
node/1767478444,Penny Market,50.4944749,15.5217551,supermarket,shop=supermarket
node/2294539824,Albert,50.4960669,13.6483466,supermarket,shop=supermarket
way/236595923,Billa,50.497782,13.0305401,supermarket,shop=supermarket
way/84492114,Tesco Extra,50.4994749,13.444914,supermarket,shop=supermarket
node/2300677626,Albert,50.5010426,13.6402363,supermarket,shop=supermarket
way/84493951,PENNY,50.502462,13.4437105,supermarket,shop=supermarket
way/226970957,Lidl,50.5034453,13.6440298,supermarket,shop=supermarket
node/649313462,PENNY,50.5054814,13.6436882,supermarket,shop=supermarket
node/12843485095,Kaufland,50.5063615,14.0534836,supermarket,shop=supermarket
way/566313137,Penny,50.5091632,14.7850309,supermarket,shop=supermarket
way/50952891,PENNY,50.5092616,13.6561026,supermarket,shop=supermarket
way/50924347,Tesco,50.5105933,13.6512954,supermarket,shop=supermarket
node/1931066619,Billa,50.5114848,14.0609512,supermarket,shop=supermarket
node/2294566023,Kaufland,50.5121506,13.6465119,supermarket,shop=supermarket
way/48604384,Lidl,50.513217,14.045012,supermarket,shop=supermarket
node/12682129012,Billa,50.5133604,14.1365101,supermarket,shop=supermarket
node/656449891,Penny Market,50.5137276,16.012176,supermarket,shop=supermarket
node/12682129006,Penny,50.5139936,14.1355215,supermarket,shop=supermarket
node/2374738426,Billa,50.515715,13.6428437,supermarket,shop=supermarket
way/50085506,Penny,50.5160079,14.9736277,supermarket,shop=supermarket
way/50085509,Lidl,50.5160212,14.9712363,supermarket,shop=supermarket
node/3268099210,PENNY,50.516169,14.0513496,supermarket,shop=supermarket
node/716849483,Albert,50.5264927,14.1387422,supermarket,shop=supermarket
node/4835478521,PENNY,50.5328364,15.3706243,supermarket,shop=supermarket
way/59110892,PENNY,50.5335768,14.1433038,supermarket,shop=supermarket
node/477222784,Kaufland,50.5363289,14.1462804,supermarket,shop=supermarket
way/60295530,Penny,50.5394182,16.2326657,supermarket,shop=supermarket
node/1835602714,Penny Market,50.5395224,15.7292589,supermarket,shop=supermarket
way/412929255,Lidl,50.5402148,14.1211981,supermarket,shop=supermarket
node/656497783,COOP Jednota,50.5436751,15.7115938,supermarket,shop=supermarket
way/85402804,Lidl,50.5459673,13.7714111,supermarket,shop=supermarket
node/477222736,Penny Market,50.5459673,14.1280638,supermarket,shop=supermarket
node/2327717937,PENNY,50.550339,13.7740942,supermarket,shop=supermarket
way/186840459,Albert,50.5512871,13.7716448,supermarket,shop=supermarket
node/5874120542,COOP Jednota,50.5602933,15.9268081,supermarket,shop=supermarket
node/656433732,Albert,50.5626401,15.896625,supermarket,shop=supermarket
way/52127736,Billa,50.5639528,15.9071499,supermarket,shop=supermarket
node/656444171,Lidl,50.5646425,15.9236313,supermarket,shop=supermarket
node/1257070422,Lidl,50.5648839,14.6497055,supermarket,shop=supermarket
node/564109000,Penny,50.5682552,14.6552333,supermarket,shop=supermarket
node/2604613160,Tesco,50.5705212,15.8932205,supermarket,shop=supermarket
node/3698186236,Penny,50.5728186,15.8978088,supermarket,shop=supermarket
way/52293629,Penny Market,50.5785641,15.8940104,supermarket,shop=supermarket
way/95157240,Lidl,50.5804026,15.1557208,supermarket,shop=supermarket
way/1149282085,Kaufland,50.5805257,15.1536099,supermarket,shop=supermarket
way/37407209,PENNY,50.581406,15.1520314,supermarket,shop=supermarket
way/60278251,Penny,50.5833239,16.3331215,supermarket,shop=supermarket
node/656440180,Kaufland,50.5836138,15.890605,supermarket,shop=supermarket
node/366598161,Billa,50.5884651,15.138493,supermarket,shop=supermarket
node/656205768,Lidl,50.5885663,16.3299813,supermarket,shop=supermarket
way/59323449,Lidl,50.5932709,13.6052598,supermarket,shop=supermarket
way/1203943065,Billa,50.5953533,15.1317523,supermarket,shop=supermarket
way/84681989,Penny Market,50.59562,13.6054793,supermarket,shop=supermarket
node/5618791107,NORMA,50.5976371,13.6132852,supermarket,shop=supermarket
node/1768632578,Tesco,50.5987646,15.3271786,supermarket,shop=supermarket
node/2302353466,Kaufland,50.59885,13.6178947,supermarket,shop=supermarket
node/2371748981,Penny Market,50.6001786,13.6171669,supermarket,shop=supermarket
way/267075776,Norma,50.6001948,15.5179528,supermarket,shop=supermarket
way/524770016,Penny,50.6005158,15.5193672,supermarket,shop=supermarket
node/2375073172,Tesco,50.601206,13.6021445,supermarket,shop=supermarket
way/178089128,Lidl,50.6014098,15.3305532,supermarket,shop=supermarket
node/1884590771,Penny Market,50.6015588,15.3325288,supermarket,shop=supermarket
node/10169897538,Norma,50.6021862,15.3337813,supermarket,shop=supermarket
node/1884774191,Penny Market,50.6026638,15.3293499,supermarket,shop=supermarket
way/44600847,Tesco,50.6053361,15.5065821,supermarket,shop=supermarket
node/640389742,JIP,50.605942,15.5094031,supermarket,shop=supermarket
way/85124202,Tesco,50.6067855,13.745325,supermarket,shop=supermarket
way/85124408,Lidl,50.6071449,13.746802,supermarket,shop=supermarket
node/1989290261,Billa,50.6084874,13.6266194,supermarket,shop=supermarket
node/1710230187,Penny Market,50.6116031,13.7373374,supermarket,shop=supermarket
way/172024613,Penny,50.6184196,15.6119982,supermarket,shop=supermarket
way/58654576,Penny,50.6194258,15.6203845,supermarket,shop=supermarket
way/58654573,Lidl,50.6203685,15.6184833,supermarket,shop=supermarket
way/68109776,Kaufland,50.6207808,15.6244043,supermarket,shop=supermarket
way/226882570,Tesco Express,50.6265744,13.6913632,supermarket,shop=supermarket
node/1550799441,Billa,50.62715,15.6104747,supermarket,shop=supermarket
way/35550284,Penny Market,50.635976,13.840924,supermarket,shop=supermarket
way/119134916,Billa,50.6365797,13.8213776,supermarket,shop=supermarket
way/689370916,Kaufland,50.6390332,13.8202339,supermarket,shop=supermarket
node/2715513752,Lidl,50.639059,13.8234839,supermarket,shop=supermarket
way/181395643,Lidl,50.6401041,15.2489278,supermarket,shop=supermarket
way/36792524,PENNY,50.6404068,13.8084669,supermarket,shop=supermarket
node/3390691739,Albert,50.640539,13.8246272,supermarket,shop=supermarket
node/354614642,PENNY,50.6407678,15.2502873,supermarket,shop=supermarket
way/31582459,Albert,50.6454615,13.8228761,supermarket,shop=supermarket
way/31652695,Lidl,50.6470526,13.8218233,supermarket,shop=supermarket
node/2366975713,Penny Market,50.6498917,13.8357323,supermarket,shop=supermarket
node/6169741782,PENNY,50.650202,14.0058035,supermarket,shop=supermarket
way/22770847,Globus,50.6510952,14.0012575,supermarket,shop=supermarket
way/23324100,Penny Market,50.6530733,13.8390669,supermarket,shop=supermarket
way/386335031,Billa,50.6533914,13.8464024,supermarket,shop=supermarket
way/59555808,PENNY,50.653548,14.729872,supermarket,shop=supermarket
way/54438709,PENNY,50.6535804,14.048172,supermarket,shop=supermarket
way/59555984,Tesco,50.653731,14.7288075,supermarket,shop=supermarket
node/4402168069,COOP TIP,50.6556091,14.7325675,supermarket,shop=supermarket
way/131931050,Kaufland,50.6559001,13.8472921,supermarket,shop=supermarket
node/2995677257,Billa,50.6584676,14.0406194,supermarket,shop=supermarket
node/6169741781,PENNY,50.6593047,14.0375769,supermarket,shop=supermarket
way/183017154,Albert,50.6610299,13.8633027,supermarket,shop=supermarket
way/47329316,Penny Market,50.6611788,13.8008744,supermarket,shop=supermarket
way/92485995,Kaufland,50.6629228,14.0218035,supermarket,shop=supermarket
node/6169741780,Billa,50.6637764,14.0335013,supermarket,shop=supermarket
node/10697822886,Lidl,50.6666481,14.0735276,supermarket,shop=supermarket
node/1103031483,Billa,50.667515,14.0732565,supermarket,shop=supermarket
way/92304547,Penny,50.66808,14.0676443,supermarket,shop=supermarket
node/6174709789,Albert,50.6727542,14.1057721,supermarket,shop=supermarket
node/2184388843,Lidl,50.6735747,14.0480517,supermarket,shop=supermarket
node/2183531146,Tesco,50.6756549,14.109181,supermarket,shop=supermarket
node/11389324857,Norma,50.6769322,14.0321213,supermarket,shop=supermarket
node/1937281198,Albert,50.6778226,14.036713,supermarket,shop=supermarket
node/1440786548,Billa,50.6785484,14.0276541,supermarket,shop=supermarket
way/31022846,Kaufland,50.6807234,14.5409467,supermarket,shop=supermarket
node/10058150962,PENNY,50.68083,14.0081798,supermarket,shop=supermarket
way/92496732,Lidl,50.6834444,13.9959762,supermarket,shop=supermarket
way/227888861,Kaufland,50.6840364,13.9944339,supermarket,shop=supermarket
way/60266011,Tesco,50.6850317,13.8861399,supermarket,shop=supermarket
way/22754869,Penny,50.6860241,13.8879878,supermarket,shop=supermarket
way/59481501,Albert,50.6882224,14.5476757,supermarket,shop=supermarket
node/2388815576,Billa,50.6884523,14.5193323,supermarket,shop=supermarket
way/59473421,Lidl,50.6896677,14.5187216,supermarket,shop=supermarket
way/32056796,Lidl,50.6931421,14.5434711,supermarket,shop=supermarket
way/38575133,Albert,50.6987972,14.5433899,supermarket,shop=supermarket
way/25435119,Albert,50.7000646,14.5415211,supermarket,shop=supermarket
node/747076960,Penny Market,50.7021868,14.8021429,supermarket,shop=supermarket
way/187241656,Kaufland,50.7157815,15.157768,supermarket,shop=supermarket
way/71530182,NORMA,50.7239541,15.5948669,supermarket,shop=supermarket
node/7090420989,Billa,50.7239592,15.1665456,supermarket,shop=supermarket
node/4783333198,Albert,50.7247305,15.1682088,supermarket,shop=supermarket
node/4796130221,Albert,50.7255255,15.1595479,supermarket,shop=supermarket
node/565571677,Tesco,50.7287701,15.4508138,supermarket,shop=supermarket
way/79518035,Lidl,50.7314512,15.1641769,supermarket,shop=supermarket
node/978982947,Tesco,50.7337692,15.1821512,supermarket,shop=supermarket
node/978986729,Albert,50.7355726,15.1608565,supermarket,shop=supermarket
node/4858269130,Penny,50.7359373,15.1628424,supermarket,shop=supermarket
node/349331778,Lidl,50.7360473,15.3064887,supermarket,shop=supermarket
node/664121542,Billa,50.7362978,15.3088761,supermarket,shop=supermarket
node/349331779,Penny,50.7366097,15.3062492,supermarket,shop=supermarket
node/1419619855,Kaufland,50.7388502,15.1686476,supermarket,shop=supermarket
way/55145468,Penny Market,50.7388509,14.1901634,supermarket,shop=supermarket
node/842666650,Tesco,50.7414552,14.2947926,supermarket,shop=supermarket
node/6174709796,Albert,50.7417982,15.0507132,supermarket,shop=supermarket
node/561520255,Penny,50.7445117,15.156781,supermarket,shop=supermarket
way/100922589,Lidl,50.7478212,15.0707208,supermarket,shop=supermarket
way/47597027,Penny,50.7513275,15.0620318,supermarket,shop=supermarket
way/47625380,Kaufland,50.7518259,15.0555641,supermarket,shop=supermarket
way/43483978,Albert,50.7524519,15.0708029,supermarket,shop=supermarket
way/51997520,Tesco,50.7609271,15.0905158,supermarket,shop=supermarket
way/102649896,Billa,50.7610263,15.0348274,supermarket,shop=supermarket
way/85526688,Billa,50.7642845,14.5470961,supermarket,shop=supermarket
node/1989864693,Lidl,50.7652141,15.0589999,supermarket,shop=supermarket
node/2866021068,Tesco,50.7657608,15.0558382,supermarket,shop=supermarket
way/48179814,Billa,50.7657653,15.0510257,supermarket,shop=supermarket
way/92024445,Lidl,50.7659916,14.5407359,supermarket,shop=supermarket
way/206075607,Kaufland,50.7665294,14.5449085,supermarket,shop=supermarket
node/3521129528,Coop,50.7687697,15.3813398,supermarket,shop=supermarket
node/3204840592,Billa,50.7690041,15.0593946,supermarket,shop=supermarket
node/2314537313,Albert,50.7701849,14.1971258,supermarket,shop=supermarket
way/1295616990,NORMA,50.7705373,14.7600745,supermarket,shop=supermarket
node/5904039546,Billa,50.7711537,14.1928758,supermarket,shop=supermarket
node/13619195401,PENNY,50.7715861,14.768904,supermarket,shop=supermarket
node/1420912891,Lidl,50.7720347,14.2014811,supermarket,shop=supermarket
node/10698785922,Lidl,50.772042,14.2206877,supermarket,shop=supermarket
way/1300418736,NORMA,50.7722446,14.4828621,supermarket,shop=supermarket
node/320818590,Billa,50.772969,14.1992938,supermarket,shop=supermarket
node/617233423,Kaufland,50.7747083,14.216321,supermarket,shop=supermarket
node/6174709797,Albert,50.7750633,15.062508,supermarket,shop=supermarket
node/3630764572,Penny,50.7755927,14.6357826,supermarket,shop=supermarket
node/951747516,Globus,50.777596,15.029464,supermarket,shop=supermarket
node/606075808,Albert,50.7795902,14.2301328,supermarket,shop=supermarket
node/5753716906,Billa,50.7808593,14.2112869,supermarket,shop=supermarket
node/1418991680,Norma,50.780951,15.4227207,supermarket,shop=supermarket
way/154161139,Lidl,50.7811596,15.0411823,supermarket,shop=supermarket
way/55272511,Tesco,50.78125,14.1486081,supermarket,shop=supermarket
node/13619195415,PENNY,50.7815396,15.0393619,supermarket,shop=supermarket
way/137686218,Penny Market,50.7816983,14.152418,supermarket,shop=supermarket
way/154159421,Kaufland,50.7829689,15.0382217,supermarket,shop=supermarket
node/4231735051,Tesco,50.7843605,15.0605134,supermarket,shop=supermarket
node/1197054659,Lidl,50.7993591,14.42168,supermarket,shop=supermarket
node/2087650872,Penny,50.8003463,14.4268458,supermarket,shop=supermarket
node/659841999,Penny,50.814325,14.9639875,supermarket,shop=supermarket
way/171760585,PENNY,50.8529542,14.8483719,supermarket,shop=supermarket
node/339194814,Albert,50.8531001,14.8574162,supermarket,shop=supermarket
node/1208256927,Lidl,50.9073963,14.6179588,supermarket,shop=supermarket
node/1208261736,Penny Market,50.9089897,14.6185097,supermarket,shop=supermarket
node/303981900,Billa,50.9103567,14.6235071,supermarket,shop=supermarket
way/496343784,Kaufland,50.9133572,14.6118233,supermarket,shop=supermarket
way/77991234,Penny,50.9195211,15.0823014,supermarket,shop=supermarket
node/8315602596,Tesco,50.9203246,15.0806448,supermarket,shop=supermarket
way/181395641,Lidl,50.9205104,15.0826288,supermarket,shop=supermarket
way/28961909,Penny,50.9434435,14.5570919,supermarket,shop=supermarket
way/29553506,Lidl,50.9449709,14.5588183,supermarket,shop=supermarket
way/115722849,Tesco,50.947279,14.5580679,supermarket,shop=supermarket
node/12270989155,Billa,50.955812,14.5519893,supermarket,shop=supermarket
node/298524759,Tesco,51.0051482,14.454252,supermarket,shop=supermarket
