listing_id,lat,lon,city_center,city_center_lat,city_center_lon,haversine_km,travel_time_min
3121992524,50.123589,14.482745,10,50.088,14.4208,5.93,15.1
465638220,50.058281,14.410919,10,50.088,14.4208,3.38,8.8
2562995020,50.089509,14.349184,10,50.088,14.4208,5.11,12.8
2660512588,50.102591,14.57009,11,50.0406,14.5567,6.96,19.8
3086881612,50.1201,14.4767,10,50.088,14.4208,5.35,13.4
656831052,50.016388,14.403595,10,50.088,14.4208,8.06,16.3
244568908,50.070064,14.486929,10,50.088,14.4208,5.12,14.8
203556172,50.01559,14.583443,11,50.0406,14.5567,3.37,8.2
2684302156,50.070006,14.381292,10,50.088,14.4208,3.46,11.2
2395018060,50.03278,14.540366,11,50.0406,14.5567,1.45,4.2
1777611596,50.092576,14.432178,10,50.088,14.4208,0.96,4.6
3073798732,50.016388,14.403595,10,50.088,14.4208,8.06,16.3
2093216588,50.09143,14.29892,10,50.088,14.4208,8.7,18.7
340210508,50.071546,14.686194,11,50.0406,14.5567,9.86,21.3
1689109324,50.099493,14.471977,10,50.088,14.4208,3.87,8.9
3770032972,50.068415,14.39846,10,50.088,14.4208,2.7,9.6
3287880524,50.023747,14.51224,11,50.0406,14.5567,3.69,8.5
3764593484,50.077437,14.446093,10,50.088,14.4208,2.15,9.2
3792954188,50.016342,14.403686,10,50.088,14.4208,8.06,16.2
141603660,50.058624,14.494488,11,50.0406,14.5567,4.87,11.0
338805580,50.022022,14.524657,11,50.0406,14.5567,3.08,10.3
447079244,50.105227,14.395009,10,50.088,14.4208,2.66,8.8
4115665740,50.053864,14.400038,10,50.088,14.4208,4.07,14.1
585286476,50.053101,14.50719,11,50.0406,14.5567,3.8,8.6
3598955084,50.033822,14.502566,11,50.0406,14.5567,3.94,8.6
3948118860,50.014718,14.584082,11,50.0406,14.5567,3.48,8.4
4283577164,50.046768,14.309717,10,50.088,14.4208,9.16,21.8
2233819724,50.035396,14.501218,11,50.0406,14.5567,4.0,8.8
2785985356,50.053101,14.50719,11,50.0406,14.5567,3.8,8.6
1122771788,50.104338,14.485522,10,50.088,14.4208,4.96,10.8
1193993036,50.082943,14.443889,10,50.088,14.4208,1.74,7.3
374022988,50.061577,14.451327,10,50.088,14.4208,3.66,11.4
752948044,50.128458,14.484084,10,50.088,14.4208,6.37,13.7
3656258380,50.08399,14.309819,10,50.088,14.4208,7.93,18.2
694408012,50.086134,14.451812,10,50.088,14.4208,2.22,8.3
2623787852,50.086134,14.451812,10,50.088,14.4208,2.22,8.3
4096463692,50.086134,14.451812,10,50.088,14.4208,2.22,8.3
3635790668,50.030146,14.407602,10,50.088,14.4208,6.5,13.5
2240136012,50.028401,14.406623,10,50.088,14.4208,6.7,14.1
3571520332,50.026555,14.452324,10,50.088,14.4208,7.19,17.2
3735298892,50.028401,14.406623,10,50.088,14.4208,6.7,14.1
931373900,50.076362,14.430333,10,50.088,14.4208,1.46,7.2
2992382796,50.025876,14.4555,10,50.088,14.4208,7.34,17.9
3841053516,50.047163,14.301941,10,50.088,14.4208,9.62,22.4
302330700,49.951338,14.376738,10,50.088,14.4208,15.52,23.7
1746080588,50.110275,14.558867,11,50.0406,14.5567,7.75,19.0
2478379852,50.106364,14.564437,11,50.0406,14.5567,7.33,18.2
1716065100,50.069197,14.343894,10,50.088,14.4208,5.87,15.8
14230348,49.969568,14.388982,10,50.088,14.4208,13.36,21.2
2913080140,50.092728,14.431449,10,50.088,14.4208,0.92,4.4
1800213324,50.100867,14.418989,10,50.088,14.4208,1.44,4.9
2396959564,50.110141,14.475916,10,50.088,14.4208,4.64,11.5
2265518924,50.067998,14.392498,10,50.088,14.4208,3.0,11.1
3650691916,50.056222,14.485543,11,50.0406,14.5567,5.37,11.6
438051660,50.059573,14.447491,10,50.088,14.4208,3.69,10.7
4170724172,50.105818,14.455196,10,50.088,14.4208,3.15,8.2
2205950796,50.085079,14.48646,10,50.088,14.4208,4.7,12.7
3311936332,50.056222,14.485543,11,50.0406,14.5567,5.37,11.6
2132546380,50.138831,14.436047,10,50.088,14.4208,5.76,16.9
4170785612,50.056222,14.485543,11,50.0406,14.5567,5.37,11.6
1136530252,50.100309,14.398079,10,50.088,14.4208,2.12,8.7
2068333900,50.114339,14.507672,10,50.088,14.4208,6.85,14.0
3705856844,50.038764,14.428529,10,50.088,14.4208,5.5,14.8
3820884812,50.100309,14.398079,10,50.088,14.4208,2.12,8.7
207086412,50.141985,14.509683,10,50.088,14.4208,8.73,17.0
4184609356,50.088621,14.427597,10,50.088,14.4208,0.49,3.5
2190488396,50.066427,14.505765,11,50.0406,14.5567,4.63,10.9
1141969740,50.066221,14.4627,10,50.088,14.4208,3.85,12.2
3120632652,49.961224,14.38249,10,50.088,14.4208,14.36,22.2
2992550732,50.106639,14.452583,10,50.088,14.4208,3.07,8.4
1257272396,50.071791,14.455273,10,50.088,14.4208,3.05,10.7
3042636620,50.083472,14.446897,10,50.088,14.4208,1.93,7.9
2508854092,50.042972,14.320847,10,50.088,14.4208,8.72,20.5
1729356620,50.052644,14.487248,11,50.0406,14.5567,5.14,11.2
4060156748,50.06997,14.469748,10,50.088,14.4208,4.03,12.7
2122748748,50.10162,14.430485,10,50.088,14.4208,1.66,5.8
1716527948,50.056092,14.409175,10,50.088,14.4208,3.64,9.6
675685196,50.090398,14.421758,10,50.088,14.4208,0.28,1.2
1563632460,50.071791,14.455273,10,50.088,14.4208,3.05,10.7
1679147852,50.035043,14.384542,10,50.088,14.4208,6.43,14.7
4193395532,50.056092,14.409175,10,50.088,14.4208,3.64,9.6
297124684,50.056092,14.409175,10,50.088,14.4208,3.64,9.6
1153946444,50.074558,14.397552,10,50.088,14.4208,2.23,8.4
1698743116,50.056092,14.409175,10,50.088,14.4208,3.64,9.6
855364428,50.130577,14.549412,11,50.0406,14.5567,10.02,21.2
690701644,50.052644,14.487248,11,50.0406,14.5567,5.14,11.2
943309644,50.067495,14.368819,10,50.088,14.4208,4.35,13.1
1550226252,50.136664,14.504957,10,50.088,14.4208,8.08,16.1
81929036,50.094226,14.499879,10,50.088,14.4208,5.68,13.0
498279244,50.07033,14.487604,10,50.088,14.4208,5.16,14.3
536941388,50.09984,14.426361,10,50.088,14.4208,1.38,6.0
4264813388,50.103006,14.454982,10,50.088,14.4208,2.95,8.3
457904972,50.09006,14.35446,10,50.088,14.4208,4.74,12.6
4278465356,50.06075,14.497425,11,50.0406,14.5567,4.79,11.7
3590394700,50.105912,14.52226,10,50.088,14.4208,7.51,15.6
2581779276,50.078741,14.446055,10,50.088,14.4208,2.08,8.8
3449525068,50.070676,14.458702,10,50.088,14.4208,3.32,11.3
1932596044,50.065889,14.552574,11,50.0406,14.5567,2.83,8.2
1440532300,50.105335,14.472752,10,50.088,14.4208,4.18,10.0
2703569740,50.055293,14.379691,10,50.088,14.4208,4.67,13.0
639505228,50.115823,14.469844,10,50.088,14.4208,4.67,11.6
4207092556,50.011102,14.452628,11,50.0406,14.5567,8.13,18.9
3226211148,50.126996,14.433252,10,50.088,14.4208,4.43,15.4
4029666124,50.062433,14.449854,10,50.088,14.4208,3.52,10.5
2598699596,50.102593,14.454424,10,50.088,14.4208,2.9,8.0
2182251340,50.075749,14.445976,10,50.088,14.4208,2.25,9.2
1766921036,50.086534,14.344434,10,50.088,14.4208,5.45,13.7
3678806860,50.030718,14.598661,11,50.0406,14.5567,3.19,7.5
1063879500,50.156978,14.542819,10,50.088,14.4208,11.6,20.7
1086370636,50.069856,14.37254,10,50.088,14.4208,3.99,11.7
3300963148,50.069856,14.37254,10,50.088,14.4208,3.99,11.7
1713554252,50.011028,14.400206,10,50.088,14.4208,8.68,18.0
3216388940,50.07879,14.454155,10,50.088,14.4208,2.59,9.4
1023001420,50.101298,14.446769,10,50.088,14.4208,2.37,7.0
2573386572,50.011028,14.400206,10,50.088,14.4208,8.68,18.0
4264383052,50.096132,14.353232,10,50.088,14.4208,4.9,13.1
3563426636,50.099757,14.672462,11,50.0406,14.5567,10.56,24.5
4247360332,49.973511,14.387827,10,50.088,14.4208,12.95,22.0
1114997580,50.052127,14.533685,11,50.0406,14.5567,2.08,5.5
1551205196,50.052127,14.533685,11,50.0406,14.5567,2.08,5.5
460710732,50.063886,14.409646,10,50.088,14.4208,2.8,8.7
1052582732,50.037861,14.38655,10,50.088,14.4208,6.09,16.0
1034867532,50.054023,14.41956,10,50.088,14.4208,3.78,10.4
1736893260,50.092075,14.434117,10,50.088,14.4208,1.05,5.7
2232759116,50.084447,14.414275,10,50.088,14.4208,0.61,3.4
2051085132,50.055932,14.492166,11,50.0406,14.5567,4.91,11.3
4157748044,50.106644,14.570863,11,50.0406,14.5567,7.41,19.4
2579309388,50.037861,14.38655,10,50.088,14.4208,6.09,16.0
1534600012,50.075749,14.445976,10,50.088,14.4208,2.25,9.2
1714168652,50.106958,14.510207,10,50.088,14.4208,6.72,16.2
2244404044,50.076667,14.416531,10,50.088,14.4208,1.3,5.7
1570820940,50.167776,14.476666,10,50.088,14.4208,9.72,19.1
2024129356,50.055584,14.45027,10,50.088,14.4208,4.17,12.9
1027674956,50.035818,14.38046,10,50.088,14.4208,6.48,15.4
604169036,50.092822,14.493075,10,50.088,14.4208,5.18,13.8
3341230924,49.989969,14.409997,10,50.088,14.4208,10.93,20.6
2365244236,50.104384,14.488367,10,50.088,14.4208,5.15,11.4
3239232332,50.105812,14.408055,10,50.088,14.4208,2.18,7.1
2049057612,50.132591,14.411197,10,50.088,14.4208,5.01,17.4
4132143692,50.023559,14.487727,11,50.0406,14.5567,5.28,11.4
546227020,50.139809,14.447377,10,50.088,14.4208,6.06,15.9
1303941964,50.033139,14.539622,11,50.0406,14.5567,1.48,4.0
2127442764,50.092151,14.509393,10,50.088,14.4208,6.34,14.3
785265484,50.092151,14.509393,10,50.088,14.4208,6.34,14.3
795939660,50.035683,14.385472,10,50.088,14.4208,6.34,14.4
854598476,50.071247,14.406638,10,50.088,14.4208,2.12,7.7
2931630924,50.037861,14.38655,10,50.088,14.4208,6.09,16.0
698028876,50.077258,14.462131,10,50.088,14.4208,3.18,10.3
3921486668,50.037861,14.38655,10,50.088,14.4208,6.09,16.0
1123017548,50.087453,14.398458,10,50.088,14.4208,1.6,6.6
112931660,50.089357,14.494422,10,50.088,14.4208,5.25,13.6
1716003660,50.075749,14.445976,10,50.088,14.4208,2.25,9.2
2712802124,50.057993,14.46829,10,50.088,14.4208,4.76,14.1
141169484,50.093336,14.494611,10,50.088,14.4208,5.3,13.2
91824972,50.078573,14.457212,10,50.088,14.4208,2.8,10.0
2884875084,50.091058,14.42034,10,50.088,14.4208,0.34,1.6
346104652,50.043276,14.451707,10,50.088,14.4208,5.44,13.6
219317068,50.075749,14.445976,10,50.088,14.4208,2.25,9.2
2185507660,50.101933,14.448287,10,50.088,14.4208,2.5,7.1
2507678540,50.06318,14.447902,10,50.088,14.4208,3.37,10.6
2562405196,50.082567,14.449339,10,50.088,14.4208,2.12,8.5
2926625612,50.072403,14.410302,10,50.088,14.4208,1.89,6.4
3214611276,50.080843,14.446329,10,50.088,14.4208,1.99,7.8
4109992780,50.071542,14.455364,10,50.088,14.4208,3.07,10.8
3313050444,50.036406,14.383369,10,50.088,14.4208,6.33,15.6
3466666828,50.132239,14.408373,10,50.088,14.4208,5.0,18.2
3420582732,50.121887,14.470431,10,50.088,14.4208,5.17,12.6
3601933132,50.079691,14.492359,10,50.088,14.4208,5.19,13.9
4245848908,50.075749,14.445976,10,50.088,14.4208,2.25,9.2
2921579340,50.121887,14.470431,10,50.088,14.4208,5.17,12.6
215032652,50.086276,14.363975,10,50.088,14.4208,4.06,11.0
3663795020,50.0845,14.48548,10,50.088,14.4208,4.63,12.9
3616093004,50.086501,14.451262,10,50.088,14.4208,2.18,8.7
3475706700,50.056282,14.441608,10,50.088,14.4208,3.83,11.9
1665188684,50.035043,14.384542,10,50.088,14.4208,6.43,14.7
2387809100,50.092616,14.329073,10,50.088,14.4208,6.56,15.0
595465036,50.07129,14.406946,10,50.088,14.4208,2.1,7.7
1813713740,50.020659,14.46685,11,50.0406,14.5567,6.79,17.0
3117093708,50.024568,14.426362,10,50.088,14.4208,7.06,15.8
3138687820,50.078858,14.419405,10,50.088,14.4208,1.02,5.9
852681548,50.090455,14.485271,10,50.088,14.4208,4.61,13.3
2402321228,50.126878,14.433248,10,50.088,14.4208,4.41,15.4
4139004748,50.010504,14.449656,11,50.0406,14.5567,8.35,19.3
798667596,50.068703,14.46275,10,50.088,14.4208,3.68,11.8
1055322956,50.072346,14.406869,10,50.088,14.4208,2.0,7.2
3072185164,50.031737,14.506943,11,50.0406,14.5567,3.69,8.2
102617932,50.031737,14.506943,11,50.0406,14.5567,3.69,8.2
386655052,50.031737,14.506943,11,50.0406,14.5567,3.69,8.2
2568393548,50.031737,14.506943,11,50.0406,14.5567,3.69,8.2
2783875916,50.070779,14.457933,10,50.088,14.4208,3.27,12.1
1858913100,50.084704,14.445882,10,50.088,14.4208,1.83,7.9
239780684,50.046637,14.520386,11,50.0406,14.5567,2.68,10.2
4100002636,50.041775,14.323954,10,50.088,14.4208,8.61,20.6
87696204,50.088622,14.416864,10,50.088,14.4208,0.29,2.4
2928808780,50.121566,14.493975,10,50.088,14.4208,6.42,15.2
1938953036,50.060864,14.451065,10,50.088,14.4208,3.71,11.2
1569854284,50.04706,14.302664,10,50.088,14.4208,9.58,22.2
13505356,50.067327,14.409508,10,50.088,14.4208,2.44,8.0
4001813324,50.08617,14.460848,10,50.088,14.4208,2.86,10.2
511841100,50.100867,14.418989,10,50.088,14.4208,1.44,4.9
631255884,50.122372,14.48204,10,50.088,14.4208,5.8,15.3
1676292940,50.07702,14.44095,10,50.088,14.4208,1.89,8.3
1771278924,50.114339,14.507672,10,50.088,14.4208,6.85,14.0
524993356,50.05288,14.513208,11,50.0406,14.5567,3.39,8.6
276345676,50.112217,14.475708,10,50.088,14.4208,4.75,10.9
1115820876,50.076837,14.469539,10,50.088,14.4208,3.69,11.9
3422360396,50.133505,14.486994,10,50.088,14.4208,6.92,15.9
443069260,50.112217,14.475708,10,50.088,14.4208,4.75,10.9
2062562124,50.112896,14.515145,10,50.088,14.4208,7.28,15.1
3530036044,50.055932,14.492166,11,50.0406,14.5567,4.91,11.3
2638049868,50.060591,14.434184,10,50.088,14.4208,3.19,10.9
125449036,50.045222,14.517833,11,50.0406,14.5567,2.82,10.0
3958125388,50.064042,14.445528,10,50.088,14.4208,3.2,10.1
4116255564,50.091833,14.444716,10,50.088,14.4208,1.76,6.5
2001150796,50.047973,14.467894,10,50.088,14.4208,5.58,15.5
1957148492,50.031305,14.314351,10,50.088,14.4208,9.87,21.8
113582924,50.010326,14.468375,11,50.0406,14.5567,7.15,15.5
4214960972,50.08174,14.430138,10,50.088,14.4208,0.96,7.6
2059215692,50.05411,14.508178,11,50.0406,14.5567,3.78,8.9
860959564,50.085079,14.48646,10,50.088,14.4208,4.7,12.7
1130279756,50.135323,14.38136,10,50.088,14.4208,5.97,14.7
220402508,50.067231,14.554245,11,50.0406,14.5567,2.97,9.1
1601164108,50.03996,14.582591,11,50.0406,14.5567,1.85,6.1
1666257740,50.086278,14.374229,10,50.088,14.4208,3.33,9.8
372187980,50.044184,14.459788,10,50.088,14.4208,5.61,16.1
3861324620,50.077839,14.506517,11,50.0406,14.5567,5.48,12.6
1849090892,50.101028,14.409209,10,50.088,14.4208,1.67,8.3
721429324,50.087196,14.453859,10,50.088,14.4208,2.36,7.8
1370624844,50.090478,14.34753,10,50.088,14.4208,5.23,13.8
1318314828,50.08602,14.453527,10,50.088,14.4208,2.35,7.9
1080939340,50.012824,14.418575,10,50.088,14.4208,8.36,18.3
353248076,50.080628,14.496477,10,50.088,14.4208,5.46,15.2
2980189004,50.099025,14.392385,10,50.088,14.4208,2.37,8.0
3047658316,50.102989,14.501803,10,50.088,14.4208,6.01,12.8
591733580,50.116248,14.469343,10,50.088,14.4208,4.67,11.6
1816802124,50.058828,14.558603,11,50.0406,14.5567,2.03,6.2
2206749260,50.11043,14.447071,10,50.088,14.4208,3.12,8.7
196461388,50.126375,14.458979,10,50.088,14.4208,5.06,13.8
2837324620,50.000201,14.406567,10,50.088,14.4208,9.82,18.6
220320588,50.078243,14.391166,10,50.088,14.4208,2.38,11.2
3847951180,50.091058,14.42034,10,50.088,14.4208,0.34,1.6
3933430348,50.109641,14.514264,10,50.088,14.4208,7.09,14.4
3985511244,50.094226,14.499879,10,50.088,14.4208,5.68,13.0
4191294284,50.03272,14.589287,11,50.0406,14.5567,2.49,6.1
677102412,50.064445,14.375136,10,50.088,14.4208,4.18,14.9
3458122572,50.130577,14.549412,11,50.0406,14.5567,10.02,21.2
3335656268,49.998183,14.408208,10,50.088,14.4208,10.03,19.2
3555595084,50.107838,14.474707,10,50.088,14.4208,4.43,10.6
399643468,50.008543,14.429621,10,50.088,14.4208,8.86,21.9
1042203468,50.130577,14.549412,11,50.0406,14.5567,10.02,21.2
3041907532,50.086683,14.51375,11,50.0406,14.5567,5.97,13.5
1414517580,50.086683,14.51375,11,50.0406,14.5567,5.97,13.5
3854971724,50.061158,14.326995,10,50.088,14.4208,7.33,19.3
1817551692,50.087349,14.401758,10,50.088,14.4208,1.36,5.3
1354089292,50.056092,14.409175,10,50.088,14.4208,3.64,9.6
2629157708,50.056092,14.409175,10,50.088,14.4208,3.64,9.6
3986694988,50.056092,14.409175,10,50.088,14.4208,3.64,9.6
2401379148,50.125977,14.530535,10,50.088,14.4208,8.89,18.1
3936207692,50.042298,14.306854,10,50.088,14.4208,9.59,21.9
1123472204,50.115748,14.468445,10,50.088,14.4208,4.59,11.9
1135985484,50.056092,14.409175,10,50.088,14.4208,3.64,9.6
509117260,50.07226,14.480817,10,50.088,14.4208,4.63,13.2
1823887948,50.042298,14.306854,10,50.088,14.4208,9.59,21.9
802714188,50.125977,14.530535,10,50.088,14.4208,8.89,18.1
286729036,50.084444,14.452557,10,50.088,14.4208,2.3,8.4
3371819852,50.041111,14.323905,10,50.088,14.4208,8.66,19.9
971801420,50.067548,14.554192,11,50.0406,14.5567,3.0,9.0
1404404556,50.021644,14.516543,11,50.0406,14.5567,3.56,8.7
1621312076,50.046534,14.309213,10,50.088,14.4208,9.2,21.8
1430709068,50.140384,14.519495,10,50.088,14.4208,9.14,17.6
3471971148,50.111629,14.520871,10,50.088,14.4208,7.61,14.8
1569534796,50.077102,14.470998,10,50.088,14.4208,3.78,12.0
2091791180,50.070062,14.381953,10,50.088,14.4208,3.42,11.3
3415225164,50.070062,14.381953,10,50.088,14.4208,3.42,11.3
3479540300,50.064989,14.369,10,50.088,14.4208,4.5,14.3
1357972044,50.110931,14.519488,10,50.088,14.4208,7.49,14.4
1513435980,50.070062,14.381953,10,50.088,14.4208,3.42,11.3
2090386252,50.110931,14.519488,10,50.088,14.4208,7.49,14.4
1139938124,50.064989,14.369,10,50.088,14.4208,4.5,14.3
2533274444,50.064042,14.445528,10,50.088,14.4208,3.2,10.1
4145242700,50.105227,14.395009,10,50.088,14.4208,2.66,8.8
2408366924,50.012892,14.434709,10,50.088,14.4208,8.41,20.2
518132556,50.113625,14.466241,10,50.088,14.4208,4.32,12.6
2061955916,50.078913,14.506292,11,50.0406,14.5567,5.58,12.9
2749502284,50.108701,14.621275,11,50.0406,14.5567,8.86,20.0
3658617676,50.042965,14.443448,10,50.088,14.4208,5.26,14.3
1188311884,50.073803,14.409008,10,50.088,14.4208,1.79,6.5
722592588,50.142716,14.575193,11,50.0406,14.5567,11.43,24.9
1309807436,50.071194,14.406509,10,50.088,14.4208,2.13,7.7
2483954252,50.090406,14.440993,10,50.088,14.4208,1.47,5.7
3810099788,50.078061,14.416063,10,50.088,14.4208,1.16,6.4
2752762444,50.08006,14.447246,10,50.088,14.4208,2.08,7.9
2229588556,50.075309,14.405655,10,50.088,14.4208,1.78,7.4
2762760780,50.089996,14.471378,10,50.088,14.4208,3.62,10.3
885044044,50.069856,14.37254,10,50.088,14.4208,3.99,11.7
237851212,50.096132,14.353232,10,50.088,14.4208,4.9,13.1
345334348,50.082406,14.431508,10,50.088,14.4208,0.99,7.3
1537565260,50.056686,14.401353,10,50.088,14.4208,3.75,13.1
864776780,50.016387,14.403595,10,50.088,14.4208,8.06,16.3
2221433420,50.086664,14.446578,10,50.088,14.4208,1.85,7.0
3180032588,50.016387,14.403595,10,50.088,14.4208,8.06,16.3
183747404,50.071073,14.43092,10,50.088,14.4208,2.02,8.1
265028172,50.075456,14.438059,10,50.088,14.4208,1.86,8.7
3870298956,50.080471,14.485806,10,50.088,14.4208,4.71,12.8
2260755020,50.090915,14.453395,10,50.088,14.4208,2.35,7.8
2174485068,50.103626,14.436159,10,50.088,14.4208,2.05,6.0
2867417676,50.08382,14.418245,10,50.088,14.4208,0.5,4.9
2586669644,50.055584,14.45027,10,50.088,14.4208,4.17,12.9
1583395660,50.069856,14.37254,10,50.088,14.4208,3.99,11.7
2948022860,50.090546,14.417773,10,50.088,14.4208,0.36,1.1
1834893900,50.055602,14.491637,11,50.0406,14.5567,4.94,11.4
3192501068,50.057434,14.372642,10,50.088,14.4208,4.83,12.7
3729371980,50.082406,14.431508,10,50.088,14.4208,0.99,7.3
3665146700,50.086042,14.43134,10,50.088,14.4208,0.78,7.2
304714572,49.973511,14.387827,10,50.088,14.4208,12.95,22.0
1597539148,50.087772,14.415772,10,50.088,14.4208,0.36,2.4
2135659340,50.089643,14.421705,10,50.088,14.4208,0.19,1.2
2039714636,50.055372,14.39735,10,50.088,14.4208,4.0,14.0
2974257996,50.078733,14.416105,10,50.088,14.4208,1.08,6.2
2905183052,49.973511,14.387827,10,50.088,14.4208,12.95,22.0
2229896012,50.096132,14.353232,10,50.088,14.4208,4.9,13.1
467374924,50.075309,14.405655,10,50.088,14.4208,1.78,7.4
492995404,50.092495,14.385466,10,50.088,14.4208,2.57,8.2
559543116,50.082752,14.380146,10,50.088,14.4208,2.96,10.2
3106898764,50.004636,14.416499,10,50.088,14.4208,9.27,19.6
3848639308,50.099757,14.672462,11,50.0406,14.5567,10.56,24.5
2473300812,50.001595,14.354712,10,50.088,14.4208,10.7,23.2
1939182412,50.09874,14.424777,10,50.088,14.4208,1.23,5.6
2989265740,50.082219,14.414633,10,50.088,14.4208,0.78,4.2
340099916,50.076345,14.416393,10,50.088,14.4208,1.33,5.6
2694157132,50.09874,14.424777,10,50.088,14.4208,1.23,5.6
965997388,50.093564,14.455378,10,50.088,14.4208,2.54,7.2
1920303948,50.052127,14.533685,11,50.0406,14.5567,2.08,5.5
2364142412,50.099119,14.403586,10,50.088,14.4208,1.74,7.1
3628000076,50.090607,14.419651,10,50.088,14.4208,0.3,1.3
2989220684,50.091093,14.422104,10,50.088,14.4208,0.36,2.4
3539788620,50.089643,14.421705,10,50.088,14.4208,0.19,1.2
3996513100,50.071774,14.441296,10,50.088,14.4208,2.32,10.2
1390248780,50.090487,14.421713,10,50.088,14.4208,0.28,1.2
4058571596,50.086835,14.445433,10,50.088,14.4208,1.76,6.9
3952538444,50.07284,14.436709,10,50.088,14.4208,2.03,9.8
85320524,49.980566,14.348023,10,50.088,14.4208,13.03,23.0
4219597644,50.100108,14.380122,10,50.088,14.4208,3.2,9.9
625337164,50.063886,14.409646,10,50.088,14.4208,2.8,8.7
961340236,50.077503,14.462398,10,50.088,14.4208,3.19,10.3
1103160140,50.083213,14.451987,10,50.088,14.4208,2.29,9.2
806544204,50.063886,14.409646,10,50.088,14.4208,2.8,8.7
1804002124,50.079613,14.414741,10,50.088,14.4208,1.03,5.0
1590158156,50.077623,14.427632,10,50.088,14.4208,1.25,6.7
2110186316,50.071453,14.408455,10,50.088,14.4208,2.04,7.3
1958798156,50.045702,14.452881,10,50.088,14.4208,5.23,14.2
2046223180,50.076667,14.416531,10,50.088,14.4208,1.3,5.7
2126963532,50.071453,14.408455,10,50.088,14.4208,2.04,7.3
2249646924,50.083071,14.4435,10,50.088,14.4208,1.71,7.3
2464277324,50.078398,14.441546,10,50.088,14.4208,1.83,9.5
2599871308,50.077055,14.416684,10,50.088,14.4208,1.25,5.3
97571660,50.140385,14.547311,10,50.088,14.4208,10.74,22.0
3397837644,50.063886,14.409646,10,50.088,14.4208,2.8,8.7
3132220236,50.109335,14.400105,10,50.088,14.4208,2.79,8.6
479515468,50.073442,14.446843,10,50.088,14.4208,2.46,10.6
840483660,50.089996,14.471378,10,50.088,14.4208,3.62,10.3
1817367372,50.108527,14.395644,10,50.088,14.4208,2.9,8.8
2243875660,50.054023,14.41956,10,50.088,14.4208,3.78,10.4
3011433292,50.09874,14.424777,10,50.088,14.4208,1.23,5.6
3581858636,50.101259,14.418521,10,50.088,14.4208,1.48,11.5
2422195020,50.072545,14.396042,10,50.088,14.4208,2.46,10.3
3378832204,50.088365,14.425948,10,50.088,14.4208,0.37,2.8
3162428236,50.09874,14.424777,10,50.088,14.4208,1.23,5.6
2719531852,50.063583,14.321944,10,50.088,14.4208,7.56,18.2
2521248588,50.076168,14.42813,10,50.088,14.4208,1.42,6.8
90977100,50.057454,14.447959,10,50.088,14.4208,3.91,13.0
110347084,50.088145,14.463867,10,50.088,14.4208,3.07,10.4
141374284,50.104371,14.510856,10,50.088,14.4208,6.68,14.2
412992332,50.090019,14.427136,10,50.088,14.4208,0.5,2.7
496943948,50.098935,14.401722,10,50.088,14.4208,1.83,7.4
353710924,50.084447,14.414275,10,50.088,14.4208,0.61,3.4
864928588,50.081468,14.374428,10,50.088,14.4208,3.39,11.0
2003055436,50.106384,14.455147,10,50.088,14.4208,3.19,8.4
2998125388,50.090346,14.424859,10,50.088,14.4208,0.39,2.0
3243717452,50.089829,14.418247,10,50.088,14.4208,0.27,3.2
3227919180,50.101795,14.425921,10,50.088,14.4208,1.58,5.8
1231885132,50.079971,14.407142,10,50.088,14.4208,1.32,6.7
3323274060,50.072877,14.4425,10,50.088,14.4208,2.29,9.0
888804172,50.063886,14.409646,10,50.088,14.4208,2.8,8.7
1710887756,50.069501,14.409126,10,50.088,14.4208,2.22,8.4
2534482764,50.101795,14.425921,10,50.088,14.4208,1.58,5.8
2948731724,50.089929,14.444713,10,50.088,14.4208,1.72,6.8
3159040844,50.076007,14.393439,10,50.088,14.4208,2.36,10.8
3485602636,50.089929,14.444713,10,50.088,14.4208,1.72,6.8
3477807948,50.071441,14.438137,10,50.088,14.4208,2.22,9.6
3106874188,50.089006,14.481218,10,50.088,14.4208,4.31,13.9
3981124428,50.106285,14.468184,10,50.088,14.4208,3.94,10.4
2965971788,50.067869,14.339086,10,50.088,14.4208,6.25,15.7
1169167180,50.072299,14.437644,10,50.088,14.4208,2.12,9.8
3420611916,50.079382,14.48409,10,50.088,14.4208,4.62,12.5
4281144140,49.968777,14.394234,10,50.088,14.4208,13.39,21.3
2938966860,49.968777,14.394234,10,50.088,14.4208,13.39,21.3
2968523596,50.132185,14.549597,11,50.0406,14.5567,10.2,21.8
308249420,50.046362,14.310556,10,50.088,14.4208,9.13,21.9
4267672396,50.046362,14.310556,10,50.088,14.4208,9.13,21.9
2170520396,50.046362,14.310556,10,50.088,14.4208,9.13,21.9
1685029708,50.046362,14.310556,10,50.088,14.4208,9.13,21.9
2067301196,50.046362,14.310556,10,50.088,14.4208,9.13,21.9
3801645900,50.046362,14.310556,10,50.088,14.4208,9.13,21.9
473465676,50.046362,14.310556,10,50.088,14.4208,9.13,21.9
576226124,50.046362,14.310556,10,50.088,14.4208,9.13,21.9
1783440204,49.969568,14.388982,10,50.088,14.4208,13.36,21.2
3049694028,50.084552,14.417781,10,50.088,14.4208,0.44,5.2
890102604,50.086186,14.361025,10,50.088,14.4208,4.27,11.4
2818237260,50.054139,14.440807,10,50.088,14.4208,4.03,12.3
1913373516,50.034814,14.416731,10,50.088,14.4208,5.92,13.5
1720222540,50.046362,14.310556,10,50.088,14.4208,9.13,21.9
1782088524,50.046362,14.310556,10,50.088,14.4208,9.13,21.9
741598028,50.050132,14.348868,10,50.088,14.4208,6.64,16.7
1924207436,50.091553,14.434231,10,50.088,14.4208,1.04,5.1
724943692,50.056239,14.445317,10,50.088,14.4208,3.94,12.4
908993356,50.083968,14.446616,10,50.088,14.4208,1.9,7.6
1080869708,50.084071,14.445726,10,50.088,14.4208,1.83,8.1
1511985996,50.044184,14.459788,10,50.088,14.4208,5.61,16.1
661439308,50.084412,14.445817,10,50.088,14.4208,1.83,8.0
3027342156,50.051507,14.316441,10,50.088,14.4208,8.48,21.6
594682700,50.126809,14.423477,10,50.088,14.4208,4.32,15.8
1631327052,50.112168,14.513854,10,50.088,14.4208,7.16,14.6
1559610188,50.087837,14.424131,10,50.088,14.4208,0.24,2.4
2261480012,50.142433,14.450304,10,50.088,14.4208,6.41,15.9
763888204,50.142433,14.450304,10,50.088,14.4208,6.41,15.9
2785960524,50.142433,14.450304,10,50.088,14.4208,6.41,15.9
1179525964,50.069647,14.402749,10,50.088,14.4208,2.41,8.2
386818636,50.142433,14.450304,10,50.088,14.4208,6.41,15.9
4120908620,50.046232,14.304127,10,50.088,14.4208,9.54,21.8
2216960844,50.022558,14.452926,10,50.088,14.4208,7.63,18.0
2320716364,50.067628,14.432494,10,50.088,14.4208,2.41,9.2
1232806732,50.100153,14.487321,10,50.088,14.4208,4.93,11.0
539379020,50.035396,14.501218,11,50.0406,14.5567,4.0,8.8
61412172,50.084552,14.417781,10,50.088,14.4208,0.44,5.2
3808375628,50.0845,14.48548,10,50.088,14.4208,4.63,12.9
3753907020,50.110297,14.47299,10,50.088,14.4208,4.47,11.7
4029821772,50.088531,14.404167,10,50.088,14.4208,1.19,5.2
3719635788,50.082378,14.502047,10,50.088,14.4208,5.83,14.4
3806466892,50.055013,14.437956,10,50.088,14.4208,3.87,11.9
3427935052,50.075093,14.311653,10,50.088,14.4208,7.92,17.9
2381062988,50.057737,14.284207,10,50.088,14.4208,10.31,22.1
1468244812,50.108043,14.472373,10,50.088,14.4208,4.3,10.5
4192736076,50.009706,14.425479,10,50.088,14.4208,8.71,20.9
431366988,50.0845,14.48548,10,50.088,14.4208,4.63,12.9
1988338508,50.074576,14.401966,10,50.088,14.4208,2.01,7.9
1075495500,50.08832,14.479201,10,50.088,14.4208,4.17,11.8
3153072972,50.142226,14.507899,10,50.088,14.4208,8.66,16.6
637014860,50.014996,14.434553,10,50.088,14.4208,8.18,19.5
2702885452,50.08832,14.479201,10,50.088,14.4208,4.17,11.8
3815133772,50.08832,14.479201,10,50.088,14.4208,4.17,11.8
1361326668,50.08832,14.479201,10,50.088,14.4208,4.17,11.8
4127613516,50.08832,14.479201,10,50.088,14.4208,4.17,11.8
15364684,50.112896,14.506038,10,50.088,14.4208,6.68,13.2
315019852,50.105795,14.490335,10,50.088,14.4208,5.34,11.7
4076499532,50.112896,14.506038,10,50.088,14.4208,6.68,13.2
4265243212,50.112896,14.506038,10,50.088,14.4208,6.68,13.2
3153613388,50.112896,14.506038,10,50.088,14.4208,6.68,13.2
1906758220,50.105795,14.490335,10,50.088,14.4208,5.34,11.7
2122519884,50.105795,14.490335,10,50.088,14.4208,5.34,11.7
3252671308,50.092677,14.458364,10,50.088,14.4208,2.73,8.3
2637022028,50.105795,14.490335,10,50.088,14.4208,5.34,11.7
2438906700,50.105795,14.490335,10,50.088,14.4208,5.34,11.7
4041724492,50.105795,14.490335,10,50.088,14.4208,5.34,11.7
3908047692,50.029372,14.361618,10,50.088,14.4208,7.77,18.4
2192347724,50.115696,14.510241,10,50.088,14.4208,7.08,14.8
4025488204,50.128921,14.474943,10,50.088,14.4208,5.97,13.5
972034892,50.029372,14.361618,10,50.088,14.4208,7.77,18.4
3224413004,50.131594,14.425169,10,50.088,14.4208,4.86,16.4
4092597068,50.055704,14.364877,10,50.088,14.4208,5.37,13.8
266933068,50.025865,14.52607,11,50.0406,14.5567,2.73,7.4
883561292,50.072892,14.393903,10,50.088,14.4208,2.55,9.7
1341133644,50.116164,14.504305,10,50.088,14.4208,6.73,15.2
1135714892,50.095049,14.509372,10,50.088,14.4208,6.37,15.4
1540530764,50.095049,14.509372,10,50.088,14.4208,6.37,15.4
3956745036,50.066998,14.400265,10,50.088,14.4208,2.76,8.6
2068591436,50.093393,14.489673,10,50.088,14.4208,4.95,12.2
4251239244,50.045639,14.317656,10,50.088,14.4208,8.74,20.9
1134826316,50.460475,13.417786,3,50.2327,12.8712,46.32,55.8
961684300,50.104849,14.568847,11,50.0406,14.5567,7.2,18.9
3424924492,50.031256,14.371247,10,50.088,14.4208,7.23,17.1
1444623180,50.064909,14.299978,10,50.088,14.4208,9.0,21.5
1218392908,50.044263,14.455291,10,50.088,14.4208,5.45,14.3
2515276620,50.104554,14.484468,10,50.088,14.4208,4.9,10.8
680272716,50.092677,14.458364,10,50.088,14.4208,2.73,8.3
1768260428,50.074721,14.40603,10,50.088,14.4208,1.81,6.5
3858461260,50.102868,14.454403,10,50.088,14.4208,2.91,7.8
2667107148,50.081167,14.499294,10,50.088,14.4208,5.65,14.8
619713356,50.071791,14.455273,10,50.088,14.4208,3.05,10.7
1730728780,50.022565,14.432975,10,50.088,14.4208,7.33,17.0
4290847564,50.095411,14.436373,10,50.088,14.4208,1.38,5.2
450135372,50.061605,14.590435,11,50.0406,14.5567,3.36,8.8
3799782220,50.063728,14.383343,10,50.088,14.4208,3.8,11.1
252449612,50.024224,14.455616,11,50.0406,14.5567,7.45,16.3
3005174348,50.11043,14.447071,10,50.088,14.4208,3.12,8.7
3231519564,50.064896,14.426187,10,50.088,14.4208,2.6,7.7
2469454668,50.099971,14.373341,10,50.088,14.4208,3.64,10.7
3830453068,50.018268,14.461719,11,50.0406,14.5567,7.22,18.3
1613026124,50.046606,14.556558,11,50.0406,14.5567,0.67,2.3
2448696140,50.039269,14.565645,11,50.0406,14.5567,0.66,2.6
3376989004,49.983885,14.359958,10,50.088,14.4208,12.37,23.0
220447564,50.065389,14.409926,10,50.088,14.4208,2.63,9.1
2195460940,50.082306,14.368052,10,50.088,14.4208,3.82,13.4
23139148,50.072362,14.432191,10,50.088,14.4208,1.92,8.9
3524268876,50.067038,14.401919,10,50.088,14.4208,2.69,8.7
757494348,50.016388,14.403595,10,50.088,14.4208,8.06,16.3
4246115148,50.056903,14.400695,10,50.088,14.4208,3.74,14.1
2913018700,49.969568,14.388982,10,50.088,14.4208,13.36,21.2
1803391820,50.056903,14.400695,10,50.088,14.4208,3.74,14.1
409346892,50.128804,14.530755,10,50.088,14.4208,9.06,19.7
1012196172,50.056903,14.400695,10,50.088,14.4208,3.74,14.1
4099310156,50.004193,14.355805,10,50.088,14.4208,10.41,22.2
3563787596,50.078071,14.423949,10,50.088,14.4208,1.13,6.5
2556916300,50.025069,14.425998,10,50.088,14.4208,7.01,15.8
3646804812,50.025033,14.425974,10,50.088,14.4208,7.01,15.8
3861742412,50.025048,14.42591,10,50.088,14.4208,7.01,15.8
2210452300,50.077885,14.493977,10,50.088,14.4208,5.34,13.6
3503358540,49.983975,14.359765,10,50.088,14.4208,12.36,23.1
141767500,49.728616,17.292142,8,49.5938,17.2509,15.28,22.5
1106326348,50.136893,14.508001,10,50.088,14.4208,8.26,17.2
2517635916,50.104781,14.486521,10,50.088,14.4208,5.05,11.1
1101071692,50.016342,14.403686,10,50.088,14.4208,8.06,16.2
1508241996,50.152511,14.523989,10,50.088,14.4208,10.28,18.8
1168487244,50.022487,14.525169,11,50.0406,14.5567,3.02,10.2
2360734284,50.15251,14.523973,10,50.088,14.4208,10.27,18.8
113320524,50.055293,14.379691,10,50.088,14.4208,4.67,13.0
4207813452,50.059012,14.498933,11,50.0406,14.5567,4.6,10.9
3783336780,50.055253,14.580323,11,50.0406,14.5567,2.35,7.2
2109076044,50.15251,14.523973,10,50.088,14.4208,10.27,18.8
3153052236,49.966308,14.395173,10,50.088,14.4208,13.65,22.1
1607451212,49.966308,14.395173,10,50.088,14.4208,13.65,22.1
1985516364,50.092277,14.446442,10,50.088,14.4208,1.89,6.0
755839820,50.061098,14.402953,10,50.088,14.4208,3.25,10.1
3759219532,49.966308,14.395173,10,50.088,14.4208,13.65,22.1
1212715852,50.093022,14.443644,10,50.088,14.4208,1.72,6.2
623973196,50.088696,14.482841,10,50.088,14.4208,4.43,13.4
254837324,50.004193,14.355805,10,50.088,14.4208,10.41,22.2
2652963404,50.004193,14.355805,10,50.088,14.4208,10.41,22.2
3674362444,50.093454,14.37582,10,50.088,14.4208,3.27,10.1
2522919756,50.004193,14.355805,10,50.088,14.4208,10.41,22.2
1845498700,50.06829,14.3853,10,50.088,14.4208,3.35,11.3
3707769676,50.084553,14.417782,10,50.088,14.4208,0.44,5.2
1316287308,50.004193,14.355805,10,50.088,14.4208,10.41,22.2
239473996,50.090701,14.430334,10,50.088,14.4208,0.74,3.8
2445157196,50.099339,14.423913,10,50.088,14.4208,1.28,5.6
402465612,50.088203,14.484105,10,50.088,14.4208,4.52,12.5
1529860940,50.15705,14.52092,10,50.088,14.4208,10.48,21.2
884880204,50.014126,14.545489,11,50.0406,14.5567,3.05,7.0
587731788,50.014126,14.545489,11,50.0406,14.5567,3.05,7.0
2556089164,50.069287,14.457431,10,50.088,14.4208,3.34,11.9
995660620,50.093022,14.443644,10,50.088,14.4208,1.72,6.2
240849740,50.07646,14.45612,10,50.088,14.4208,2.83,10.2
3978859340,50.093022,14.443644,10,50.088,14.4208,1.72,6.2
3094352716,50.105321,14.540325,11,50.0406,14.5567,7.29,17.4
2710147916,50.07297,14.369205,10,50.088,14.4208,4.04,13.9
2234921804,50.103653,14.438858,10,50.088,14.4208,2.17,7.0
329892428,50.107921,14.492459,10,50.088,14.4208,5.57,11.8
19866444,50.136664,14.504957,10,50.088,14.4208,8.08,16.1
480887372,50.107921,14.492459,10,50.088,14.4208,5.57,11.8
1153024588,50.107921,14.492459,10,50.088,14.4208,5.57,11.8
1271710284,50.107921,14.492459,10,50.088,14.4208,5.57,11.8
629982028,50.101578,14.39588,10,50.088,14.4208,2.33,8.1
3668558412,50.107921,14.492459,10,50.088,14.4208,5.57,11.8
444121932,50.103033,14.455175,10,50.088,14.4208,2.97,8.6
2754532172,50.028077,14.364202,10,50.088,14.4208,7.79,18.5
3320447564,50.065011,14.409487,10,50.088,14.4208,2.68,9.2
4229993036,50.091877,14.435898,10,50.088,14.4208,1.16,4.8
3851383372,50.075495,14.450163,10,50.088,14.4208,2.51,9.1
2039800396,50.091877,14.435898,10,50.088,14.4208,1.16,4.8
282542668,50.077265,14.423512,10,50.088,14.4208,1.21,6.1
3114246988,50.091877,14.435898,10,50.088,14.4208,1.16,4.8
953824076,50.092303,14.446644,10,50.088,14.4208,1.9,6.0
2717115212,50.054713,14.516289,11,50.0406,14.5567,3.28,7.6
229458508,50.091877,14.435898,10,50.088,14.4208,1.16,4.8
2090046284,50.091331,14.431291,10,50.088,14.4208,0.84,3.2
335909708,50.071719,14.4405,10,50.088,14.4208,2.29,10.0
2638971724,50.077265,14.423512,10,50.088,14.4208,1.21,6.1
849356108,50.157696,14.51916,10,50.088,14.4208,10.45,20.5
2649297740,50.052596,14.440239,10,50.088,14.4208,4.17,11.3
2938671948,50.093022,14.443644,10,50.088,14.4208,1.72,6.2
1294504780,50.090674,14.447895,10,50.088,14.4208,1.96,6.6
574673740,50.078002,14.432416,10,50.088,14.4208,1.39,7.6
297915212,50.078002,14.432416,10,50.088,14.4208,1.39,7.6
1329648460,50.092236,14.444477,10,50.088,14.4208,1.75,6.3
567731020,50.073722,14.416503,10,50.088,14.4208,1.62,6.3
4280849228,50.092277,14.446442,10,50.088,14.4208,1.89,6.0
2286998348,50.075495,14.450163,10,50.088,14.4208,2.51,9.1
1763758924,50.075495,14.450163,10,50.088,14.4208,2.51,9.1
401724236,50.100977,14.427257,10,50.088,14.4208,1.51,5.4
3241607756,50.061725,14.447296,10,50.088,14.4208,3.48,10.2
1530995276,50.053021,14.409772,10,50.088,14.4208,3.97,9.7
3396453196,50.087572,14.415355,10,50.088,14.4208,0.39,2.3
517603916,50.102965,14.400819,10,50.088,14.4208,2.19,8.4
2916938572,50.067233,14.405531,10,50.088,14.4208,2.55,8.3
725754700,50.050081,14.324244,10,50.088,14.4208,8.08,19.9
2610111308,50.050081,14.324244,10,50.088,14.4208,8.08,19.9
3137082188,50.106997,14.449524,10,50.088,14.4208,2.94,7.7
3088651084,50.09849,14.431673,10,50.088,14.4208,1.4,5.2
3222365516,50.07538,14.43799,10,50.088,14.4208,1.86,8.7
1267934028,50.050081,14.324244,10,50.088,14.4208,8.08,19.9
819401292,50.106969,14.437735,10,50.088,14.4208,2.43,7.9
3564020300,50.114339,14.507672,10,50.088,14.4208,6.85,14.0
286352716,50.07538,14.43799,10,50.088,14.4208,1.86,8.7
2397479756,50.055586,14.381431,10,50.088,14.4208,4.57,12.7
881005388,50.083971,14.376201,10,50.088,14.4208,3.21,9.7
444842828,50.076261,14.453515,10,50.088,14.4208,2.67,9.7
1675871052,50.060706,14.368073,10,50.088,14.4208,4.83,15.3
4186817356,50.1242,14.485157,10,50.088,14.4208,6.1,14.3
2795119180,50.036096,14.48035,11,50.0406,14.5567,5.48,12.0
684331852,50.091058,14.42034,10,50.088,14.4208,0.34,1.6
4051886924,50.027353,14.454419,10,50.088,14.4208,7.16,17.9
3928453708,50.078968,14.417052,10,50.088,14.4208,1.04,5.7
3833872972,50.055429,14.489684,11,50.0406,14.5567,5.06,11.7
4265063244,50.076846,14.458568,10,50.088,14.4208,2.97,9.8
3971216204,50.016244,14.404919,10,50.088,14.4208,8.06,16.2
2957435724,50.067233,14.405531,10,50.088,14.4208,2.55,8.3
898483020,50.1038,14.511479,10,50.088,14.4208,6.7,14.5
819598156,50.141015,14.517698,10,50.088,14.4208,9.08,17.9
3027149388,50.114549,14.513602,10,50.088,14.4208,7.25,14.1
1164878412,50.114339,14.507672,10,50.088,14.4208,6.85,14.0
1008608076,50.070852,14.444813,10,50.088,14.4208,2.56,12.3
90722892,50.061605,14.590435,11,50.0406,14.5567,3.36,8.8
3498845004,50.076884,14.46093,10,50.088,14.4208,3.12,10.3
1370542924,50.141574,14.523405,10,50.088,14.4208,9.43,17.8
1741996876,50.111321,14.510686,10,50.088,14.4208,6.92,14.0
834790220,50.086588,14.383002,10,50.088,14.4208,2.7,9.5
2631725900,50.067233,14.405531,10,50.088,14.4208,2.55,8.3
2918183756,50.002021,14.432731,10,50.088,14.4208,9.6,22.5
4135383884,50.008437,14.419992,10,50.088,14.4208,8.85,19.7
3129209676,50.007438,14.422436,10,50.088,14.4208,8.96,20.8
2532250444,50.089983,14.472542,10,50.088,14.4208,3.7,10.5
2092962636,50.1201,14.4767,10,50.088,14.4208,5.35,13.4
2629833548,50.1201,14.4767,10,50.088,14.4208,5.35,13.4
1039135564,50.006611,14.406164,10,50.088,14.4208,9.11,18.0
3733365580,50.117968,14.494173,10,50.088,14.4208,6.2,16.2
694686540,50.024704,14.454245,10,50.088,14.4208,7.43,17.9
981660492,50.002157,14.431924,10,50.088,14.4208,9.58,22.3
199684940,50.006778,14.405308,10,50.088,14.4208,9.1,17.9
3857453900,50.103396,14.578769,11,50.0406,14.5567,7.16,20.4
273544012,50.012251,14.42238,10,50.088,14.4208,8.42,18.5
1846461260,50.106958,14.510207,10,50.088,14.4208,6.72,16.2
3146523468,50.046288,14.489509,11,50.0406,14.5567,4.84,12.6
2797806412,50.023614,14.412755,10,50.088,14.4208,7.18,16.5
3450925900,50.074745,14.50363,11,50.0406,14.5567,5.36,12.5
3699807052,50.057434,14.446963,10,50.088,14.4208,3.88,12.7
3606631244,50.133011,14.377803,10,50.088,14.4208,5.87,13.7
2576278348,50.105101,14.395177,10,50.088,14.4208,2.64,8.8
3845186380,50.099971,14.373341,10,50.088,14.4208,3.64,10.7
2941502028,50.070732,14.414707,10,50.088,14.4208,1.97,6.1
1649873740,50.011245,14.450939,11,50.0406,14.5567,8.23,18.8
2396132172,50.104379,14.396418,10,50.088,14.4208,2.52,8.3
4140962636,50.046876,14.493353,11,50.0406,14.5567,4.58,12.4
1536828236,50.042639,14.443925,10,50.088,14.4208,5.31,14.4
750138188,50.037739,14.31547,10,50.088,14.4208,9.37,20.3
301798220,50.01576,14.43335,10,50.088,14.4208,8.08,18.8
3474031436,50.065288,14.393119,10,50.088,14.4208,3.21,9.6
4125340492,50.065288,14.393119,10,50.088,14.4208,3.21,9.6
369963852,50.03967,14.435565,10,50.088,14.4208,5.48,15.2
1022534476,50.105714,14.564753,11,50.0406,14.5567,7.26,17.9
1288938316,50.065288,14.393119,10,50.088,14.4208,3.21,9.6
874455884,50.124662,14.381194,10,50.088,14.4208,4.96,12.1
2949927500,50.065264,14.37898,10,50.088,14.4208,3.91,12.0
2319131468,49.965353,14.384613,10,50.088,14.4208,13.88,22.2
547414860,50.103118,14.447638,10,50.088,14.4208,2.55,6.7
2863170380,50.031611,14.379066,10,50.088,14.4208,6.94,16.1
1331270476,50.064888,14.425386,10,50.088,14.4208,2.59,7.6
3481568076,50.078741,14.446055,10,50.088,14.4208,2.08,8.8
3904893772,50.045737,14.453987,10,50.088,14.4208,5.26,14.3
3690140492,50.134239,14.509477,10,50.088,14.4208,8.15,17.5
793187148,50.103467,14.579539,11,50.0406,14.5567,7.18,21.8
1379078988,50.138848,14.505963,10,50.088,14.4208,8.3,16.1
3615830860,50.027861,14.525691,11,50.0406,14.5567,2.63,7.3
3050386252,50.075928,14.490946,10,50.088,14.4208,5.18,14.1
2243507020,50.074107,14.356256,10,50.088,14.4208,4.86,14.5
3206849356,50.133282,14.367061,10,50.088,14.4208,6.33,15.7
3729310540,50.024317,14.457196,11,50.0406,14.5567,7.33,16.6
1166807884,50.012311,14.419133,10,50.088,14.4208,8.42,18.4
3221951308,50.09414,14.349692,10,50.088,14.4208,5.12,12.5
527110988,50.039648,14.338392,10,50.088,14.4208,7.97,19.0
2625315660,49.969075,14.388531,10,50.088,14.4208,13.42,21.3
3494363980,50.106969,14.437735,10,50.088,14.4208,2.43,7.9
2077729612,50.101712,14.46629,10,50.088,14.4208,3.59,8.5
1321870156,49.983975,14.359765,10,50.088,14.4208,12.36,23.1
522859340,50.133082,14.506908,10,50.088,14.4208,7.93,17.2
2192053068,50.084422,14.415503,10,50.088,14.4208,0.55,3.5
1568543564,50.141196,14.507856,10,50.088,14.4208,8.57,17.0
848442188,50.071343,14.388664,10,50.088,14.4208,2.95,10.0
1962402636,50.099717,14.43384,10,50.088,14.4208,1.6,6.4
2399785804,50.047418,14.298309,10,50.088,14.4208,9.84,24.2
1368904524,50.101897,14.475231,10,50.088,14.4208,4.18,12.7
2795049804,50.036139,14.338993,10,50.088,14.4208,8.21,19.8
3554943820,50.059364,14.383012,10,50.088,14.4208,4.17,12.0
302302028,50.099025,14.482987,10,50.088,14.4208,4.6,10.6
2008404812,50.050527,14.541884,11,50.0406,14.5567,1.53,4.9
250016588,50.082753,14.380147,10,50.088,14.4208,2.96,10.2
1870078796,50.122239,14.499114,10,50.088,14.4208,6.76,15.0
2417218380,50.10158,14.423138,10,50.088,14.4208,1.52,5.3
2266456652,50.031611,14.379066,10,50.088,14.4208,6.94,16.1
671646540,50.031611,14.379066,10,50.088,14.4208,6.94,16.1
4132430668,50.021555,14.412519,10,50.088,14.4208,7.41,16.8
2614567756,50.066998,14.400265,10,50.088,14.4208,2.76,8.6
2338595660,50.098022,14.398425,10,50.088,14.4208,1.95,8.1
3604423500,50.076975,14.408154,10,50.088,14.4208,1.52,7.0
3534304076,50.054943,14.494667,11,50.0406,14.5567,4.71,11.6
3719136076,50.090776,14.452274,10,50.088,14.4208,2.27,7.6
3037541196,50.03967,14.435565,10,50.088,14.4208,5.48,15.2
349184844,50.079125,14.427255,10,50.088,14.4208,1.09,7.9
2109137740,50.091338,14.445187,10,50.088,14.4208,1.78,6.6
1748767564,50.055293,14.379691,10,50.088,14.4208,4.67,13.0
4138566476,50.090776,14.452274,10,50.088,14.4208,2.27,7.6
3311948364,50.063639,14.473661,10,50.088,14.4208,4.64,14.9
1784615756,50.106969,14.437735,10,50.088,14.4208,2.43,7.9
3655476044,50.034678,14.529606,11,50.0406,14.5567,2.04,5.8
3991765836,50.069407,14.373413,10,50.088,14.4208,3.96,12.2
1289417548,50.071121,14.681884,11,50.0406,14.5567,9.56,20.6
2104279884,50.00105,14.427081,10,50.088,14.4208,9.68,21.3
169726796,50.02671,14.5195,11,50.0406,14.5567,3.07,7.0
1768559436,50.119751,14.453542,10,50.088,14.4208,4.23,12.1
2255950668,50.085263,14.454959,10,50.088,14.4208,2.46,8.1
2977608524,50.079213,14.453616,10,50.088,14.4208,2.54,9.5
130155084,50.027637,14.419114,10,50.088,14.4208,6.71,16.7
357049164,50.073604,14.393812,10,50.088,14.4208,2.5,8.7
840565324,50.065011,14.409487,10,50.088,14.4208,2.68,9.2
1664279372,50.096235,14.404989,10,50.088,14.4208,1.45,5.8
3649049420,50.056869,14.441564,10,50.088,14.4208,3.77,11.6
1207702348,50.061576,14.451327,10,50.088,14.4208,3.66,11.4
2541163340,50.075392,14.449415,10,50.088,14.4208,2.48,9.1
2495886156,50.132369,14.53639,10,50.088,14.4208,9.61,20.0
3198878284,50.065011,14.409487,10,50.088,14.4208,2.68,9.2
3555988044,50.053673,14.418835,10,50.088,14.4208,3.82,10.1
2371539788,50.069287,14.457431,10,50.088,14.4208,3.34,11.9
3476759372,50.103552,14.528929,11,50.0406,14.5567,7.28,15.3
563344204,50.055611,14.282137,10,50.088,14.4208,10.53,21.8
4008715084,50.071247,14.406638,10,50.088,14.4208,2.12,7.7
3932623692,50.071322,14.465636,10,50.088,14.4208,3.7,12.1
1606484556,49.983574,14.359583,10,50.088,14.4208,12.41,22.7
2053575500,50.036604,14.383417,10,50.088,14.4208,6.31,15.6
1082073932,50.003481,14.412184,10,50.088,14.4208,9.42,19.4
2799772492,50.078258,14.508509,11,50.0406,14.5567,5.42,12.7
1751696204,50.102951,14.455562,10,50.088,14.4208,2.99,8.0
4219455308,50.119226,14.410092,10,50.088,14.4208,3.56,13.4
3481163596,50.119226,14.410092,10,50.088,14.4208,3.56,13.4
2321822540,50.103124,14.581143,11,50.0406,14.5567,7.17,20.9
488620876,50.153308,14.528756,10,50.088,14.4208,10.58,19.4
1429955916,50.063639,14.473661,10,50.088,14.4208,4.64,14.9
222683980,50.053492,14.347983,10,50.088,14.4208,6.46,16.7
4275778380,50.036179,14.594071,11,50.0406,14.5567,2.71,6.4
3150713676,50.08899,14.465508,10,50.088,14.4208,3.19,9.5
3924919116,50.088594,14.306226,10,50.088,14.4208,8.17,18.5
3292717900,50.116722,14.470646,10,50.088,14.4208,4.78,11.8
833475404,50.130425,14.492218,10,50.088,14.4208,6.94,15.3
2778084172,50.058515,14.372424,10,50.088,14.4208,4.76,12.9
175756620,49.983975,14.359765,10,50.088,14.4208,12.36,23.1
986846028,50.109034,14.508283,10,50.088,14.4208,6.66,14.7
39052108,50.103006,14.454424,10,50.088,14.4208,2.92,7.6
2628280908,50.106818,14.437945,10,50.088,14.4208,2.42,8.0
2335547980,50.057026,14.541841,11,50.0406,14.5567,2.11,8.0
135922252,50.065011,14.409487,10,50.088,14.4208,2.68,9.2
371397196,50.057026,14.541841,11,50.0406,14.5567,2.11,8.0
1567036236,50.066905,14.319036,10,50.088,14.4208,7.63,19.4
2773685068,50.062027,14.449405,10,50.088,14.4208,3.54,11.2
3875152716,50.06986,14.67786,11,50.0406,14.5567,9.24,19.5
1332810572,50.080034,14.405857,10,50.088,14.4208,1.39,7.0
2269721420,50.106486,14.522776,10,50.088,14.4208,7.56,16.0
2416579404,50.123445,14.442814,10,50.088,14.4208,4.24,14.2
3206976332,50.036855,14.34589,10,50.088,14.4208,7.81,21.2
4289868364,50.074373,14.425488,10,50.088,14.4208,1.55,7.4
2118763340,50.106958,14.510207,10,50.088,14.4208,6.72,16.2
3821990732,50.086235,14.473117,10,50.088,14.4208,3.74,11.2
3741893452,50.106958,14.510207,10,50.088,14.4208,6.72,16.2
4068356940,50.062885,14.369662,10,50.088,14.4208,4.6,15.1
3557524044,50.07629,14.416727,10,50.088,14.4208,1.33,5.4
2017841996,50.067707,14.370033,10,50.088,14.4208,4.27,12.9
3137786700,50.043956,14.336845,10,50.088,14.4208,7.74,18.8
1531519820,49.969568,14.388982,10,50.088,14.4208,13.36,21.2
3859616588,50.10363,14.436723,10,50.088,14.4208,2.08,5.9
1080959820,50.106413,14.452745,10,50.088,14.4208,3.06,8.4
3014239820,50.090821,14.43069,10,50.088,14.4208,0.77,3.7
3933074252,50.070128,14.429685,10,50.088,14.4208,2.09,9.0
1441096268,50.086624,14.471695,10,50.088,14.4208,3.63,11.0
4202840652,50.082316,14.450463,10,50.088,14.4208,2.21,8.6
668246860,50.07786,14.458901,10,50.088,14.4208,2.94,9.7
793055820,50.106749,14.437816,10,50.088,14.4208,2.41,8.0
908075852,50.103361,14.512544,10,50.088,14.4208,6.76,13.9
1044021836,50.087604,14.662905,11,50.0406,14.5567,9.21,21.9
3112608332,50.072152,14.472607,10,50.088,14.4208,4.1,12.6
2441139020,50.112078,14.476242,10,50.088,14.4208,4.78,11.1
3615019852,50.076441,14.485967,10,50.088,14.4208,4.82,12.7
2123141964,50.019809,14.461567,11,50.0406,14.5567,7.18,16.7
3146781516,50.104035,14.399629,10,50.088,14.4208,2.34,8.2
1845900108,50.074195,14.359075,10,50.088,14.4208,4.66,14.4
1007039308,50.092253,14.300437,10,50.088,14.4208,8.6,19.9
1902650188,50.095296,14.545782,11,50.0406,14.5567,6.13,15.4
4230615884,50.077281,14.451819,10,50.088,14.4208,2.51,9.0
40051532,50.068066,14.456771,10,50.088,14.4208,3.39,11.7
2099974988,50.055442,14.441802,10,50.088,14.4208,3.92,12.1
54051660,50.076837,14.469539,10,50.088,14.4208,3.69,11.9
492880716,50.107596,14.392992,10,50.088,14.4208,2.95,9.4
582030156,50.027215,14.424316,10,50.088,14.4208,6.76,16.0
2628260684,50.009744,14.460835,11,50.0406,14.5567,7.66,16.8
841093964,50.072443,14.458521,10,50.088,14.4208,3.2,10.9
3616543564,50.076464,14.41584,10,50.088,14.4208,1.33,5.8
3280999244,50.075392,14.449415,10,50.088,14.4208,2.48,9.1
606085964,49.965805,14.382396,10,50.088,14.4208,13.86,23.0
3954520908,50.116805,14.470376,10,50.088,14.4208,4.77,11.8
1132008268,50.087256,14.407328,10,50.088,14.4208,0.96,4.8
3137323852,50.065525,14.37805,10,50.088,14.4208,3.94,12.3
1786778444,50.073609,14.491109,10,50.088,14.4208,5.27,13.8
3287151436,50.090795,14.435036,10,50.088,14.4208,1.06,5.0
4001370956,50.035499,14.342851,10,50.088,14.4208,8.06,22.2
2997760844,50.067943,14.370524,10,50.088,14.4208,4.22,12.7
1844253516,50.065291,14.496994,11,50.0406,14.5567,5.07,11.9
4190901068,50.054755,14.511225,11,50.0406,14.5567,3.61,9.6
577626700,50.061826,14.403939,10,50.088,14.4208,3.15,9.8
357155660,50.056645,14.344943,10,50.088,14.4208,6.44,17.1
2870485836,50.084139,14.576953,11,50.0406,14.5567,5.05,14.2
3984593740,50.10597,14.490172,10,50.088,14.4208,5.34,11.7
2667717452,50.090271,14.435471,10,50.088,14.4208,1.08,4.6
2899309388,50.090977,14.428984,10,50.088,14.4208,0.67,2.8
2955203404,50.046606,14.556558,11,50.0406,14.5567,0.67,2.3
3918721868,50.102814,14.434939,10,50.088,14.4208,1.93,6.2
4260033356,50.095072,14.458422,10,50.088,14.4208,2.8,7.8
3524453196,50.058546,14.290673,10,50.088,14.4208,9.85,22.1
331186764,50.017789,14.400413,10,50.088,14.4208,7.94,16.3
545264460,50.063722,14.50623,11,50.0406,14.5567,4.43,11.0
3282244428,50.102331,14.52973,11,50.0406,14.5567,7.13,15.8
2436772684,50.041119,14.402391,10,50.088,14.4208,5.38,12.9
3479114572,50.041345,14.402513,10,50.088,14.4208,5.35,12.9
1481974604,50.138435,14.516224,10,50.088,14.4208,8.82,18.4
1524183884,50.061521,14.595706,11,50.0406,14.5567,3.63,10.5
1491690060,50.077869,14.301823,10,50.088,14.4208,8.56,18.9
45617996,49.569695,17.252196,8,49.5938,17.2509,2.68,6.3
908006220,50.081248,14.498297,10,50.088,14.4208,5.58,14.6
1196299084,50.041127,14.569748,11,50.0406,14.5567,0.93,3.7
3862639436,50.057526,14.372984,10,50.088,14.4208,4.81,12.6
2297578060,50.151328,14.527768,10,50.088,14.4208,10.38,18.8
1907528524,50.069087,14.462197,10,50.088,14.4208,3.63,12.0
4163318348,50.063677,14.436554,10,50.088,14.4208,2.93,9.9
850924364,49.569695,17.252196,8,49.5938,17.2509,2.68,6.3
2284794700,50.053555,14.435655,10,50.088,14.4208,3.97,11.9
4272300876,50.079995,14.407921,10,50.088,14.4208,1.28,6.2
93328204,50.083172,14.57621,11,50.0406,14.5567,4.93,14.6
1514664780,50.071233,14.460516,10,50.088,14.4208,3.39,11.7
2723210060,50.099971,14.373341,10,50.088,14.4208,3.64,10.7
3105043276,50.055018,14.404981,10,50.088,14.4208,3.84,10.7
731845452,50.115545,14.489828,10,50.088,14.4208,5.8,12.8
4262929228,50.071791,14.455273,10,50.088,14.4208,3.05,10.7
1999811916,50.07629,14.416727,10,50.088,14.4208,1.33,5.4
3600626508,50.075928,14.427186,10,50.088,14.4208,1.42,6.7
4074000972,50.065333,14.379302,10,50.088,14.4208,3.89,11.9
1991762764,50.055293,14.379691,10,50.088,14.4208,4.67,13.0
288613196,50.083536,14.430371,10,50.088,14.4208,0.84,7.6
592175692,50.116586,14.416963,10,50.088,14.4208,3.19,12.5
2735776588,50.075928,14.427186,10,50.088,14.4208,1.42,6.7
3494306636,50.067233,14.405531,10,50.088,14.4208,2.55,8.3
1186456396,50.055293,14.379691,10,50.088,14.4208,4.67,13.0
2865513036,50.093206,14.453722,10,50.088,14.4208,2.42,7.5
1516487500,50.057732,14.561535,11,50.0406,14.5567,1.94,5.9
1540416332,50.084561,14.445819,10,50.088,14.4208,1.83,8.0
3252405068,50.092576,14.432178,10,50.088,14.4208,0.96,4.6
771478348,50.130577,14.549412,11,50.0406,14.5567,10.02,21.2
1784943180,50.090878,14.423069,10,50.088,14.4208,0.36,1.4
3252826956,50.075928,14.427186,10,50.088,14.4208,1.42,6.7
3809641292,50.065288,14.393119,10,50.088,14.4208,3.21,9.6
2594890572,50.036645,14.396965,10,50.088,14.4208,5.96,14.3
2221065036,50.090776,14.452274,10,50.088,14.4208,2.27,7.6
1492042572,50.109427,14.518276,10,50.088,14.4208,7.35,14.4
3247018828,50.101712,14.46629,10,50.088,14.4208,3.59,8.5
1828963148,50.136664,14.504957,10,50.088,14.4208,8.08,16.1
3837797196,50.037279,14.395845,10,50.088,14.4208,5.91,14.6
3958383436,50.0714,14.50905,11,50.0406,14.5567,4.83,12.1
3532440396,50.092303,14.446644,10,50.088,14.4208,1.9,6.0
2725159756,50.090897,14.442857,10,50.088,14.4208,1.61,6.2
3293073996,50.101712,14.46629,10,50.088,14.4208,3.59,8.5
2921251660,50.130577,14.549412,11,50.0406,14.5567,10.02,21.2
726082380,50.036587,14.374895,10,50.088,14.4208,6.59,16.1
2233275212,50.075928,14.427186,10,50.088,14.4208,1.42,6.7
303203148,50.065288,14.393119,10,50.088,14.4208,3.21,9.6
767738700,50.042771,14.498667,11,50.0406,14.5567,4.15,10.7
65700684,50.057732,14.561535,11,50.0406,14.5567,1.94,5.9
4238361164,50.101712,14.46629,10,50.088,14.4208,3.59,8.5
879354700,50.115748,14.468445,10,50.088,14.4208,4.59,11.9
3704697676,50.072538,14.476557,10,50.088,14.4208,4.33,12.6
1164972876,50.051906,14.348021,10,50.088,14.4208,6.56,16.6
1413530444,50.064597,14.410204,10,50.088,14.4208,2.71,9.0
3885310796,50.059573,14.447491,10,50.088,14.4208,3.69,10.7
3500163660,50.101712,14.46629,10,50.088,14.4208,3.59,8.5
2231427916,50.086584,14.381619,10,50.088,14.4208,2.8,9.7
3545047884,50.047245,14.29978,10,50.088,14.4208,9.75,22.7
475910988,50.027867,14.525695,11,50.0406,14.5567,2.63,7.3
105309004,50.067233,14.405531,10,50.088,14.4208,2.55,8.3
2646086476,49.569695,17.252196,8,49.5938,17.2509,2.68,6.3
4272952140,50.127205,14.449272,10,50.088,14.4208,4.81,13.8
2506462028,50.100636,14.454113,10,50.088,14.4208,2.76,7.8
1766269772,50.131593,14.425168,10,50.088,14.4208,4.86,16.4
1040651084,50.035396,14.501218,11,50.0406,14.5567,4.0,8.8
1295524684,50.108043,14.472373,10,50.088,14.4208,4.3,10.5
130224972,50.092749,14.490922,10,50.088,14.4208,5.03,12.9
2211255116,50.038564,14.50897,11,50.0406,14.5567,3.42,8.2
167625292,50.139591,14.547467,10,50.088,14.4208,10.7,21.8
1580659532,50.139005,14.551429,10,50.088,14.4208,10.91,21.7
2410787660,50.089076,14.432701,10,50.088,14.4208,0.86,4.1
688329548,50.074766,14.490816,10,50.088,14.4208,5.21,14.1
92676940,50.119326,14.507049,10,50.088,14.4208,7.07,15.3
1150034764,50.057269,14.281061,10,50.088,14.4208,10.54,22.2
2146075468,50.057732,14.561535,11,50.0406,14.5567,1.94,5.9
2456675148,50.091614,14.509439,10,50.088,14.4208,6.34,13.9
764142412,50.042008,14.568776,11,50.0406,14.5567,0.88,3.7
1392350028,49.999729,14.417342,10,50.088,14.4208,9.82,20.0
4123276108,50.034347,14.384039,10,50.088,14.4208,6.52,15.0
1990333260,50.05146,14.54235,11,50.0406,14.5567,1.58,4.9
2507150156,50.119326,14.507049,10,50.088,14.4208,7.07,15.3
3031376716,49.985403,14.408981,10,50.088,14.4208,11.44,22.1
962839372,50.057732,14.561535,11,50.0406,14.5567,1.94,5.9
2368672588,50.085476,14.414141,10,50.088,14.4208,0.55,3.0
2326102860,50.078741,14.446055,10,50.088,14.4208,2.08,8.8
1652147020,50.1099,14.5607,11,50.0406,14.5567,7.71,19.6
2734412620,50.130577,14.549412,11,50.0406,14.5567,10.02,21.2
1331311436,50.028625,14.375762,10,50.088,14.4208,7.34,16.2
3084587852,50.072365,14.408147,10,50.088,14.4208,1.96,7.0
882840396,50.129749,14.420604,10,50.088,14.4208,4.64,18.3
1429148492,50.038051,14.507233,11,50.0406,14.5567,3.54,8.2
2133324364,50.093638,14.509444,10,50.088,14.4208,6.35,14.6
236221004,50.115748,14.468445,10,50.088,14.4208,4.59,11.9
207237964,50.028625,14.375762,10,50.088,14.4208,7.34,16.2
1862734668,50.053101,14.50719,11,50.0406,14.5567,3.8,8.6
3808891724,50.072869,14.463632,10,50.088,14.4208,3.49,11.3
3631997516,50.106958,14.510207,10,50.088,14.4208,6.72,16.2
1292772172,50.123409,14.442898,10,50.088,14.4208,4.24,14.3
437585228,50.061146,14.398285,10,50.088,14.4208,3.39,10.1
506925900,50.024684,14.516527,11,50.0406,14.5567,3.37,7.6
1852617548,50.056092,14.409175,10,50.088,14.4208,3.64,9.6
882280268,50.095863,14.344176,10,50.088,14.4208,5.54,15.0
185013068,50.071317,14.489259,10,50.088,14.4208,5.23,14.1
3115258700,50.031995,14.60936,11,50.0406,14.5567,3.88,8.8
827581260,50.035628,14.41608,10,50.088,14.4208,5.83,13.9
3681887052,50.016503,14.434501,10,50.088,14.4208,8.01,18.8
377783116,50.078741,14.446055,10,50.088,14.4208,2.08,8.8
3296494412,50.129494,14.460931,10,50.088,14.4208,5.43,15.0
1335936332,50.10361,14.432148,10,50.088,14.4208,1.92,6.7
819237708,50.069741,14.367467,10,50.088,14.4208,4.31,12.3
832578892,50.157696,14.51916,10,50.088,14.4208,10.45,20.5
449762124,50.067505,14.385161,10,50.088,14.4208,3.41,11.3
990176076,50.069615,14.381851,10,50.088,14.4208,3.45,10.6
1874101068,50.078741,14.446055,10,50.088,14.4208,2.08,8.8
2257654604,50.038051,14.507233,11,50.0406,14.5567,3.54,8.2
156128588,50.091264,14.421436,10,50.088,14.4208,0.37,2.5
242492236,50.059364,14.383012,10,50.088,14.4208,4.17,12.0
4153348940,50.013198,14.400968,10,50.088,14.4208,8.44,17.8
3013616972,50.157696,14.51916,10,50.088,14.4208,10.45,20.5
52437836,50.096137,14.450605,10,50.088,14.4208,2.31,6.7
4158571084,50.053021,14.409772,10,50.088,14.4208,3.97,9.7
2883068492,50.055586,14.381431,10,50.088,14.4208,4.57,12.7
236897100,50.130577,14.549412,11,50.0406,14.5567,10.02,21.2
1343821132,50.089996,14.471378,10,50.088,14.4208,3.62,10.3
2584154956,50.067038,14.401919,10,50.088,14.4208,2.69,8.7
2591810124,50.106958,14.510207,10,50.088,14.4208,6.72,16.2
1136124748,50.067233,14.405531,10,50.088,14.4208,2.55,8.3
2429215564,50.055586,14.381431,10,50.088,14.4208,4.57,12.7
3856417356,50.093206,14.453722,10,50.088,14.4208,2.42,7.5
1140131148,50.060968,14.398317,10,50.088,14.4208,3.41,10.2
3166643020,50.071791,14.455273,10,50.088,14.4208,3.05,10.7
179194204,50.056511,14.413604,10,50.088,14.4208,3.54,12.4
794440524,50.028625,14.375762,10,50.088,14.4208,7.34,16.2
3425416012,49.991648,14.36889,10,50.088,14.4208,11.34,23.1
4208730956,50.100877,14.44575,10,50.088,14.4208,2.28,6.2
727917388,50.078069,14.42488,10,50.088,14.4208,1.14,7.7
2345419340,50.093206,14.453722,10,50.088,14.4208,2.42,7.5
743039564,50.042298,14.306854,10,50.088,14.4208,9.59,21.9
122409548,50.07532,14.456623,10,50.088,14.4208,2.92,9.8
271004492,50.042271,14.397407,10,50.088,14.4208,5.35,14.5
3681342028,50.157696,14.51916,10,50.088,14.4208,10.45,20.5
4119589708,50.119405,14.460006,10,50.088,14.4208,4.47,10.8
3641582412,50.111325,14.60486,11,50.0406,14.5567,8.58,21.5
936084300,50.057732,14.561535,11,50.0406,14.5567,1.94,5.9
156795724,50.057732,14.561535,11,50.0406,14.5567,1.94,5.9
2155885388,50.070333,14.405465,10,50.088,14.4208,2.25,8.0
3877876556,50.125977,14.530535,10,50.088,14.4208,8.89,18.1
3081241164,50.063677,14.436554,10,50.088,14.4208,2.93,9.9
1527190348,50.066883,14.499118,11,50.0406,14.5567,5.04,11.2
3338007372,50.029031,14.361817,10,50.088,14.4208,7.79,18.3
1197024076,50.037795,14.43102,10,50.088,14.4208,5.63,15.2
2800386892,50.057732,14.561535,11,50.0406,14.5567,1.94,5.9
343130956,50.057732,14.561535,11,50.0406,14.5567,1.94,5.9
2767909708,50.095072,14.458422,10,50.088,14.4208,2.8,7.8
2813993548,50.097899,14.433667,10,50.088,14.4208,1.43,4.7
1497195084,50.107833,14.473948,10,50.088,14.4208,4.39,10.4
3820479308,50.067233,14.405531,10,50.088,14.4208,2.55,8.3
1844085580,50.057732,14.561535,11,50.0406,14.5567,1.94,5.9
4072149836,49.569695,17.252196,8,49.5938,17.2509,2.68,6.3
1771705164,50.086714,14.383675,10,50.088,14.4208,2.65,9.6
1727931212,50.110617,14.451769,10,50.088,14.4208,3.35,9.7
3106345804,50.080381,14.4999,10,50.088,14.4208,5.71,15.8
123540300,50.076837,14.469539,10,50.088,14.4208,3.69,11.9
3571905356,50.05146,14.54235,11,50.0406,14.5567,1.58,4.9
4164694860,50.119081,14.506152,10,50.088,14.4208,7.0,15.5
3723789644,50.061577,14.451327,10,50.088,14.4208,3.66,11.4
4020908876,50.076526,14.415887,10,50.088,14.4208,1.32,5.8
3739910988,50.057732,14.561535,11,50.0406,14.5567,1.94,5.9
772813644,49.965296,14.385273,10,50.088,14.4208,13.88,22.3
1025512268,50.039425,14.437182,10,50.088,14.4208,5.53,15.4
400581196,50.08857,14.46926,10,50.088,14.4208,3.46,10.9
988885836,50.09267,14.451274,10,50.088,14.4208,2.24,7.0
716161612,50.064597,14.410204,10,50.088,14.4208,2.71,9.0
384815948,50.039904,14.335324,10,50.088,14.4208,8.11,18.4
3968148300,50.103316,14.549471,11,50.0406,14.5567,6.99,17.3
675029836,50.101852,14.486118,10,50.088,14.4208,4.91,11.9
2891244364,50.071217,14.403088,10,50.088,14.4208,2.25,8.5
2526876492,50.080381,14.4999,10,50.088,14.4208,5.71,15.8
616833868,50.064915,14.409789,10,50.088,14.4208,2.68,9.1
203481932,50.099971,14.373341,10,50.088,14.4208,3.64,10.7
457253708,50.119081,14.506152,10,50.088,14.4208,7.0,15.5
1322627660,50.106958,14.510207,10,50.088,14.4208,6.72,16.2
1136386892,50.058155,14.4258,10,50.088,14.4208,3.34,9.3
3983328076,50.121381,14.471949,10,50.088,14.4208,5.2,11.7
3341022028,50.055293,14.379691,10,50.088,14.4208,4.67,13.0
3629433676,50.070287,14.380476,10,50.088,14.4208,3.49,11.0
3587830604,50.021691,14.41301,10,50.088,14.4208,7.39,16.9
670446156,50.077265,14.425838,10,50.088,14.4208,1.25,6.4
359519052,50.074195,14.359075,10,50.088,14.4208,4.66,14.4
3181327180,50.060477,14.499963,11,50.0406,14.5567,4.61,11.6
330805836,50.100577,14.451504,10,50.088,14.4208,2.6,7.3
1885389388,50.100577,14.451504,10,50.088,14.4208,2.6,7.3
2567967564,50.102104,14.435372,10,50.088,14.4208,1.88,6.1
1966518860,50.052977,14.356798,10,50.088,14.4208,6.0,15.0
304997196,50.055782,14.561472,11,50.0406,14.5567,1.72,5.7
1791472204,50.100577,14.451504,10,50.088,14.4208,2.6,7.3
2651238988,50.087421,14.406035,10,50.088,14.4208,1.06,5.0
1228747596,50.061146,14.398285,10,50.088,14.4208,3.39,10.1
2000982604,50.100577,14.451504,10,50.088,14.4208,2.6,7.3
1752392268,50.076322,14.427882,10,50.088,14.4208,1.39,6.8
2816058188,50.060968,14.398317,10,50.088,14.4208,3.41,10.2
3174503244,50.08283,14.380381,10,50.088,14.4208,2.94,10.2
840221516,49.965662,14.383917,10,50.088,14.4208,13.86,22.1
4162110284,49.965662,14.383917,10,50.088,14.4208,13.86,22.1
1743045452,49.969568,14.388982,10,50.088,14.4208,13.36,21.2
1654461260,50.070191,14.399321,10,50.088,14.4208,2.5,8.9
3201377100,50.060968,14.398317,10,50.088,14.4208,3.41,10.2
2940465996,50.067233,14.405531,10,50.088,14.4208,2.55,8.3
2563523148,50.093206,14.453722,10,50.088,14.4208,2.42,7.5
4070581580,50.157696,14.51916,10,50.088,14.4208,10.45,20.5
1537856332,50.029996,14.362224,10,50.088,14.4208,7.69,18.7
1581192012,50.085174,14.416427,10,50.088,14.4208,0.44,3.9
593134412,50.103538,14.52475,11,50.0406,14.5567,7.36,15.4
1669628748,50.078445,14.44338,10,50.088,14.4208,1.93,9.1
703443788,50.157887,14.526785,10,50.088,14.4208,10.84,20.2
2326590284,50.067233,14.405531,10,50.088,14.4208,2.55,8.3
572658252,50.072553,14.43034,10,50.088,14.4208,1.85,7.9
3175609164,50.126383,14.431414,10,50.088,14.4208,4.33,15.1
406422348,50.103684,14.436142,10,50.088,14.4208,2.06,6.0
2032571212,50.016387,14.403595,10,50.088,14.4208,8.06,16.3
3412398668,50.055586,14.381431,10,50.088,14.4208,4.57,12.7
2611802956,50.067233,14.405531,10,50.088,14.4208,2.55,8.3
2406871884,50.124487,14.453209,10,50.088,14.4208,4.67,12.6
1771516748,50.066566,14.312416,10,50.088,14.4208,8.09,19.4
1549136716,50.124487,14.453209,10,50.088,14.4208,4.67,12.6
3617202764,50.036096,14.48035,11,50.0406,14.5567,5.48,12.0
3275166540,50.042962,14.312009,10,50.088,14.4208,9.24,20.8
2754089804,50.046379,14.474113,11,50.0406,14.5567,5.93,13.6
240767820,50.01182,14.417614,10,50.088,14.4208,8.47,18.8
2564682572,50.067233,14.405531,10,50.088,14.4208,2.55,8.3
3144409676,50.157696,14.51916,10,50.088,14.4208,10.45,20.5
3735044684,50.101712,14.46629,10,50.088,14.4208,3.59,8.5
1639441228,50.055293,14.379691,10,50.088,14.4208,4.67,13.0
845460300,50.102963,14.455779,10,50.088,14.4208,3.0,7.9
1726158156,50.157696,14.51916,10,50.088,14.4208,10.45,20.5
428335948,50.065207,14.450711,10,50.088,14.4208,3.31,10.9
1333605196,50.074034,14.395816,10,50.088,14.4208,2.36,10.1
3675595596,50.054125,14.44177,10,50.088,14.4208,4.05,12.0
4229940044,50.153308,14.528756,10,50.088,14.4208,10.58,19.4
2809324364,50.116722,14.470646,10,50.088,14.4208,4.78,11.8
771040076,50.054125,14.44177,10,50.088,14.4208,4.05,12.0
1919140684,50.008604,14.428844,10,50.088,14.4208,8.85,21.3
86643532,50.126787,14.419671,10,50.088,14.4208,4.31,16.4
389485388,50.027936,14.490695,11,50.0406,14.5567,4.92,11.7
945427276,50.126787,14.419671,10,50.088,14.4208,4.31,16.4
1598169932,50.098472,14.359698,10,50.088,14.4208,4.51,13.7
137171788,50.097027,14.35692,10,50.088,14.4208,4.67,13.1
1348604748,50.071479,14.388625,10,50.088,14.4208,2.94,10.0
3294696268,50.048818,14.483513,11,50.0406,14.5567,5.31,12.7
1280774988,50.079946,14.493205,10,50.088,14.4208,5.24,14.4
934798156,50.067233,14.405531,10,50.088,14.4208,2.55,8.3
899818316,50.053021,14.409772,10,50.088,14.4208,3.97,9.7
883749708,50.067233,14.405531,10,50.088,14.4208,2.55,8.3
26145612,50.077525,14.424108,10,50.088,14.4208,1.19,6.2
1254028108,50.077525,14.424108,10,50.088,14.4208,1.19,6.2
1468015436,50.06717,14.418548,10,50.088,14.4208,2.32,9.9
2850505292,50.067563,14.432558,10,50.088,14.4208,2.42,9.2
1367450188,50.114468,14.509069,10,50.088,14.4208,6.95,14.0
1054601804,50.067628,14.432494,10,50.088,14.4208,2.41,9.2
954406220,50.157696,14.51916,10,50.088,14.4208,10.45,20.5
2212697420,50.157696,14.51916,10,50.088,14.4208,10.45,20.5
2564342604,50.094,14.456002,10,50.088,14.4208,2.6,8.4
2345570892,50.067882,14.432811,10,50.088,14.4208,2.4,9.1
3191026508,50.079614,14.49088,10,50.088,14.4208,5.09,13.6
1677627980,50.067628,14.432494,10,50.088,14.4208,2.41,9.2
1739862860,50.027156,14.373491,10,50.088,14.4208,7.56,17.3
1904554828,50.116805,14.470376,10,50.088,14.4208,4.77,11.8
2153456460,50.062027,14.311724,10,50.088,14.4208,8.3,20.2
2595304268,50.046362,14.310556,10,50.088,14.4208,9.13,21.9
1048195916,50.07629,14.416727,10,50.088,14.4208,1.33,5.4
2908496716,50.099025,14.482987,10,50.088,14.4208,4.6,10.6
1578709580,50.074576,14.401966,10,50.088,14.4208,2.01,7.9
1894261580,50.141403,14.514033,10,50.088,14.4208,8.91,17.3
1541206860,50.067233,14.405531,10,50.088,14.4208,2.55,8.3
917422924,50.085234,14.427777,10,50.088,14.4208,0.59,8.4
244159308,50.071478,14.408781,10,50.088,14.4208,2.03,7.3
2883384140,50.067233,14.405531,10,50.088,14.4208,2.55,8.3
4259181132,50.157696,14.51916,10,50.088,14.4208,10.45,20.5
2301039436,50.103975,14.50814,10,50.088,14.4208,6.48,13.7
2158854988,50.090776,14.452274,10,50.088,14.4208,2.27,7.6
1764168524,50.103975,14.50814,10,50.088,14.4208,6.48,13.7
1137623884,50.106958,14.510207,10,50.088,14.4208,6.72,16.2
867009356,50.090776,14.452274,10,50.088,14.4208,2.27,7.6
344249164,50.099493,14.471977,10,50.088,14.4208,3.87,8.9
288232268,50.099493,14.471977,10,50.088,14.4208,3.87,8.9
1396441676,50.086047,14.418432,10,50.088,14.4208,0.28,3.2
3080331852,50.036096,14.48035,11,50.0406,14.5567,5.48,12.0
1056391756,50.067563,14.432558,10,50.088,14.4208,2.42,9.2
2581394252,50.067233,14.405531,10,50.088,14.4208,2.55,8.3
2866111052,50.097941,14.46023,10,50.088,14.4208,3.02,7.7
3601592908,50.067882,14.432811,10,50.088,14.4208,2.4,9.1
1059525452,50.074373,14.425488,10,50.088,14.4208,1.55,7.4
2395935564,50.066716,14.299066,10,50.088,14.4208,9.0,20.1
1992356684,49.968419,14.385933,10,50.088,14.4208,13.53,22.2
3542553420,50.140647,14.445242,10,50.088,14.4208,6.11,17.3
2760909644,50.089051,14.406981,10,50.088,14.4208,0.99,4.0
3917230924,50.132358,14.374803,10,50.088,14.4208,5.92,14.1
1759310668,50.067233,14.405531,10,50.088,14.4208,2.55,8.3
650179404,50.126809,14.423477,10,50.088,14.4208,4.32,15.8
1663505228,50.140647,14.445242,10,50.088,14.4208,6.11,17.3
4237103948,50.082953,14.4451,10,50.088,14.4208,1.82,7.6
1866077004,50.132591,14.411197,10,50.088,14.4208,5.01,17.4
2482950988,50.075059,14.414675,10,50.088,14.4208,1.5,6.5
3005682508,50.140647,14.445242,10,50.088,14.4208,6.11,17.3
129491788,50.055293,14.379691,10,50.088,14.4208,4.67,13.0
1881609036,50.140042,14.447236,10,50.088,14.4208,6.09,15.9
3760657228,50.140042,14.447236,10,50.088,14.4208,6.09,15.9
1076302668,50.140042,14.447236,10,50.088,14.4208,6.09,15.9
2418479948,50.140042,14.447236,10,50.088,14.4208,6.09,15.9
1270948684,50.054027,14.561742,11,50.0406,14.5567,1.54,5.6
3218928460,50.067233,14.405531,10,50.088,14.4208,2.55,8.3
3240563532,50.139633,14.519272,10,50.088,14.4208,9.07,17.8
158065228,50.157696,14.51916,10,50.088,14.4208,10.45,20.5
690545484,50.063639,14.473661,10,50.088,14.4208,4.64,14.9
961934156,50.124487,14.453209,10,50.088,14.4208,4.67,12.6
2156274508,50.049815,14.484381,11,50.0406,14.5567,5.26,12.7
1441538892,50.059573,14.447491,10,50.088,14.4208,3.69,10.7
1671439692,50.157696,14.51916,10,50.088,14.4208,10.45,20.5
1415127884,50.080034,14.405857,10,50.088,14.4208,1.39,7.0
1999049548,50.05847,14.378085,10,50.088,14.4208,4.48,12.1
1721049932,50.059573,14.447491,10,50.088,14.4208,3.69,10.7
444674892,50.046362,14.310556,10,50.088,14.4208,9.13,21.9
2483475276,50.116805,14.470376,10,50.088,14.4208,4.77,11.8
1114706764,50.086278,14.374229,10,50.088,14.4208,3.33,9.8
1591538508,50.067233,14.405531,10,50.088,14.4208,2.55,8.3
1110623052,50.076617,14.422744,10,50.088,14.4208,1.27,7.0
2281911116,50.075412,14.414598,10,50.088,14.4208,1.47,6.4
4221301580,50.052025,14.454576,10,50.088,14.4208,4.67,12.4
3643466572,50.039147,14.321255,10,50.088,14.4208,8.94,19.9
3431957324,50.02466,14.412411,10,50.088,14.4208,7.07,16.2
2336539468,50.102858,14.569906,11,50.0406,14.5567,6.99,19.8
1004475212,50.107343,14.487182,10,50.088,14.4208,5.2,11.2
162054732,50.103975,14.409286,10,50.088,14.4208,1.96,6.8
1970184780,50.114339,14.507672,10,50.088,14.4208,6.85,14.0
2851652172,50.103975,14.409286,10,50.088,14.4208,1.96,6.8
452121420,50.065288,14.393119,10,50.088,14.4208,3.21,9.6
2107814732,50.085597,14.468936,10,50.088,14.4208,3.44,11.4
4143002444,50.109762,14.448239,10,50.088,14.4208,3.11,9.5
1076040268,50.057026,14.541841,11,50.0406,14.5567,2.11,8.0
2456674892,50.061826,14.403939,10,50.088,14.4208,3.15,9.8
2690855756,50.044011,14.304236,10,50.088,14.4208,9.65,21.5
532947788,50.056779,14.490195,11,50.0406,14.5567,5.08,11.3
1974985548,50.055293,14.379691,10,50.088,14.4208,4.67,13.0
2209227596,50.013562,14.399822,10,50.088,14.4208,8.41,17.8
3285234508,50.105705,14.444257,10,50.088,14.4208,2.58,8.5
4247999052,50.090814,14.447223,10,50.088,14.4208,1.91,6.4
3511665484,50.119611,14.484149,10,50.088,14.4208,5.72,14.1
3748574028,50.031611,14.379066,10,50.088,14.4208,6.94,16.1
619062092,50.110584,14.45073,10,50.088,14.4208,3.3,10.0
4205167436,50.138682,14.509804,10,50.088,14.4208,8.49,16.7
4034650700,50.106958,14.510207,10,50.088,14.4208,6.72,16.2
4053734220,50.067998,14.392498,10,50.088,14.4208,3.0,11.1
337646412,50.087616,14.462893,10,50.088,14.4208,3.0,10.0
575849036,50.05749,14.383349,10,50.088,14.4208,4.32,12.3
3351429708,50.05749,14.383349,10,50.088,14.4208,4.32,12.3
2351960908,50.053216,14.512666,11,50.0406,14.5567,3.44,8.5
834388812,50.149319,14.442041,10,50.088,14.4208,6.98,18.3
2784150092,50.05749,14.383349,10,50.088,14.4208,4.32,12.3
229245516,50.05749,14.383349,10,50.088,14.4208,4.32,12.3
2431775564,50.04354,14.49662,11,50.0406,14.5567,4.3,10.7
3789747020,50.043457,14.496301,11,50.0406,14.5567,4.32,10.7
2872955724,50.089098,14.404949,10,50.088,14.4208,1.14,4.5
18887500,50.077802,14.457776,10,50.088,14.4208,2.87,9.5
1387447116,50.136089,14.381035,10,50.088,14.4208,6.05,14.9
3500524364,50.033505,14.532469,11,50.0406,14.5567,1.9,5.5
4202115916,50.075512,14.48872,10,50.088,14.4208,5.04,13.6
2625553228,50.043457,14.496301,11,50.0406,14.5567,4.32,10.7
2909939020,50.106958,14.510207,10,50.088,14.4208,6.72,16.2
3761247052,50.128931,14.412053,10,50.088,14.4208,4.59,16.9
1591976780,50.130577,14.549412,11,50.0406,14.5567,10.02,21.2
1962673484,50.106958,14.510207,10,50.088,14.4208,6.72,16.2
158196556,50.029901,14.36202,10,50.088,14.4208,7.7,18.6
4294808396,50.076639,14.349944,10,50.088,14.4208,5.21,15.1
2095944524,50.103033,14.45509,10,50.088,14.4208,2.96,8.6
3019641676,50.099493,14.471977,10,50.088,14.4208,3.87,8.9
3138200396,50.096527,14.465915,10,50.088,14.4208,3.36,8.9
3786478412,50.091553,14.434231,10,50.088,14.4208,1.04,5.1
2695627340,50.058377,14.420283,10,50.088,14.4208,3.29,8.5
2476090188,50.090469,14.31893,10,50.088,14.4208,7.27,17.2
2200122188,50.086351,14.443348,10,50.088,14.4208,1.62,7.6
1045611340,50.105321,14.540325,11,50.0406,14.5567,7.29,17.4
1349460812,50.104131,14.528247,11,50.0406,14.5567,7.35,14.9
4235268940,50.0566,14.28449,10,50.088,14.4208,10.34,21.8
4148503372,50.09426,14.494264,10,50.088,14.4208,5.29,13.0
3266216780,50.092303,14.446644,10,50.088,14.4208,1.9,6.0
1947206220,50.074461,14.445875,10,50.088,14.4208,2.34,9.5
3109245516,50.067628,14.432494,10,50.088,14.4208,2.41,9.2
3047633740,50.101631,14.351018,10,50.088,14.4208,5.2,13.2
3095102284,50.055253,14.580323,11,50.0406,14.5567,2.35,7.2
3566850892,50.042536,14.549794,11,50.0406,14.5567,0.54,1.8
1467687756,50.056123,14.467293,10,50.088,14.4208,4.86,13.5
1523983180,50.11157,14.625378,11,50.0406,14.5567,9.29,19.1
3179418444,50.090733,14.297155,10,50.088,14.4208,8.83,19.3
613794636,50.099025,14.482987,10,50.088,14.4208,4.6,10.6
689967948,50.049199,14.448306,10,50.088,14.4208,4.74,13.2
925966924,50.034438,14.479721,11,50.0406,14.5567,5.54,11.7
3947962956,50.034438,14.479721,11,50.0406,14.5567,5.54,11.7
1151525708,50.070128,14.429685,10,50.088,14.4208,2.09,9.0
3894485580,50.034438,14.479721,11,50.0406,14.5567,5.54,11.7
1146954572,50.063092,14.361794,10,50.088,14.4208,5.04,15.0
2860663372,50.082316,14.450463,10,50.088,14.4208,2.21,8.6
109392716,50.116805,14.470376,10,50.088,14.4208,4.77,11.8
1275585100,50.075392,14.449415,10,50.088,14.4208,2.48,9.1
1803698764,50.082316,14.450463,10,50.088,14.4208,2.21,8.6
1151976268,50.044526,14.413406,10,50.088,14.4208,4.86,11.3
938754636,50.062016,14.446257,10,50.088,14.4208,3.41,10.7
1800700748,50.045611,14.445422,10,50.088,14.4208,5.03,13.4
3814527820,50.073247,14.349811,10,50.088,14.4208,5.32,15.6
2582696780,50.014978,14.437129,10,50.088,14.4208,8.2,19.3
3681240396,50.055409,14.382576,10,50.088,14.4208,4.54,13.2
3943740236,50.036015,14.480887,11,50.0406,14.5567,5.44,12.1
3741561676,50.13198,14.477266,10,50.088,14.4208,6.33,15.4
657371980,50.036015,14.480887,11,50.0406,14.5567,5.44,12.1
4102373964,50.132416,14.485471,10,50.088,14.4208,6.76,15.3
1765593932,50.141565,14.576679,11,50.0406,14.5567,11.32,24.3
2459833164,50.038051,14.507233,11,50.0406,14.5567,3.54,8.2
3739603788,50.01276,14.444855,10,50.088,14.4208,8.54,19.7
1847222860,50.074558,14.397552,10,50.088,14.4208,2.23,8.4
716005964,50.110207,14.451789,10,50.088,14.4208,3.31,9.5
2939888460,50.106958,14.510207,10,50.088,14.4208,6.72,16.2
2994516812,50.075733,14.443663,10,50.088,14.4208,2.13,9.1
3821720396,50.079667,14.45916,10,50.088,14.4208,2.89,9.6
1043280716,49.975731,14.369699,10,50.088,14.4208,13.01,22.9
2246910796,50.092355,14.482957,10,50.088,14.4208,4.46,12.3
4399948,50.071325,14.463871,10,50.088,14.4208,3.59,12.0
2964493132,50.105764,14.562696,11,50.0406,14.5567,7.26,17.9
1779508044,50.072218,14.387775,10,50.088,14.4208,2.94,12.6
676602700,50.063677,14.436554,10,50.088,14.4208,2.93,9.9
2392929100,49.990324,14.407216,10,50.088,14.4208,10.9,20.9
3126010700,50.126674,14.432295,10,50.088,14.4208,4.38,15.0
3684774732,49.990324,14.407216,10,50.088,14.4208,10.9,20.9
554685260,50.051781,14.442019,10,50.088,14.4208,4.3,12.6
553607756,50.007113,14.435184,10,50.088,14.4208,9.05,22.1
1447359308,50.092141,14.351146,10,50.088,14.4208,4.99,11.9
681653068,49.990324,14.407216,10,50.088,14.4208,10.9,20.9
3613975372,50.065842,14.463743,10,50.088,14.4208,3.93,12.2
247997260,50.046306,14.327174,10,50.088,14.4208,8.13,20.3
433656652,50.095636,14.346382,10,50.088,14.4208,5.38,13.3
3451929164,49.983975,14.359765,10,50.088,14.4208,12.36,23.1
2806764364,50.083311,14.423535,10,50.088,14.4208,0.56,5.1
3424633676,50.153308,14.528756,10,50.088,14.4208,10.58,19.4
1379930956,50.101359,14.50527,10,50.088,14.4208,6.21,13.1
1200608076,50.035147,14.505832,11,50.0406,14.5567,3.68,8.5
2118128460,50.032953,14.526863,11,50.0406,14.5567,2.29,6.2
21418828,50.102989,14.501803,10,50.088,14.4208,6.01,12.8
252195660,50.102989,14.501803,10,50.088,14.4208,6.01,12.8
2410558284,50.086683,14.51375,11,50.0406,14.5567,5.97,13.5
2325353292,50.067825,14.456716,10,50.088,14.4208,3.41,11.7
2866655820,50.10391,14.400193,10,50.088,14.4208,2.3,7.5
3719308108,50.042962,14.312009,10,50.088,14.4208,9.24,20.8
2208310092,50.056092,14.409175,10,50.088,14.4208,3.64,9.6
1021367116,50.014654,14.438012,10,50.088,14.4208,8.25,19.1
2288230988,50.106965,14.465803,10,50.088,14.4208,3.84,10.4
2992915020,50.057871,14.283536,10,50.088,14.4208,10.35,22.0
1132778316,50.07226,14.480817,10,50.088,14.4208,4.63,13.2
298242892,50.115748,14.468445,10,50.088,14.4208,4.59,11.9
1927463756,50.042298,14.306854,10,50.088,14.4208,9.59,21.9
2824848204,50.08765,14.389304,10,50.088,14.4208,2.25,8.1
3707491148,50.130577,14.549412,11,50.0406,14.5567,10.02,21.2
504423244,50.030831,14.39488,10,50.088,14.4208,6.62,17.6
817218380,50.056092,14.409175,10,50.088,14.4208,3.64,9.6
3234255692,50.115748,14.468445,10,50.088,14.4208,4.59,11.9
2614739788,50.130577,14.549412,11,50.0406,14.5567,10.02,21.2
1421574732,50.115748,14.468445,10,50.088,14.4208,4.59,11.9
3724948300,50.115288,14.562752,11,50.0406,14.5567,8.32,20.0
30425676,49.983574,14.359583,10,50.088,14.4208,12.41,22.7
558416716,50.083558,14.451043,10,50.088,14.4208,2.21,8.3
1005614156,50.071791,14.455273,10,50.088,14.4208,3.05,10.7
3777012556,50.115748,14.468445,10,50.088,14.4208,4.59,11.9
2511188556,50.10391,14.400193,10,50.088,14.4208,2.3,7.5
2043708236,50.086078,14.336763,10,50.088,14.4208,6.0,13.8
1242157644,50.088566,14.469261,10,50.088,14.4208,3.46,10.9
3893015372,50.092082,14.5094,10,50.088,14.4208,6.34,14.3
2488554060,50.085129,14.371999,10,50.088,14.4208,3.5,10.0
578425676,50.080348,14.500508,10,50.088,14.4208,5.75,15.6
498922316,50.068264,14.43508,10,50.088,14.4208,2.42,9.0
2647937612,50.029889,14.505243,11,50.0406,14.5567,3.86,8.6
3704902220,50.028774,14.506814,11,50.0406,14.5567,3.8,9.0
1825854028,50.029889,14.505243,11,50.0406,14.5567,3.86,8.6
432726860,50.091702,14.298334,10,50.088,14.4208,8.75,18.7
3368739660,50.091702,14.298334,10,50.088,14.4208,8.75,18.7
147514188,50.091702,14.298334,10,50.088,14.4208,8.75,18.7
2152145484,50.071127,14.385791,10,50.088,14.4208,3.12,10.7
3050300236,50.013508,14.39995,10,50.088,14.4208,8.42,17.8
1890923340,50.029889,14.505243,11,50.0406,14.5567,3.86,8.6
3769971532,50.029889,14.505243,11,50.0406,14.5567,3.86,8.6
1672819532,50.029889,14.505243,11,50.0406,14.5567,3.86,8.6
556536652,50.091702,14.298334,10,50.088,14.4208,8.75,18.7
1613501260,50.091702,14.298334,10,50.088,14.4208,8.75,18.7
4120777548,50.041575,14.588148,11,50.0406,14.5567,2.25,6.1
2451776332,50.013745,14.390142,10,50.088,14.4208,8.54,16.2
1797198668,50.105201,14.482629,10,50.088,14.4208,4.81,12.7
3491963724,50.013745,14.390142,10,50.088,14.4208,8.54,16.2
155263820,50.047673,14.558939,11,50.0406,14.5567,0.8,3.0
589730636,50.092082,14.5094,10,50.088,14.4208,6.34,14.3
1371259724,50.045627,14.446433,10,50.088,14.4208,5.05,13.3
222794572,50.037685,14.591111,11,50.0406,14.5567,2.48,5.4
2185728844,50.037685,14.591111,11,50.0406,14.5567,2.48,5.4
1984402252,50.037685,14.591111,11,50.0406,14.5567,2.48,5.4
3725243212,50.092082,14.5094,10,50.088,14.4208,6.34,14.3
1839190860,50.030596,14.510274,11,50.0406,14.5567,3.5,7.8
13775692,50.069151,14.389653,10,50.088,14.4208,3.05,12.4
2387026508,50.071127,14.385791,10,50.088,14.4208,3.12,10.7
225448780,50.041056,14.319714,10,50.088,14.4208,8.91,20.1
626467404,50.071127,14.385791,10,50.088,14.4208,3.12,10.7
3842851404,50.071127,14.385791,10,50.088,14.4208,3.12,10.7
248357708,50.089613,14.426024,10,50.088,14.4208,0.41,2.5
1754669900,50.077869,14.301823,10,50.088,14.4208,8.56,18.9
2556433228,50.039147,14.321255,10,50.088,14.4208,8.94,19.9
4000834124,50.085717,14.36957,10,50.088,14.4208,3.66,10.4
3578675788,50.031763,14.379234,10,50.088,14.4208,6.92,16.1
162075468,50.106201,14.564594,11,50.0406,14.5567,7.32,18.1
2691699532,50.135524,14.393878,10,50.088,14.4208,5.62,19.3
1692087116,50.104371,14.575037,11,50.0406,14.5567,7.21,19.8
2978554700,50.043639,14.556132,11,50.0406,14.5567,0.34,2.1
522003276,50.144412,14.451106,10,50.088,14.4208,6.63,16.9
509612876,50.133309,14.505231,10,50.088,14.4208,7.85,17.1
3898610508,50.044629,14.445931,10,50.088,14.4208,5.15,13.7
404611660,50.102726,14.55216,11,50.0406,14.5567,6.92,17.3
3334799948,50.102868,14.454403,10,50.088,14.4208,2.91,7.8
33297228,50.099493,14.471977,10,50.088,14.4208,3.87,8.9
3775144780,50.022815,14.454466,11,50.0406,14.5567,7.57,17.0
3056079692,50.04574,14.44413,10,50.088,14.4208,4.99,13.4
2123436876,50.126809,14.423477,10,50.088,14.4208,4.32,15.8
4287697740,50.076837,14.469539,10,50.088,14.4208,3.69,11.9
1515901772,50.069287,14.457431,10,50.088,14.4208,3.34,11.9
1655124556,49.983574,14.359508,10,50.088,14.4208,12.41,22.7
3130069836,50.109417,14.526957,10,50.088,14.4208,7.94,14.8
4172596044,50.086062,14.432594,10,50.088,14.4208,0.87,7.2
2620265292,50.099493,14.471977,10,50.088,14.4208,3.87,8.9
967164748,50.102882,14.45569,10,50.088,14.4208,2.99,8.1
1927091020,50.055425,14.381662,10,50.088,14.4208,4.57,12.8
1092432716,50.086919,14.502014,10,50.088,14.4208,5.8,14.9
2804299084,49.199639,16.620007,14,49.1951,16.6068,1.08,4.1
2240877388,50.022389,14.456125,11,50.0406,14.5567,7.46,16.7
2091656012,50.089139,14.305762,10,50.088,14.4208,8.21,18.6
1887556428,50.070417,14.458702,10,50.088,14.4208,3.34,11.6
3862262348,50.083549,14.434141,10,50.088,14.4208,1.07,8.2
2418209612,50.07178,14.387762,10,50.088,14.4208,2.97,12.6
344003404,50.139075,14.519339,10,50.088,14.4208,9.03,17.7
2604741452,50.073585,14.437333,10,50.088,14.4208,1.99,9.1
875414348,50.057287,14.487225,11,50.0406,14.5567,5.3,12.0
294138700,50.066526,14.505995,11,50.0406,14.5567,4.63,10.9
4149617484,50.104848,14.488155,10,50.088,14.4208,5.16,11.5
2263884620,50.066998,14.400265,10,50.088,14.4208,2.76,8.6
3255812940,50.057996,14.519587,11,50.0406,14.5567,3.28,8.0
2568958796,50.050093,14.348503,10,50.088,14.4208,6.66,16.7
778273612,50.137812,14.512675,10,50.088,14.4208,8.58,17.7
928125772,50.085717,14.36957,10,50.088,14.4208,3.66,10.4
10208076,50.09011,14.424368,10,50.088,14.4208,0.35,1.9
604447564,50.056991,14.34661,10,50.088,14.4208,6.32,17.1
219620172,50.014982,14.583753,11,50.0406,14.5567,3.44,8.4
2985014092,50.103047,14.454789,10,50.088,14.4208,2.95,8.6
3291276108,50.085152,14.372018,10,50.088,14.4208,3.49,10.0
2508264268,50.084553,14.417782,10,50.088,14.4208,0.44,5.2
3028357964,50.086347,14.371832,10,50.088,14.4208,3.5,9.6
3148944204,50.103006,14.454424,10,50.088,14.4208,2.92,7.6
3400602444,50.082939,14.430259,10,50.088,14.4208,0.88,7.8
3748942412,50.085129,14.371999,10,50.088,14.4208,3.5,10.0
521024332,50.121381,14.471949,10,50.088,14.4208,5.2,11.7
2301825868,50.056544,14.520033,11,50.0406,14.5567,3.16,7.7
3880850252,50.094928,14.456053,10,50.088,14.4208,2.63,7.1
3082425164,50.069235,14.502278,11,50.0406,14.5567,5.02,12.2
3091993420,50.073357,14.408875,10,50.088,14.4208,1.84,7.1
2846954316,50.083095,14.452043,10,50.088,14.4208,2.29,9.2
516395852,50.139781,14.397772,10,50.088,14.4208,5.99,22.3
1880462156,50.139781,14.397772,10,50.088,14.4208,5.99,22.3
1341596492,50.07129,14.406946,10,50.088,14.4208,2.1,7.7
280040268,50.102951,14.455047,10,50.088,14.4208,2.95,8.3
162587468,50.057197,14.365906,10,50.088,14.4208,5.2,14.6
3801150284,50.073019,14.397264,10,50.088,14.4208,2.37,9.9
714609484,50.092303,14.446644,10,50.088,14.4208,1.9,6.0
1976750924,50.110658,14.517806,10,50.088,14.4208,7.36,13.8
4034704204,50.076596,14.458819,10,50.088,14.4208,2.99,9.9
90772300,50.115902,14.565599,11,50.0406,14.5567,8.4,20.8
3640992588,50.034096,14.414502,10,50.088,14.4208,6.01,14.0
3932410700,50.110658,14.517806,10,50.088,14.4208,7.36,13.8
996397900,50.110658,14.517806,10,50.088,14.4208,7.36,13.8
730276684,50.085717,14.36957,10,50.088,14.4208,3.66,10.4
4041487180,50.085717,14.36957,10,50.088,14.4208,3.66,10.4
883962700,50.110658,14.517806,10,50.088,14.4208,7.36,13.8
1999188812,50.04855,14.524131,11,50.0406,14.5567,2.49,8.5
1324266060,50.078971,14.415912,10,50.088,14.4208,1.06,6.1
3096302412,50.077611,14.421636,10,50.088,14.4208,1.16,5.9
2353775436,50.026998,14.454658,10,50.088,14.4208,7.2,17.8
2085217100,50.085789,14.367791,10,50.088,14.4208,3.79,10.0
714019660,50.087336,14.482794,10,50.088,14.4208,4.42,12.2
3888845644,50.091464,14.473318,10,50.088,14.4208,3.77,10.1
3338257228,50.1058,14.465156,10,50.088,14.4208,3.73,9.8
1060201036,50.105777,14.4736,10,50.088,14.4208,4.25,10.3
71869260,50.104896,14.458312,10,50.088,14.4208,3.27,8.9
1149580108,50.116805,14.470376,10,50.088,14.4208,4.77,11.8
1242764108,50.054713,14.51629,11,50.0406,14.5567,3.28,7.6
407257676,50.066077,14.395993,10,50.088,14.4208,3.01,9.8
1855853388,50.100533,14.390525,10,50.088,14.4208,2.57,9.0
3331793740,50.030653,14.363538,10,50.088,14.4208,7.57,18.6
819254092,50.075392,14.449415,10,50.088,14.4208,2.48,9.1
458277708,50.087336,14.482794,10,50.088,14.4208,4.42,12.2
656515916,50.00342,14.352386,10,50.088,14.4208,10.6,22.4
357098060,50.098286,14.354197,10,50.088,14.4208,4.89,13.2
3634746188,50.021097,14.402021,10,50.088,14.4208,7.56,15.8
1530377036,50.053445,14.40269,10,50.088,14.4208,4.05,14.5
1549845324,50.087336,14.482794,10,50.088,14.4208,4.42,12.2
2768618316,50.033812,14.417408,10,50.088,14.4208,6.03,13.3
3991446348,49.999729,14.417342,10,50.088,14.4208,9.82,20.0
2402947916,50.05189,14.314827,10,50.088,14.4208,8.56,21.4
694883148,50.043507,14.332684,10,50.088,14.4208,8.0,18.9
1188291404,50.116891,14.38746,10,50.088,14.4208,4.0,13.1
198251340,50.079493,14.484474,10,50.088,14.4208,4.64,12.6
1340924748,50.051915,14.406596,10,50.088,14.4208,4.14,11.3
379654988,50.046307,14.553281,11,50.0406,14.5567,0.68,3.6
3700261708,50.051915,14.406596,10,50.088,14.4208,4.14,11.3
2288304972,50.104525,14.379359,10,50.088,14.4208,3.48,10.3
2052666188,50.022589,14.453444,10,50.088,14.4208,7.64,18.1
3753505612,50.082565,14.379103,10,50.088,14.4208,3.04,10.4
3150758732,50.084673,14.445978,10,50.088,14.4208,1.83,7.9
3049661260,49.988987,14.413864,10,50.088,14.4208,11.02,21.1
987702092,50.08468,14.446209,10,50.088,14.4208,1.85,7.8
24191820,50.090776,14.452274,10,50.088,14.4208,2.27,7.6
1240736588,50.030978,14.392273,10,50.088,14.4208,6.66,15.4
4100768588,50.055618,14.53912,11,50.0406,14.5567,2.09,7.7
1554629452,50.087837,14.424131,10,50.088,14.4208,0.24,2.4
1108873804,50.07284,14.436711,10,50.088,14.4208,2.03,9.8
1208988492,50.066717,14.368126,10,50.088,14.4208,4.44,13.6
3344900940,50.073978,14.428468,10,50.088,14.4208,1.65,8.2
2948907852,50.059995,14.449458,10,50.088,14.4208,3.73,10.5
1090261836,50.099493,14.471977,10,50.088,14.4208,3.87,8.9
3475510092,50.099282,14.468884,10,50.088,14.4208,3.65,9.2
1500386124,50.066919,14.362328,10,50.088,14.4208,4.79,13.6
3030815308,50.123588,14.482746,10,50.088,14.4208,5.93,15.1
2496643916,50.101852,14.486118,10,50.088,14.4208,4.91,11.9
1759449932,50.09904,14.355113,10,50.088,14.4208,4.84,13.4
3403752268,50.033612,14.512845,11,50.0406,14.5567,3.23,7.7
273408844,50.044987,14.501647,11,50.0406,14.5567,3.96,11.9
1123296076,50.078624,14.504109,11,50.0406,14.5567,5.65,13.3
3802846028,50.091732,14.426872,10,50.088,14.4208,0.6,3.2
121185100,50.043792,14.32119,10,50.088,14.4208,8.64,20.6
3767194444,50.059,14.2828,10,50.088,14.4208,10.36,22.6
3385594700,50.128451,14.498533,10,50.088,14.4208,7.14,14.8
553390924,50.099493,14.471977,10,50.088,14.4208,3.87,8.9
1858868044,50.024593,14.426356,10,50.088,14.4208,7.06,15.8
3263808332,50.028438,14.361797,10,50.088,14.4208,7.85,18.6
801903436,50.083257,14.415819,10,50.088,14.4208,0.64,5.3
1044718412,50.03738,14.380995,10,50.088,14.4208,6.31,16.2
1986016076,50.140536,14.448208,10,50.088,14.4208,6.16,15.7
2821898828,50.059401,14.518213,11,50.0406,14.5567,3.45,8.6
3246244684,50.115219,14.565849,11,50.0406,14.5567,8.32,20.5
1077420876,50.0529,14.341883,10,50.088,14.4208,6.85,17.4
3083604812,50.070226,14.449961,10,50.088,14.4208,2.87,11.2
3837576012,50.079329,14.414197,10,50.088,14.4208,1.07,4.5
2717651788,50.099493,14.471977,10,50.088,14.4208,3.87,8.9
838603596,50.099493,14.471977,10,50.088,14.4208,3.87,8.9
588522316,49.978364,14.351812,10,50.088,14.4208,13.15,23.3
385618764,50.099493,14.471977,10,50.088,14.4208,3.87,8.9
3606844236,50.099493,14.471977,10,50.088,14.4208,3.87,8.9
2534982476,50.121923,14.494453,10,50.088,14.4208,6.47,14.7
888935244,50.099493,14.471977,10,50.088,14.4208,3.87,8.9
1938830156,50.070062,14.381953,10,50.088,14.4208,3.42,11.3
1958163276,50.070062,14.381953,10,50.088,14.4208,3.42,11.3
1104089932,50.082525,14.447381,10,50.088,14.4208,1.99,8.0
2532053836,50.05075,14.453831,10,50.088,14.4208,4.77,14.0
1607131980,50.04231,14.551593,11,50.0406,14.5567,0.41,1.4
2411234124,50.0845,14.48548,10,50.088,14.4208,4.63,12.9
572265292,50.095636,14.346382,10,50.088,14.4208,5.38,13.3
1008472908,50.08073,14.456678,10,50.088,14.4208,2.68,9.6
3276608332,50.021097,14.40202,10,50.088,14.4208,7.56,15.8
2242667084,50.089996,14.471378,10,50.088,14.4208,3.62,10.3
3602953036,50.069856,14.37254,10,50.088,14.4208,3.99,11.7
1637192524,50.09874,14.424777,10,50.088,14.4208,1.23,5.6
187527756,50.055584,14.45027,10,50.088,14.4208,4.17,12.9
1747657548,50.092038,14.316073,10,50.088,14.4208,7.48,17.2
3533017932,50.09874,14.424777,10,50.088,14.4208,1.23,5.6
116187980,50.106004,14.563307,11,50.0406,14.5567,7.29,17.9
1637278540,50.063886,14.409646,10,50.088,14.4208,2.8,8.7
2278736716,50.101386,14.429673,10,50.088,14.4208,1.62,5.7
633000780,50.127322,14.441207,10,50.088,14.4208,4.61,14.8
1216799564,50.079613,14.414741,10,50.088,14.4208,1.03,5.0
1098429260,50.112217,14.475708,10,50.088,14.4208,4.75,10.9
3777000012,50.057895,14.386574,10,50.088,14.4208,4.14,11.7
3441107788,50.020732,14.458195,11,50.0406,14.5567,7.37,16.2
461644364,50.087886,14.416606,10,50.088,14.4208,0.3,2.4
1115759948,50.106958,14.510207,10,50.088,14.4208,6.72,16.2
3510415948,49.976311,14.349678,10,50.088,14.4208,13.42,23.2
3246494540,50.080246,14.376142,10,50.088,14.4208,3.3,11.9
1259123276,49.976311,14.349678,10,50.088,14.4208,13.42,23.2
221123404,50.099493,14.471977,10,50.088,14.4208,3.87,8.9
2285679180,49.976311,14.349678,10,50.088,14.4208,13.42,23.2
1857753676,50.100564,14.431518,10,50.088,14.4208,1.59,5.8
2770064204,50.090495,14.432225,10,50.088,14.4208,0.86,3.8
4051444556,50.086279,14.452548,10,50.088,14.4208,2.27,7.8
2955678540,49.979383,14.34629,10,50.088,14.4208,13.2,23.8
2274169676,50.087256,14.407328,10,50.088,14.4208,0.96,4.8
259969868,50.017738,14.446178,10,50.088,14.4208,8.02,18.3
2023170892,50.089444,14.469427,10,50.088,14.4208,3.47,9.9
1403056972,50.133003,14.561981,11,50.0406,14.5567,10.28,22.6
2771129164,50.092355,14.482957,10,50.088,14.4208,4.46,12.3
1301214028,49.004277,14.754544,1,48.9745,14.4743,20.71,24.6
1301930828,50.133003,14.561981,11,50.0406,14.5567,10.28,22.6
659006284,50.056245,14.558177,11,50.0406,14.5567,1.74,6.8
982131532,50.050805,14.34512,10,50.088,14.4208,6.8,17.3
777982796,50.065576,14.431733,10,50.088,14.4208,2.61,8.3
407835468,50.065576,14.431733,10,50.088,14.4208,2.61,8.3
4219417420,50.052978,14.3568,10,50.088,14.4208,6.0,15.0
4116628812,50.057821,14.378662,10,50.088,14.4208,4.51,12.2
277361228,50.085493,14.420963,10,50.088,14.4208,0.28,4.2
1748513612,50.078661,14.423457,10,50.088,14.4208,1.06,6.7
1833812812,50.139809,14.447377,10,50.088,14.4208,6.06,15.9
3073979212,50.139809,14.447377,10,50.088,14.4208,6.06,15.9
692851532,50.132416,14.485471,10,50.088,14.4208,6.76,15.3
4138358092,50.02847,14.360102,10,50.088,14.4208,7.91,18.7
2089063244,50.045795,14.304976,10,50.088,14.4208,9.51,21.4
2462262092,50.043262,14.460422,10,50.088,14.4208,5.72,15.7
3383628620,50.031228,14.516694,11,50.0406,14.5567,3.04,8.0
2397021004,50.038944,14.507667,11,50.0406,14.5567,3.51,8.5
1209143884,50.097186,14.398877,10,50.088,14.4208,1.87,8.2
277467980,50.08869,14.619375,11,50.0406,14.5567,6.97,15.2
3900445516,50.100957,14.369415,10,50.088,14.4208,3.94,12.8
2867860300,50.008275,14.426802,10,50.088,14.4208,8.88,20.9
1395397452,50.091702,14.298334,10,50.088,14.4208,8.75,18.7
3430007628,50.103346,14.571228,11,50.0406,14.5567,7.05,19.5
1301558092,50.087336,14.482794,10,50.088,14.4208,4.42,12.2
742208332,50.020362,14.45818,11,50.0406,14.5567,7.39,16.6
3039007564,50.077888,14.465342,10,50.088,14.4208,3.37,10.6
1945047884,50.070545,14.377719,10,50.088,14.4208,3.64,13.4
2238157644,50.070545,14.377719,10,50.088,14.4208,3.64,13.4
2503009100,50.103542,14.515822,10,50.088,14.4208,6.99,14.7
2417148748,50.067496,14.362154,10,50.088,14.4208,4.77,13.4
529568588,50.070545,14.377719,10,50.088,14.4208,3.64,13.4
424293196,50.060353,14.64212,11,50.0406,14.5567,6.48,16.7
2191843916,50.07061,14.378357,10,50.088,14.4208,3.59,11.5
4011995980,50.046826,14.444013,10,50.088,14.4208,4.87,13.7
1366037324,50.127895,14.494192,10,50.088,14.4208,6.86,15.0
684794700,50.130703,14.416317,10,50.088,14.4208,4.76,17.1
502387532,50.092934,14.489182,10,50.088,14.4208,4.91,12.0
4272624460,50.06616,14.38785,10,50.088,14.4208,3.38,10.5
2276024908,50.074052,14.356807,10,50.088,14.4208,4.82,14.4
1587352396,50.108587,14.445373,10,50.088,14.4208,2.88,8.5
2581144396,50.070062,14.381953,10,50.088,14.4208,3.42,11.3
1880953676,50.038564,14.50897,11,50.0406,14.5567,3.42,8.2
3870888780,50.077265,14.425838,10,50.088,14.4208,1.25,6.4
1949401932,50.099107,14.381148,10,50.088,14.4208,3.09,9.5
1639084620,50.088558,14.481391,10,50.088,14.4208,4.32,13.6
2800050764,50.072305,14.443861,10,50.088,14.4208,2.4,9.2
3389137740,50.10973,14.557539,11,50.0406,14.5567,7.69,18.6
894317388,50.138367,14.51932,10,50.088,14.4208,8.98,17.8
4291703628,50.123315,14.490281,10,50.088,14.4208,6.32,17.0
1383453516,50.025082,14.489541,11,50.0406,14.5567,5.1,12.5
3334935116,50.142362,14.580827,11,50.0406,14.5567,11.45,24.9
3994235724,50.063978,14.425085,10,50.088,14.4208,2.69,8.1
148689740,50.084794,14.485733,10,50.088,14.4208,4.65,12.8
3963822924,50.028471,14.360103,10,50.088,14.4208,7.91,18.7
3134001996,50.076397,14.45404,10,50.088,14.4208,2.7,9.5
2328695628,50.076397,14.45404,10,50.088,14.4208,2.7,9.5
3073557324,50.055091,14.52524,11,50.0406,14.5567,2.76,7.3
3535307596,50.07629,14.416727,10,50.088,14.4208,1.33,5.4
3670872908,50.076397,14.45404,10,50.088,14.4208,2.7,9.5
4006417228,50.026971,14.447092,10,50.088,14.4208,7.04,17.2
734384972,50.04467,14.500673,11,50.0406,14.5567,4.03,11.5
1322062668,50.038564,14.50897,11,50.0406,14.5567,3.42,8.2
1763513164,50.038051,14.507233,11,50.0406,14.5567,3.54,8.2
982983500,50.052342,14.434276,10,50.088,14.4208,4.08,12.5
1329148748,50.006372,14.419697,10,50.088,14.4208,9.08,20.1
2613433164,50.018414,14.523423,11,50.0406,14.5567,3.43,9.3
3627299660,50.021022,14.412268,10,50.088,14.4208,7.47,16.7
2954486604,50.094226,14.499879,10,50.088,14.4208,5.68,13.0
3042194252,50.104869,14.443701,10,50.088,14.4208,2.49,8.5
2284856140,50.125698,14.411825,10,50.088,14.4208,4.24,16.7
3085767500,50.070291,14.38396,10,50.088,14.4208,3.28,10.4
3320648524,50.071626,14.436094,10,50.088,14.4208,2.12,9.6
439366220,50.058392,14.514209,11,50.0406,14.5567,3.62,8.9
2196423500,50.05589,14.517004,11,50.0406,14.5567,3.31,7.8
3855852364,50.109481,14.558741,11,50.0406,14.5567,7.66,19.0
3911689036,50.058392,14.514209,11,50.0406,14.5567,3.62,8.9
2599522892,50.090616,14.466938,10,50.088,14.4208,3.3,9.5
1397138252,50.090616,14.466938,10,50.088,14.4208,3.3,9.5
4116038476,50.092355,14.482957,10,50.088,14.4208,4.46,12.3
109966156,50.11219,14.506794,10,50.088,14.4208,6.7,13.2
3010106188,50.087719,14.473743,10,50.088,14.4208,3.78,11.2
1150153548,50.11219,14.506794,10,50.088,14.4208,6.7,13.2
1868239692,50.135524,14.393878,10,50.088,14.4208,5.62,19.3
2883310412,50.105806,14.43545,10,50.088,14.4208,2.24,6.3
1299637068,50.133238,14.416073,10,50.088,14.4208,5.04,17.1
2980295500,50.063339,14.404298,10,50.088,14.4208,2.98,10.1
1089151820,50.101963,14.443916,10,50.088,14.4208,2.26,6.6
1739576140,50.039958,14.498303,11,50.0406,14.5567,4.17,9.8
902161228,50.08724,14.381743,10,50.088,14.4208,2.79,9.5
4135252812,50.093625,14.456745,10,50.088,14.4208,2.64,8.1
2389541708,50.12094,14.490408,10,50.088,14.4208,6.17,15.8
1762640716,50.105385,14.456247,10,50.088,14.4208,3.18,8.3
1144853324,50.135744,14.507763,10,50.088,14.4208,8.16,16.7
36643660,50.062027,14.449405,10,50.088,14.4208,3.54,11.2
3835384396,50.151048,14.115028,10,50.088,14.4208,22.9,38.2
2503095116,50.08844,14.469105,10,50.088,14.4208,3.45,10.9
4150666060,50.076385,14.422832,10,50.088,14.4208,1.3,6.9
1396826956,50.095586,14.450413,10,50.088,14.4208,2.27,6.5
3025867596,50.067506,14.385161,10,50.088,14.4208,3.41,11.3
2430145356,50.10637,14.56443,11,50.0406,14.5567,7.33,18.2
688116556,49.948819,14.347128,10,50.088,14.4208,16.35,32.6
374215500,50.032913,14.481426,11,50.0406,14.5567,5.44,11.8
1423647564,50.05589,14.517004,11,50.0406,14.5567,3.31,7.8
2725036876,50.084102,14.445721,10,50.088,14.4208,1.83,8.1
4195930956,50.049236,14.316789,10,50.088,14.4208,8.58,20.4
871101260,50.08283,14.380381,10,50.088,14.4208,2.94,10.2
215683916,50.109689,14.52727,11,50.0406,14.5567,7.96,16.2
3205243724,50.086744,14.453357,10,50.088,14.4208,2.33,8.7
3846415180,50.096679,14.340044,10,50.088,14.4208,5.84,16.3
7148364,50.024107,14.438377,10,50.088,14.4208,7.21,17.1
102662988,50.101978,14.451361,10,50.088,14.4208,2.68,8.1
1006035788,50.077055,14.416684,10,50.088,14.4208,1.25,5.3
3181253452,50.055121,14.514553,11,50.0406,14.5567,3.42,8.2
2391204684,50.079613,14.414741,10,50.088,14.4208,1.03,5.0
1533875020,50.032762,14.596326,11,50.0406,14.5567,2.96,6.7
2256458572,50.09874,14.424777,10,50.088,14.4208,1.23,5.6
707060556,50.075801,14.366475,10,50.088,14.4208,4.11,13.3
1912394572,50.086478,14.441516,10,50.088,14.4208,1.49,8.0
129942348,50.079126,14.427254,10,50.088,14.4208,1.09,7.9
647181132,50.070909,14.409738,10,50.088,14.4208,2.06,7.7
2758619980,50.046134,14.460219,10,50.088,14.4208,5.44,13.8
2310087500,50.089637,14.38279,10,50.088,14.4208,2.72,10.3
2197001548,50.055293,14.379691,10,50.088,14.4208,4.67,13.0
217723724,50.06202,14.448722,10,50.088,14.4208,3.51,10.3
490726220,50.133003,14.561981,11,50.0406,14.5567,10.28,22.6
2185110348,50.156646,14.518135,10,50.088,14.4208,10.32,21.2
3440370508,50.133003,14.561981,11,50.0406,14.5567,10.28,22.6
1653617484,50.046178,14.461074,10,50.088,14.4208,5.47,13.6
4006286156,50.030916,14.534498,11,50.0406,14.5567,1.92,5.3
2478707532,50.100309,14.398079,10,50.088,14.4208,2.12,8.7
599659340,50.038051,14.507233,11,50.0406,14.5567,3.54,8.2
1522770764,50.085717,14.36957,10,50.088,14.4208,3.66,10.4
305410892,50.149319,14.442041,10,50.088,14.4208,6.98,18.3
1932800844,50.149319,14.442041,10,50.088,14.4208,6.98,18.3
841360204,50.097508,14.368076,10,50.088,14.4208,3.91,12.5
1250399052,50.090019,14.418022,10,50.088,14.4208,0.3,1.8
2599760716,50.149319,14.442041,10,50.088,14.4208,6.98,18.3
1118704460,50.037052,14.409822,10,50.088,14.4208,5.72,12.7
3569226572,50.038564,14.50897,11,50.0406,14.5567,3.42,8.2
2241110604,50.073429,14.381429,10,50.088,14.4208,3.24,11.3
2687775564,50.149319,14.442041,10,50.088,14.4208,6.98,18.3
454349644,50.072707,14.50195,11,50.0406,14.5567,5.29,12.4
2216309580,50.055293,14.379691,10,50.088,14.4208,4.67,13.0
3773616972,50.031423,14.513504,11,50.0406,14.5567,3.25,7.6
867046220,50.043747,14.318934,10,50.088,14.4208,8.78,21.3
2519114316,50.060715,14.401836,10,50.088,14.4208,3.32,10.3
3382768460,50.076918,14.439041,10,50.088,14.4208,1.79,8.4
1719853900,50.002992,14.350826,10,50.088,14.4208,10.69,22.2
3037582156,50.072131,14.437732,10,50.088,14.4208,2.14,9.8
3797459788,50.08475,14.64225,11,50.0406,14.5567,7.84,18.4
1886597964,50.078386,14.4563,10,50.088,14.4208,2.75,9.8
2934190924,50.078386,14.4563,10,50.088,14.4208,2.75,9.8
2816750412,50.078386,14.4563,10,50.088,14.4208,2.75,9.8
2456142668,50.032756,14.539965,11,50.0406,14.5567,1.48,4.3
3465229132,50.130034,14.427447,10,50.088,14.4208,4.7,17.0
2816484172,50.04474,14.499987,11,50.0406,14.5567,4.08,11.9
936252236,50.067548,14.554192,11,50.0406,14.5567,3.0,9.0
3076899660,50.032756,14.539965,11,50.0406,14.5567,1.48,4.3
3909022540,50.089492,14.489082,10,50.088,14.4208,4.87,13.1
2688160588,50.068495,14.438316,10,50.088,14.4208,2.5,9.9
3988964172,50.052832,14.365563,10,50.088,14.4208,5.55,16.1
4008579916,50.066528,14.551468,11,50.0406,14.5567,2.91,8.2
3645818188,50.057821,14.378662,10,50.088,14.4208,4.51,12.2
2271486796,50.092094,14.375001,10,50.088,14.4208,3.3,10.1
3299095372,50.100532,14.384001,10,50.088,14.4208,2.97,10.1
1644159820,50.042962,14.312009,10,50.088,14.4208,9.24,20.8
825037644,50.076837,14.469539,10,50.088,14.4208,3.69,11.9
3673035596,50.075456,14.438059,10,50.088,14.4208,1.86,8.7
3646931788,50.104526,14.4881,10,50.088,14.4208,5.14,11.4
2291852108,50.028401,14.406623,10,50.088,14.4208,6.7,14.1
1354949452,50.090688,14.45082,10,50.088,14.4208,2.16,7.4
389817164,50.090827,14.472815,10,50.088,14.4208,3.72,10.2
4080804684,50.06961,14.47003,10,50.088,14.4208,4.06,12.6
1579029324,50.070123,14.458649,10,50.088,14.4208,3.35,11.7
218157900,50.014654,14.438012,10,50.088,14.4208,8.25,19.1
3919622988,50.048297,14.341383,10,50.088,14.4208,7.18,18.3
2819666764,50.036015,14.480887,11,50.0406,14.5567,5.44,12.1
2932548428,50.127309,14.504256,10,50.088,14.4208,7.38,15.8
841921356,50.036015,14.480887,11,50.0406,14.5567,5.44,12.1
832981852,50.09118,14.425234,10,50.088,14.4208,0.47,3.6
1243485004,50.07332,14.467892,10,50.088,14.4208,3.74,11.7
2804814668,50.038564,14.50897,11,50.0406,14.5567,3.42,8.2
4116423500,50.133556,14.43833,10,50.088,14.4208,5.22,17.6
633787212,50.0437,14.513671,11,50.0406,14.5567,3.09,8.7
1715741516,50.069938,14.450103,10,50.088,14.4208,2.9,11.1
4191212364,50.021361,14.466308,11,50.0406,14.5567,6.8,16.6
354034508,50.011245,14.450939,11,50.0406,14.5567,8.23,18.8
2878743372,50.075425,14.426456,10,50.088,14.4208,1.46,7.0
3052278604,50.070818,14.458851,10,50.088,14.4208,3.32,11.3
1734218572,50.02569,14.454079,10,50.088,14.4208,7.32,17.8
2970886988,50.084728,14.378021,10,50.088,14.4208,3.07,10.3
1195647820,50.069938,14.450103,10,50.088,14.4208,2.9,11.1
753214284,50.139809,14.447377,10,50.088,14.4208,6.06,15.9
3552977740,50.069938,14.450103,10,50.088,14.4208,2.9,11.1
2870874956,50.072305,14.443861,10,50.088,14.4208,2.4,9.2
2981032524,50.067792,14.494273,11,50.0406,14.5567,5.39,11.4
1256338252,50.099722,14.429635,10,50.088,14.4208,1.45,5.6
4098106188,50.069938,14.450103,10,50.088,14.4208,2.9,11.1
1555374924,50.059644,14.379736,10,50.088,14.4208,4.3,12.7
2203394892,50.020877,14.457051,11,50.0406,14.5567,7.45,16.3
587604812,50.023496,14.578362,11,50.0406,14.5567,2.45,5.8
1203037004,50.067351,14.451797,10,50.088,14.4208,3.19,10.7
270165324,50.057821,14.378662,10,50.088,14.4208,4.51,12.2
2777924428,50.089575,14.384068,10,50.088,14.4208,2.63,8.4
3641914188,50.100464,14.436918,10,50.088,14.4208,1.8,5.4
71574348,50.069938,14.450103,10,50.088,14.4208,2.9,11.1
4164428620,50.147617,14.525351,10,50.088,14.4208,9.98,19.6
1255682892,50.156044,14.518803,10,50.088,14.4208,10.3,21.5
203059788,50.10461,14.568094,11,50.0406,14.5567,7.16,19.1
3961393996,50.106006,14.45384,10,50.088,14.4208,3.09,8.4
4200469324,50.04706,14.302664,10,50.088,14.4208,9.58,22.2
2086322764,50.104722,14.560727,11,50.0406,14.5567,7.14,17.4
1390879564,50.062027,14.449405,10,50.088,14.4208,3.54,11.2
3041141580,50.069938,14.450103,10,50.088,14.4208,2.9,11.1
1490473804,50.084744,14.416603,10,50.088,14.4208,0.47,4.0
630596428,50.077984,14.432334,10,50.088,14.4208,1.38,7.6
1058415436,50.026545,14.416888,10,50.088,14.4208,6.84,15.1
3595084620,50.090914,14.449203,10,50.088,14.4208,2.05,7.3
390214220,50.057821,14.378662,10,50.088,14.4208,4.51,12.2
49230668,50.054109,14.530043,11,50.0406,14.5567,2.42,6.6
20194124,50.049055,14.43597,10,50.088,14.4208,4.46,12.1
4118491980,50.105759,14.523668,10,50.088,14.4208,7.6,15.9
3584369484,50.102322,14.478519,10,50.088,14.4208,4.41,12.3
575927116,50.07101,14.509304,11,50.0406,14.5567,4.78,13.3
965092172,50.140072,14.508415,10,50.088,14.4208,8.52,16.8
2898408268,50.102447,14.530143,11,50.0406,14.5567,7.13,15.8
812000076,50.052885,14.343672,10,50.088,14.4208,6.75,17.4
938877772,50.069642,14.470198,10,50.088,14.4208,4.07,12.5
638734924,50.133556,14.43833,10,50.088,14.4208,5.22,17.6
4290519884,50.112494,14.39204,10,50.088,14.4208,3.41,11.2
2704548684,50.127234,14.50143,10,50.088,14.4208,7.22,15.4
1182016332,50.110683,14.443642,10,50.088,14.4208,3.0,8.6
1099359052,50.069911,14.431077,10,50.088,14.4208,2.14,8.3
21771084,50.124855,14.485473,10,50.088,14.4208,6.17,14.1
1547395660,50.13572,14.477155,10,50.088,14.4208,6.66,15.1
1074775372,50.057821,14.378662,10,50.088,14.4208,4.51,12.2
420135756,50.13031,14.534612,10,50.088,14.4208,9.38,20.6
2982667084,50.051748,14.316146,10,50.088,14.4208,8.49,21.7
3470930764,50.106205,14.449658,10,50.088,14.4208,2.89,7.5
3419743052,50.07625,14.473754,10,50.088,14.4208,4.0,12.3
3410825804,50.061766,14.448035,10,50.088,14.4208,3.51,10.2
2018943564,50.060715,14.401836,10,50.088,14.4208,3.32,10.3
1606869836,50.071453,14.408455,10,50.088,14.4208,2.04,7.3
2252063564,50.08438,14.372257,10,50.088,14.4208,3.49,10.2
290005836,50.135437,14.435064,10,50.088,14.4208,5.37,17.5
1211090252,50.057821,14.378662,10,50.088,14.4208,4.51,12.2
2941129548,50.062118,14.279461,10,50.088,14.4208,10.49,22.3
1931748172,50.118642,14.51317,10,50.088,14.4208,7.42,15.4
2635412300,50.019266,14.58224,11,50.0406,14.5567,2.99,6.8
1186079564,50.094226,14.499879,10,50.088,14.4208,5.68,13.0
2823803724,50.130343,14.419908,10,50.088,14.4208,4.71,17.8
1597903692,50.021513,14.414731,10,50.088,14.4208,7.41,16.8
2050999628,50.057821,14.378662,10,50.088,14.4208,4.51,12.2
2700354380,50.060812,14.306363,10,50.088,14.4208,8.71,19.3
1194599244,50.007133,14.414735,10,50.088,14.4208,9.0,19.8
4152341324,50.103785,14.476581,10,50.088,14.4208,4.35,10.3
2883859276,50.071708,14.407231,10,50.088,14.4208,2.05,7.5
44610380,50.127757,14.412507,10,50.088,14.4208,4.46,17.1
1810244428,50.072059,14.493508,10,50.088,14.4208,5.48,15.9
2081575500,50.133556,14.43833,10,50.088,14.4208,5.22,17.6
3923587916,50.044989,14.523657,11,50.0406,14.5567,2.41,9.4
3576963916,50.081317,14.496106,10,50.088,14.4208,5.42,13.7
1497600844,50.079491,14.417508,10,50.088,14.4208,0.97,6.0
1625633612,50.019266,14.58224,11,50.0406,14.5567,2.99,6.8
4215612236,50.081832,14.504777,11,50.0406,14.5567,5.9,13.7
1860576076,50.021226,14.466614,11,50.0406,14.5567,6.79,16.9
3129610828,50.068375,14.491413,10,50.088,14.4208,5.49,14.6
3423474508,50.104177,14.451374,10,50.088,14.4208,2.83,7.5
1578259020,50.133556,14.43833,10,50.088,14.4208,5.22,17.6
4175700812,50.013338,14.582913,11,50.0406,14.5567,3.56,8.3
4161708876,50.028104,14.361257,10,50.088,14.4208,7.9,18.7
990065484,50.078675,14.422049,10,50.088,14.4208,1.04,6.7
3260494668,50.019266,14.58224,11,50.0406,14.5567,2.99,6.8
3644724044,50.047768,14.308941,10,50.088,14.4208,9.15,21.6
1730135372,50.057821,14.378662,10,50.088,14.4208,4.51,12.2
2983453516,50.138682,14.509804,10,50.088,14.4208,8.49,16.7
979767884,50.108322,14.500595,10,50.088,14.4208,6.12,13.1
3678638924,50.078515,14.424053,10,50.088,14.4208,1.08,6.6
2458202956,50.019266,14.58224,11,50.0406,14.5567,2.99,6.8
3340575564,50.087336,14.482794,10,50.088,14.4208,4.42,12.2
3495068492,50.102635,14.572015,11,50.0406,14.5567,6.98,18.6
1294316364,50.144506,14.483483,10,50.088,14.4208,7.71,16.8
2670523212,50.053445,14.402691,10,50.088,14.4208,4.05,14.5
4260242252,50.069394,14.483992,10,50.088,14.4208,4.96,14.3
3913622348,50.078624,14.504109,11,50.0406,14.5567,5.65,13.3
114430796,50.10459,14.486414,10,50.088,14.4208,5.03,11.1
2316669772,50.139781,14.397772,10,50.088,14.4208,5.99,22.3
4174021452,50.063092,14.361794,10,50.088,14.4208,5.04,15.0
2128761420,50.133556,14.43833,10,50.088,14.4208,5.22,17.6
2430870348,50.07243,14.396556,10,50.088,14.4208,2.45,9.9
2758984524,50.084168,14.428714,10,50.088,14.4208,0.71,8.0
2724537164,50.128451,14.498533,10,50.088,14.4208,7.14,14.8
998253388,50.024948,14.522639,11,50.0406,14.5567,2.99,6.8
2448565068,50.1038,14.5108,10,50.088,14.4208,6.66,14.4
3551159628,50.057821,14.378662,10,50.088,14.4208,4.51,12.2
3950711628,50.126787,14.419671,10,50.088,14.4208,4.31,16.4
3997442892,50.089396,14.380085,10,50.088,14.4208,2.91,10.9
4233372492,50.055293,14.379691,10,50.088,14.4208,4.67,13.0
1717408588,50.077882,14.424223,10,50.088,14.4208,1.15,6.3
3459126092,50.093094,14.367343,10,50.088,14.4208,3.86,10.3
2544526668,50.057821,14.378662,10,50.088,14.4208,4.51,12.2
2722374476,50.069938,14.450103,10,50.088,14.4208,2.9,11.1
1968411468,50.084708,14.429239,10,50.088,14.4208,0.7,8.1
3847459660,50.084708,14.429239,10,50.088,14.4208,0.7,8.1
83612492,50.063677,14.436554,10,50.088,14.4208,2.93,9.9
559473484,50.029721,14.449988,10,50.088,14.4208,6.81,16.4
2492379980,50.041221,14.556173,11,50.0406,14.5567,0.08,1.5
3705819724,50.133556,14.43833,10,50.088,14.4208,5.22,17.6
453501772,50.075094,14.311654,10,50.088,14.4208,7.92,17.9
3544458060,50.069938,14.450103,10,50.088,14.4208,2.9,11.1
610542412,50.077635,14.414962,10,50.088,14.4208,1.23,5.1
1932399436,50.099493,14.471977,10,50.088,14.4208,3.87,8.9
3662390092,50.133556,14.43833,10,50.088,14.4208,5.22,17.6
646198092,50.051915,14.450889,10,50.088,14.4208,4.55,12.8
4045022028,50.062027,14.449405,10,50.088,14.4208,3.54,11.2
2882810700,50.019266,14.58224,11,50.0406,14.5567,2.99,6.8
988345164,50.122084,14.468666,10,50.088,14.4208,5.1,12.8
4261815116,50.033768,14.417755,10,50.088,14.4208,6.03,13.3
256615244,50.133556,14.43833,10,50.088,14.4208,5.22,17.6
3577660748,50.057821,14.378662,10,50.088,14.4208,4.51,12.2
3643355980,50.101213,14.437072,10,50.088,14.4208,1.87,5.4
1384260428,50.06888,14.370145,10,50.088,14.4208,4.19,12.4
1981559628,50.0985,14.431779,10,50.088,14.4208,1.41,5.2
995152716,50.014978,14.437129,10,50.088,14.4208,8.2,19.3
216052556,50.036015,14.480887,11,50.0406,14.5567,5.44,12.1
940618572,50.036015,14.480887,11,50.0406,14.5567,5.44,12.1
1109529164,50.072553,14.43034,10,50.088,14.4208,1.85,7.9
1423798860,50.131793,14.425367,10,50.088,14.4208,4.88,16.4
3447493452,50.090748,14.428892,10,50.088,14.4208,0.65,2.8
2290737996,50.133003,14.561981,11,50.0406,14.5567,10.28,22.6
1056932684,50.070545,14.377719,10,50.088,14.4208,3.64,13.4
3322868556,50.012125,14.378512,10,50.088,14.4208,8.96,17.5
4232106828,50.014978,14.437129,10,50.088,14.4208,8.2,19.3
4284838476,50.034438,14.479721,11,50.0406,14.5567,5.54,11.7
2534924876,50.004046,14.457356,11,50.0406,14.5567,8.18,17.5
23077708,50.129331,14.461037,10,50.088,14.4208,5.42,15.1
1750475596,50.013365,14.582956,11,50.0406,14.5567,3.56,8.3
2859475788,50.065615,14.428338,10,50.088,14.4208,2.55,8.6
607920972,50.067199,14.311036,10,50.088,14.4208,8.17,18.4
1233044300,50.087326,14.415081,10,50.088,14.4208,0.41,2.4
4166591308,50.046606,14.556558,11,50.0406,14.5567,0.67,2.3
1447437132,50.073064,14.394489,10,50.088,14.4208,2.51,9.8
2036736844,50.054935,14.441577,10,50.088,14.4208,3.96,11.9
1028707148,50.014978,14.437129,10,50.088,14.4208,8.2,19.3
2900407116,50.036015,14.480887,11,50.0406,14.5567,5.44,12.1
1309717324,50.036015,14.480887,11,50.0406,14.5567,5.44,12.1
1974682188,50.034617,14.507051,11,50.0406,14.5567,3.61,8.2
3267765068,50.069938,14.450103,10,50.088,14.4208,2.9,11.1
1287070540,50.123493,14.455008,10,50.088,14.4208,4.64,13.0
4294918732,50.012851,14.388161,10,50.088,14.4208,8.68,17.7
2820993868,50.094226,14.499879,10,50.088,14.4208,5.68,13.0
4100531020,50.123233,14.495726,10,50.088,14.4208,6.63,15.8
1175970636,50.005801,14.406441,10,50.088,14.4208,9.2,18.1
1558229836,50.036015,14.480887,11,50.0406,14.5567,5.44,12.1
772846412,50.036015,14.480887,11,50.0406,14.5567,5.44,12.1
2275787596,50.08015,14.50873,11,50.0406,14.5567,5.57,12.7
835834700,50.110087,14.472509,10,50.088,14.4208,4.43,10.4
383198028,50.027555,14.364209,10,50.088,14.4208,7.84,18.6
450306892,50.099081,14.396494,10,50.088,14.4208,2.13,8.7
2052932172,50.040226,14.423619,10,50.088,14.4208,5.32,13.4
2144392012,50.091732,14.442453,10,50.088,14.4208,1.6,6.3
4157023052,50.088117,14.479087,10,50.088,14.4208,4.16,11.8
1825309260,50.084162,14.431126,10,50.088,14.4208,0.85,7.4
3851473740,50.090607,14.419651,10,50.088,14.4208,0.3,1.3
1795334988,50.102929,14.519157,10,50.088,14.4208,7.21,14.8
361538124,50.060715,14.401836,10,50.088,14.4208,3.32,10.3
2152342348,50.075392,14.449415,10,50.088,14.4208,2.48,9.1
2283217740,50.029901,14.36202,10,50.088,14.4208,7.7,18.6
739713868,50.105414,14.396902,10,50.088,14.4208,2.58,8.2
2457703244,50.075215,14.442754,10,50.088,14.4208,2.12,9.3
3486380876,50.068212,14.368577,10,50.088,14.4208,4.33,12.9
293192524,50.07767,14.416946,10,50.088,14.4208,1.18,5.2
329724748,50.011028,14.400206,10,50.088,14.4208,8.68,18.0
2662855500,50.074855,14.36113,10,50.088,14.4208,4.5,14.7
3726238540,50.064704,14.314616,10,50.088,14.4208,8.01,20.3
2529698636,50.029821,14.607542,11,50.0406,14.5567,3.82,8.9
1090986828,50.102458,14.506999,10,50.088,14.4208,6.36,13.1
1047081804,50.067869,14.339086,10,50.088,14.4208,6.25,15.7
1737958220,50.028091,14.361274,10,50.088,14.4208,7.9,18.7
3080135500,50.028091,14.361274,10,50.088,14.4208,7.9,18.7
1872622412,50.05536,14.351968,10,50.088,14.4208,6.11,16.6
3598066508,50.028091,14.361274,10,50.088,14.4208,7.9,18.7
3677758284,50.028091,14.361274,10,50.088,14.4208,7.9,18.7
891106124,50.103785,14.476581,10,50.088,14.4208,4.35,10.3
510075724,50.028917,14.365071,10,50.088,14.4208,7.68,17.8
3749126988,50.028182,14.404565,10,50.088,14.4208,6.75,13.8
3233137484,50.070293,14.470509,10,50.088,14.4208,4.06,12.3
1886376780,50.067284,14.40492,10,50.088,14.4208,2.57,9.0
869933900,50.091464,14.473318,10,50.088,14.4208,3.77,10.1
1147609932,50.090435,14.43204,10,50.088,14.4208,0.85,3.8
1412354892,50.106239,14.543459,11,50.0406,14.5567,7.36,16.4
4094591820,50.101978,14.451361,10,50.088,14.4208,2.68,8.1
924791628,50.064609,14.392958,10,50.088,14.4208,3.27,10.1
1523594060,50.039085,14.323065,10,50.088,14.4208,8.85,19.6
1661416268,50.061825,14.438021,10,50.088,14.4208,3.16,10.2
2179834444,50.060715,14.401836,10,50.088,14.4208,3.32,10.3
652030796,50.089752,14.462366,10,50.088,14.4208,2.97,9.2
3673170764,50.073959,14.394572,10,50.088,14.4208,2.44,8.6
3253506892,49.998065,14.418046,10,50.088,14.4208,10.0,20.7
1777345356,50.102458,14.506999,10,50.088,14.4208,6.36,13.1
32514892,50.085671,14.471271,10,50.088,14.4208,3.61,10.8
2177250124,50.016198,14.437987,10,50.088,14.4208,8.08,18.8
3071267660,50.058383,14.4345,10,50.088,14.4208,3.44,11.1
1144513100,50.004046,14.457356,11,50.0406,14.5567,8.18,17.5
1992725324,50.103054,14.448299,10,50.088,14.4208,2.58,6.8
361571148,50.103618,14.525464,11,50.0406,14.5567,7.35,15.3
150934348,50.079502,14.413979,10,50.088,14.4208,1.06,5.1
2780549964,50.070565,14.681645,11,50.0406,14.5567,9.52,20.5
2069898060,50.088125,14.383203,10,50.088,14.4208,2.68,9.0
3323994956,50.092705,14.304374,10,50.088,14.4208,8.32,19.3
2645373772,50.104045,14.515835,10,50.088,14.4208,7.01,14.5
591405900,50.095199,14.465385,10,50.088,14.4208,3.28,8.6
3872969548,50.137288,14.435334,10,50.088,14.4208,5.58,16.4
4191965772,50.058186,14.496002,11,50.0406,14.5567,4.75,11.5
632550220,50.056475,14.503785,11,50.0406,14.5567,4.17,9.6
386958156,50.050773,14.456563,10,50.088,14.4208,4.86,13.6
3509900108,50.074309,14.441276,10,50.088,14.4208,2.11,9.1
3128234572,50.066887,14.418004,10,50.088,14.4208,2.36,7.2
1034470220,50.050448,14.460436,10,50.088,14.4208,5.04,13.1
2442666828,50.060764,14.581229,11,50.0406,14.5567,2.85,9.3
387199820,50.051889,14.314826,10,50.088,14.4208,8.56,21.4
1303454540,50.084824,14.446784,10,50.088,14.4208,1.89,7.3
448865100,50.044139,14.423755,10,50.088,14.4208,4.88,11.7
3591947084,50.129059,14.478304,10,50.088,14.4208,6.14,14.7
1743696716,50.135323,14.38136,10,50.088,14.4208,5.97,14.7
3398144844,50.060807,14.43576,10,50.088,14.4208,3.21,9.7
3911119692,50.067843,14.455442,10,50.088,14.4208,3.34,11.2
3847566156,50.085009,14.420727,10,50.088,14.4208,0.33,4.2
365155148,50.049081,14.327253,10,50.088,14.4208,7.96,20.5
2905387852,50.071763,14.460023,10,50.088,14.4208,3.33,11.5
2985370444,50.130204,14.412059,10,50.088,14.4208,4.73,16.8
689615692,50.071027,14.459114,10,50.088,14.4208,3.32,11.4
2550526796,50.103785,14.476581,10,50.088,14.4208,4.35,10.3
3220251468,50.077196,14.442588,10,50.088,14.4208,1.96,8.5
800838476,50.096868,14.467666,10,50.088,14.4208,3.49,8.9
4131464012,50.030806,14.502937,11,50.0406,14.5567,3.99,9.2
263586380,50.084255,14.466671,10,50.088,14.4208,3.3,9.8
2697184076,50.075495,14.450163,10,50.088,14.4208,2.51,9.1
3416007500,50.006166,14.437598,10,50.088,14.4208,9.18,22.3
189866828,50.023525,14.515384,11,50.0406,14.5567,3.51,7.6
960570188,50.046651,14.460259,10,50.088,14.4208,5.39,14.8
2825986892,50.088389,14.463692,10,50.088,14.4208,3.06,9.3
1182921548,50.101306,14.490869,10,50.088,14.4208,5.21,12.7
3362857804,50.093838,14.488695,10,50.088,14.4208,4.89,12.9
1247880012,50.030806,14.502937,11,50.0406,14.5567,3.99,9.2
2393010764,50.072152,14.472607,10,50.088,14.4208,4.1,12.6
2708546380,50.030806,14.502937,11,50.0406,14.5567,3.99,9.2
301151052,50.104045,14.515835,10,50.088,14.4208,7.01,14.5
4173656908,49.950978,14.376745,10,50.088,14.4208,15.56,23.7
3079807820,50.066261,14.395983,10,50.088,14.4208,3.0,9.7
78984012,50.019266,14.58224,11,50.0406,14.5567,2.99,6.8
1135747916,50.131831,14.477358,10,50.088,14.4208,6.33,15.5
3488809548,50.078227,14.456597,10,50.088,14.4208,2.78,9.6
2851218252,50.072059,14.493508,10,50.088,14.4208,5.48,15.9
4147811148,50.066235,14.432716,10,50.088,14.4208,2.57,8.7
3068273484,50.106958,14.510207,10,50.088,14.4208,6.72,16.2
671228748,50.067548,14.554192,11,50.0406,14.5567,3.0,9.0
534409804,50.0883,14.483217,10,50.088,14.4208,4.45,12.6
3912020812,50.061579,14.595828,11,50.0406,14.5567,3.64,10.3
3648308044,50.094226,14.499879,10,50.088,14.4208,5.68,13.0
2111316812,50.005801,14.406441,10,50.088,14.4208,9.2,18.1
1385374540,50.060786,14.448625,10,50.088,14.4208,3.62,10.3
1838994252,50.094226,14.499879,10,50.088,14.4208,5.68,13.0
661705548,50.085671,14.471271,10,50.088,14.4208,3.61,10.8
3356537676,50.036015,14.480887,11,50.0406,14.5567,5.44,12.1
1957475148,50.012008,14.412961,10,50.088,14.4208,8.47,18.9
2608862028,50.083172,14.57621,11,50.0406,14.5567,4.93,14.6
71443276,50.078707,14.458612,10,50.088,14.4208,2.89,10.0
4170392396,50.100291,14.542032,11,50.0406,14.5567,6.72,19.6
2113086284,50.036627,14.336992,10,50.088,14.4208,8.27,19.2
1677746764,50.017482,14.52528,11,50.0406,14.5567,3.41,9.6
3028267852,50.021706,14.440003,10,50.088,14.4208,7.5,17.0
650363724,50.081486,14.43183,10,50.088,14.4208,1.07,7.7
2591171404,50.087336,14.482794,10,50.088,14.4208,4.42,12.2
419996236,50.060715,14.401836,10,50.088,14.4208,3.32,10.3
2842309452,50.091732,14.442453,10,50.088,14.4208,1.6,6.3
1872503628,50.0596,14.2837,10,50.088,14.4208,10.28,22.9
678302540,50.111884,14.390899,10,50.088,14.4208,3.41,11.1
3413766988,50.056666,14.462539,10,50.088,14.4208,4.58,12.7
4210438988,50.063092,14.361794,10,50.088,14.4208,5.04,15.0
3236893516,50.080399,14.5008,10,50.088,14.4208,5.77,15.5
2235704140,50.087336,14.482794,10,50.088,14.4208,4.42,12.2
388838220,50.043041,14.313431,10,50.088,14.4208,9.15,20.9
3466339148,50.067869,14.339086,10,50.088,14.4208,6.25,15.7
747234124,50.031071,14.51848,11,50.0406,14.5567,2.93,8.2
3718390604,50.126001,14.442462,10,50.088,14.4208,4.5,14.0
232723276,50.013503,14.58287,11,50.0406,14.5567,3.55,8.3
1979114316,50.101046,14.424428,10,50.088,14.4208,1.47,5.8
4204000076,50.066733,14.433692,10,50.088,14.4208,2.54,9.1
1172513612,50.140255,14.446177,10,50.088,14.4208,6.09,17.1
3366490956,50.096583,14.507987,10,50.088,14.4208,6.29,14.4
3732087628,50.006673,14.45331,11,50.0406,14.5567,8.29,18.2
2569851724,50.046055,14.302029,10,50.088,14.4208,9.68,22.1
2480870220,50.022655,14.516706,11,50.0406,14.5567,3.48,8.2
876454732,49.984559,14.359279,10,50.088,14.4208,12.31,22.6
3413254988,50.087336,14.482794,10,50.088,14.4208,4.42,12.2
2455905100,50.071548,14.442372,10,50.088,14.4208,2.39,9.8
3880289100,50.086345,14.483187,10,50.088,14.4208,4.45,12.3
872207180,50.027808,14.529987,11,50.0406,14.5567,2.38,6.5
3990692684,50.055097,14.494827,11,50.0406,14.5567,4.7,11.5
188343116,50.056539,14.517757,11,50.0406,14.5567,3.3,8.3
2630234956,50.103845,14.508692,10,50.088,14.4208,6.51,13.8
1569772364,50.117659,14.499443,10,50.088,14.4208,6.51,14.9
995083084,50.046532,14.324867,10,50.088,14.4208,8.26,20.7
2126259020,50.0849,14.5548,11,50.0406,14.5567,4.93,15.8
949949260,50.036754,14.327984,10,50.088,14.4208,8.74,20.1
4058153804,50.10228,14.561584,11,50.0406,14.5567,6.87,18.3
1127953228,50.073368,14.551521,11,50.0406,14.5567,3.66,11.0
3969200972,50.073959,14.394572,10,50.088,14.4208,2.44,8.6
4081660748,50.0591,14.3292,10,50.088,14.4208,7.28,18.9
3807458124,50.102303,14.551362,11,50.0406,14.5567,6.87,17.3
1512252236,50.085576,14.344881,10,50.088,14.4208,5.42,13.6
1304175436,50.10044,14.401221,10,50.088,14.4208,1.97,7.4
1451893580,50.075392,14.449415,10,50.088,14.4208,2.48,9.1
2448814924,50.103187,14.521189,10,50.088,14.4208,7.36,15.3
323449420,50.068954,14.465044,10,50.088,14.4208,3.8,12.2
3680641868,50.010096,14.386648,10,50.088,14.4208,9.0,17.6
1880531788,50.029889,14.505243,11,50.0406,14.5567,3.86,8.6
4134650700,50.076273,14.648038,11,50.0406,14.5567,7.63,18.0
1640772428,50.11034,14.50476,10,50.088,14.4208,6.48,13.1
1454056268,50.072194,14.456581,10,50.088,14.4208,3.1,11.3
2950964044,50.103187,14.521189,10,50.088,14.4208,7.36,15.3
2432635724,50.088345,14.306468,10,50.088,14.4208,8.16,18.3
2678530892,50.071411,14.503514,11,50.0406,14.5567,5.11,12.7
1848578892,50.04309,14.308779,10,50.088,14.4208,9.43,22.5
3846345548,50.110412,14.503632,10,50.088,14.4208,6.41,13.6
628237132,50.046306,14.327174,10,50.088,14.4208,8.13,20.3
4002276172,50.068824,14.499242,11,50.0406,14.5567,5.16,11.2
2921382732,50.087336,14.482794,10,50.088,14.4208,4.42,12.2
3858314060,50.013277,14.410001,10,50.088,14.4208,8.34,19.1
1437279052,50.072194,14.456581,10,50.088,14.4208,3.1,11.3
416097100,50.103187,14.521189,10,50.088,14.4208,7.36,15.3
1634022220,50.105212,14.452416,10,50.088,14.4208,2.96,7.8
1194181452,50.069283,14.471097,10,50.088,14.4208,4.15,13.0
4218561356,50.064588,14.41782,10,50.088,14.4208,2.61,10.0
1196372812,50.036807,14.342699,10,50.088,14.4208,7.97,20.6
2274574924,50.025052,14.426004,10,50.088,14.4208,7.01,15.8
427246156,50.086085,14.467584,10,50.088,14.4208,3.34,10.9
375862092,50.075392,14.449415,10,50.088,14.4208,2.48,9.1
3809165900,50.103187,14.521189,10,50.088,14.4208,7.36,15.3
3561034572,50.079158,14.456015,10,50.088,14.4208,2.7,9.8
1606394700,50.100092,14.486964,10,50.088,14.4208,4.91,11.0
3898745676,50.030091,14.503263,11,50.0406,14.5567,3.99,9.1
1453609548,50.089448,14.423694,10,50.088,14.4208,0.26,2.9
2395063116,50.001403,14.464255,11,50.0406,14.5567,7.91,15.5
3436737100,50.004459,14.410602,10,50.088,14.4208,9.32,19.2
3765314380,50.061977,14.402108,10,50.088,14.4208,3.19,10.2
1312072524,50.101617,14.51989,10,50.088,14.4208,7.23,15.2
181211724,50.088844,14.375408,10,50.088,14.4208,3.24,11.1
3985036108,50.073119,14.36913,10,50.088,14.4208,4.04,13.9
2106372940,50.012008,14.412961,10,50.088,14.4208,8.47,18.9
1063461708,50.10556,14.379861,10,50.088,14.4208,3.51,10.3
1271669580,50.094171,14.492203,10,50.088,14.4208,5.14,13.1
597484364,50.079762,14.45762,10,50.088,14.4208,2.78,10.1
1988297292,50.060706,14.368073,10,50.088,14.4208,4.83,15.3
2686698316,50.04421,14.557457,11,50.0406,14.5567,0.41,1.8
588382796,50.105717,14.565636,11,50.0406,14.5567,7.27,18.0
4016186188,50.066536,14.553278,11,50.0406,14.5567,2.89,8.4
1354543948,50.012008,14.412961,10,50.088,14.4208,8.47,18.9
984011596,50.025048,14.42591,10,50.088,14.4208,7.01,15.8
3600749388,50.110584,14.45073,10,50.088,14.4208,3.3,10.0
2647794508,50.0658,14.3023,10,50.088,14.4208,8.81,19.8
2553221964,50.07667,14.460007,10,50.088,14.4208,3.07,10.1
1324467020,50.086664,14.446578,10,50.088,14.4208,1.85,7.0
2281538380,50.025046,14.425929,10,50.088,14.4208,7.01,15.8
1625039692,50.10556,14.379861,10,50.088,14.4208,3.51,10.3
2301477708,50.130092,14.535296,10,50.088,14.4208,9.41,20.3
275891020,50.012808,14.455286,11,50.0406,14.5567,7.88,18.5
3660317260,50.067548,14.554192,11,50.0406,14.5567,3.0,9.0
2020811596,50.114187,14.485123,10,50.088,14.4208,5.43,12.2
287122252,50.104399,14.403396,10,50.088,14.4208,2.21,7.3
2149507916,50.119326,14.507049,10,50.088,14.4208,7.07,15.3
683283276,50.123206,14.57571,11,50.0406,14.5567,9.28,23.2
2073940812,50.136664,14.504957,10,50.088,14.4208,8.08,16.1
2205758284,50.129865,14.481904,10,50.088,14.4208,6.38,15.7
441262924,50.094226,14.499879,10,50.088,14.4208,5.68,13.0
1442788172,50.054109,14.530043,11,50.0406,14.5567,2.42,6.6
1810035532,50.067548,14.554192,11,50.0406,14.5567,3.0,9.0
1438372684,50.063677,14.436554,10,50.088,14.4208,2.93,9.9
436265804,50.071556,14.47608,10,50.088,14.4208,4.35,13.3
3771474764,50.026876,14.51546,11,50.0406,14.5567,3.32,8.0
3043283788,50.044011,14.304236,10,50.088,14.4208,9.65,21.5
3799266124,50.086657,14.432076,10,50.088,14.4208,0.82,7.1
4116849484,50.076302,14.365227,10,50.088,14.4208,4.17,13.2
1985266508,50.045717,14.445538,10,50.088,14.4208,5.02,13.4
1717773132,50.141624,14.514146,10,50.088,14.4208,8.94,17.3
2868101964,50.030126,14.59409,11,50.0406,14.5567,2.91,7.3
3477218124,50.067495,14.368819,10,50.088,14.4208,4.35,13.1
1866801996,50.109286,14.447537,10,50.088,14.4208,3.04,8.3
2625508172,50.062118,14.279461,10,50.088,14.4208,10.49,22.3
754000716,50.099788,14.394496,10,50.088,14.4208,2.29,7.8
368784204,50.014702,14.434058,10,50.088,14.4208,8.21,19.6
2717848396,50.047661,14.494169,11,50.0406,14.5567,4.53,11.6
1707127628,50.069856,14.37254,10,50.088,14.4208,3.99,11.7
3819443020,50.065364,14.394041,10,50.088,14.4208,3.16,9.5
781394764,50.100291,14.542032,11,50.0406,14.5567,6.72,19.6
3774030668,50.145066,14.48329,10,50.088,14.4208,7.75,16.8
23274316,50.10556,14.379861,10,50.088,14.4208,3.51,10.3
697242444,50.024006,14.432918,10,50.088,14.4208,7.17,17.2
2063274828,50.075072,14.458775,10,50.088,14.4208,3.07,10.5
2737771340,50.057361,14.399944,10,50.088,14.4208,3.72,14.1
25699148,50.091581,14.422355,10,50.088,14.4208,0.41,2.3
887763788,50.073398,14.408289,10,50.088,14.4208,1.85,7.2
1525797708,50.050738,14.45458,10,50.088,14.4208,4.79,14.2
3437278028,50.036015,14.480887,11,50.0406,14.5567,5.44,12.1
2349904716,50.036015,14.480887,11,50.0406,14.5567,5.44,12.1
1089889612,50.040147,14.568712,11,50.0406,14.5567,0.86,3.3
461460044,50.012008,14.412961,10,50.088,14.4208,8.47,18.9
444601164,50.083172,14.57621,11,50.0406,14.5567,4.93,14.6
3392082764,50.030688,14.361439,10,50.088,14.4208,7.65,19.2
4092711756,50.014654,14.438012,10,50.088,14.4208,8.25,19.1
2749412172,50.036015,14.480887,11,50.0406,14.5567,5.44,12.1
1058059084,50.036015,14.480887,11,50.0406,14.5567,5.44,12.1
3822957388,50.087481,14.404883,10,50.088,14.4208,1.14,4.7
2382811980,50.079158,14.456015,10,50.088,14.4208,2.7,9.8
1534136908,49.984559,14.359279,10,50.088,14.4208,12.31,22.6
314434380,50.073959,14.394572,10,50.088,14.4208,2.44,8.6
2811142988,49.984559,14.359279,10,50.088,14.4208,12.31,22.6
745214796,50.064391,14.465387,10,50.088,14.4208,4.12,12.4
660939596,50.137265,14.522503,10,50.088,14.4208,9.09,18.6
1853821772,50.038051,14.507233,11,50.0406,14.5567,3.54,8.2
991023948,50.087331,14.451141,10,50.088,14.4208,2.17,7.6
2464199500,50.036015,14.480887,11,50.0406,14.5567,5.44,12.1
3692081996,50.036015,14.480887,11,50.0406,14.5567,5.44,12.1
2492470092,50.083172,14.57621,11,50.0406,14.5567,4.93,14.6
42771020,50.060715,14.401836,10,50.088,14.4208,3.32,10.3
2821362252,50.085862,14.500849,10,50.088,14.4208,5.72,14.4
3317158732,50.083567,14.423106,10,50.088,14.4208,0.52,5.1
887612236,50.099278,14.429872,10,50.088,14.4208,1.41,5.6
3226313292,50.060715,14.401836,10,50.088,14.4208,3.32,10.3
3568517708,50.034617,14.507051,11,50.0406,14.5567,3.61,8.2
895562572,50.082491,14.502782,10,50.088,14.4208,5.88,14.5
250266444,50.08399,14.309819,10,50.088,14.4208,7.93,18.2
1087906636,50.051641,14.541554,11,50.0406,14.5567,1.64,5.1
2738172748,50.057426,14.503302,11,50.0406,14.5567,4.25,10.4
178471500,50.034617,14.507051,11,50.0406,14.5567,3.61,8.2
1483985740,50.077819,14.422815,10,50.088,14.4208,1.14,6.5
70374220,50.111321,14.510686,10,50.088,14.4208,6.92,14.0
283161420,50.036015,14.480887,11,50.0406,14.5567,5.44,12.1
1813033804,50.036015,14.480887,11,50.0406,14.5567,5.44,12.1
239190860,50.071708,14.485498,10,50.088,14.4208,4.96,13.3
2322846540,50.077819,14.422815,10,50.088,14.4208,1.14,6.5
1865995084,50.077265,14.423512,10,50.088,14.4208,1.21,6.1
805647180,50.076845,14.433524,10,50.088,14.4208,1.54,8.3
1057350476,50.006893,14.380704,10,50.088,14.4208,9.46,18.5
3031646796,50.034617,14.507051,11,50.0406,14.5567,3.61,8.2
1915958092,50.091887,14.448312,10,50.088,14.4208,2.01,6.5
2225607500,50.090616,14.494716,10,50.088,14.4208,5.28,13.5
1940190028,50.044213,14.42226,10,50.088,14.4208,4.87,12.1
1485435724,50.090732,14.476322,10,50.088,14.4208,3.97,11.1
2896761676,50.077265,14.425838,10,50.088,14.4208,1.25,6.4
139469644,50.03878,14.516188,11,50.0406,14.5567,2.9,7.1
106025804,50.034676,14.385566,10,50.088,14.4208,6.44,14.4
4141921100,50.036015,14.480887,11,50.0406,14.5567,5.44,12.1
3155211084,50.036015,14.480887,11,50.0406,14.5567,5.44,12.1
212644684,50.012008,14.412961,10,50.088,14.4208,8.47,18.9
36614988,50.036015,14.480887,11,50.0406,14.5567,5.44,12.1
773853772,50.075492,14.44934,10,50.088,14.4208,2.47,9.1
3099882060,50.021111,14.584672,11,50.0406,14.5567,2.95,8.5
385033036,50.113146,14.475296,10,50.088,14.4208,4.79,11.2
529605452,50.078612,14.459705,10,50.088,14.4208,2.97,9.8
1799783244,50.098623,14.429558,10,50.088,14.4208,1.34,5.6
4006089548,50.071985,14.395956,10,50.088,14.4208,2.51,9.6
3491943244,50.065244,14.457004,10,50.088,14.4208,3.62,11.4
3054711628,50.081317,14.496106,10,50.088,14.4208,5.42,13.7
3196633932,50.084355,14.405349,10,50.088,14.4208,1.17,5.9
734196556,50.099282,14.468884,10,50.088,14.4208,3.65,9.2
562049868,50.067843,14.455442,10,50.088,14.4208,3.34,11.2
4236260172,50.067843,14.455442,10,50.088,14.4208,3.34,11.2
3833934668,50.067843,14.455442,10,50.088,14.4208,3.34,11.2
1761088332,50.057708,14.43385,10,50.088,14.4208,3.49,10.9
4072862540,50.099282,14.468884,10,50.088,14.4208,3.65,9.2
233710412,50.104257,14.485296,10,50.088,14.4208,4.94,10.8
3478463308,50.099025,14.482987,10,50.088,14.4208,4.6,10.6
2165232460,50.035912,14.411921,10,50.088,14.4208,5.83,12.5
102966092,50.140141,14.445131,10,50.088,14.4208,6.05,17.4
1701913420,50.10786,14.443544,10,50.088,14.4208,2.74,8.0
178422604,50.038292,14.595536,11,50.0406,14.5567,2.79,6.6
1581261644,50.039425,14.437182,10,50.088,14.4208,5.53,15.4
2106057548,50.027864,14.515484,11,50.0406,14.5567,3.27,8.2
2871882316,50.055584,14.45027,10,50.088,14.4208,4.17,12.9
1904665420,50.092075,14.434117,10,50.088,14.4208,1.05,5.7
636060492,50.096132,14.353232,10,50.088,14.4208,4.9,13.1
331027276,50.037922,14.409584,10,50.088,14.4208,5.63,12.5
203657804,50.090114,14.425978,10,50.088,14.4208,0.44,2.4
39846476,50.089448,14.423694,10,50.088,14.4208,0.26,2.9
57475660,50.089448,14.423694,10,50.088,14.4208,0.26,2.9
2210992716,50.034617,14.507051,11,50.0406,14.5567,3.61,8.2
538063692,50.049055,14.435969,10,50.088,14.4208,4.46,12.1
3958580044,50.024347,14.433027,10,50.088,14.4208,7.13,16.9
1948570444,50.062066,14.44177,10,50.088,14.4208,3.25,10.1
3406439244,50.020344,14.44818,10,50.088,14.4208,7.77,17.7
3191345996,50.077482,14.505887,11,50.0406,14.5567,5.48,12.4
1010307916,50.072468,14.395406,10,50.088,14.4208,2.5,9.8
1127818060,50.072468,14.395406,10,50.088,14.4208,2.5,9.8
2973311820,50.079237,14.455604,10,50.088,14.4208,2.67,9.7
3242337100,50.024941,14.435985,10,50.088,14.4208,7.1,16.1
2880160588,50.054691,14.352883,10,50.088,14.4208,6.1,17.2
3132498764,50.042772,14.30913,10,50.088,14.4208,9.42,21.5
2771915596,50.123412,14.496261,10,50.088,14.4208,6.67,15.7
2671387468,50.079158,14.456015,10,50.088,14.4208,2.7,9.8
3390616396,50.057526,14.372984,10,50.088,14.4208,4.81,12.6
2608235340,50.07491,14.415019,10,50.088,14.4208,1.51,6.5
1226953548,50.077809,14.403197,10,50.088,14.4208,1.69,7.5
2162209612,50.036015,14.480887,11,50.0406,14.5567,5.44,12.1
2251174732,50.077695,14.517249,11,50.0406,14.5567,4.99,12.8
1011356492,50.069273,14.472333,10,50.088,14.4208,4.23,12.9
1122157388,50.065665,14.440994,10,50.088,14.4208,2.87,9.3
991884108,50.071441,14.438137,10,50.088,14.4208,2.22,9.6
2810917708,50.072369,14.439642,10,50.088,14.4208,2.2,9.8
2953954124,50.030146,14.407602,10,50.088,14.4208,6.5,13.5
2676040524,50.082493,14.377402,10,50.088,14.4208,3.16,10.1
3457299276,50.106224,14.564651,11,50.0406,14.5567,7.32,18.1
2324177740,50.07243,14.396556,10,50.088,14.4208,2.45,9.9
2531570508,50.135323,14.38136,10,50.088,14.4208,5.97,14.7
3563590476,50.093658,14.518182,11,50.0406,14.5567,6.51,14.8
2792936268,50.101105,14.507666,10,50.088,14.4208,6.37,13.6
1465983820,50.116181,14.470809,10,50.088,14.4208,4.75,12.4
1553535820,50.118324,14.496392,10,50.088,14.4208,6.36,13.9
2443776844,50.077741,14.446954,10,50.088,14.4208,2.19,8.9
1905857356,50.059954,14.400292,10,50.088,14.4208,3.44,10.8
1059726156,50.083549,14.434141,10,50.088,14.4208,1.07,8.2
716772172,50.077791,14.431497,10,50.088,14.4208,1.37,8.0
3939509068,50.026724,14.51745,11,50.0406,14.5567,3.2,8.2
4033549132,50.046425,14.488,11,50.0406,14.5567,4.95,12.2
1003033420,50.12438,14.487838,10,50.088,14.4208,6.26,14.9
2481247052,50.093008,14.29925,10,50.088,14.4208,8.69,19.9
2398688076,50.03824,14.341226,10,50.088,14.4208,7.93,20.1
616571724,50.039064,14.638628,11,50.0406,14.5567,5.85,13.4
2897875788,50.040974,14.436607,10,50.088,14.4208,5.35,15.4
2139546444,50.079613,14.414741,10,50.088,14.4208,1.03,5.0
4244181836,50.12973,14.428665,10,50.088,14.4208,4.67,17.2
359506508,50.060715,14.401836,10,50.088,14.4208,3.32,10.3
135340876,50.054668,14.557802,11,50.0406,14.5567,1.57,6.8
276681548,50.006173,14.405955,10,50.088,14.4208,9.16,18.2
971707212,50.072369,14.439642,10,50.088,14.4208,2.2,9.8
3607696204,50.067104,14.550256,11,50.0406,14.5567,2.98,8.5
3372815180,50.046929,14.434498,10,50.088,14.4208,4.67,12.5
1607713612,50.11044,14.508738,10,50.088,14.4208,6.75,13.7
265929548,50.118709,14.489914,10,50.088,14.4208,6.0,15.2
3922105164,50.103054,14.448299,10,50.088,14.4208,2.58,6.8
156771660,50.106958,14.510207,10,50.088,14.4208,6.72,16.2
564728652,50.077741,14.446954,10,50.088,14.4208,2.19,8.9
3878298444,50.058257,14.423545,10,50.088,14.4208,3.31,8.9
2165826380,50.005801,14.406441,10,50.088,14.4208,9.2,18.1
3227726668,50.070546,14.423597,10,50.088,14.4208,1.95,7.9
826872652,50.096113,14.359558,10,50.088,14.4208,4.46,12.5
1467552588,50.055044,14.513297,11,50.0406,14.5567,3.49,8.7
4273541964,50.126318,14.439195,10,50.088,14.4208,4.46,14.3
1635324748,50.075568,14.44985,10,50.088,14.4208,2.49,9.1
3501667148,50.070062,14.381953,10,50.088,14.4208,3.42,11.3
1716634444,50.090437,14.451117,10,50.088,14.4208,2.18,7.3
2159678284,50.093627,14.463441,10,50.088,14.4208,3.11,8.5
1068110668,50.11202,14.390769,10,50.088,14.4208,3.42,11.1
3589530444,50.108731,14.450689,10,50.088,14.4208,3.14,9.0
1498821452,50.09888,14.362875,10,50.088,14.4208,4.31,11.7
3953742412,50.089685,14.474086,10,50.088,14.4208,3.81,11.5
3783627596,50.118951,14.469827,10,50.088,14.4208,4.91,11.2
2680820556,50.087317,14.451085,10,50.088,14.4208,2.16,7.6
3120218956,50.075755,14.492135,10,50.088,14.4208,5.27,14.2
3347362636,50.089448,14.423694,10,50.088,14.4208,0.26,2.9
3514073932,50.076422,14.427044,10,50.088,14.4208,1.36,6.6
924984140,50.047673,14.558939,11,50.0406,14.5567,0.8,3.0
1203442508,50.074805,14.443946,10,50.088,14.4208,2.21,9.4
2838877004,50.018821,14.437943,10,50.088,14.4208,7.79,18.2
1034560332,50.083668,14.562401,11,50.0406,14.5567,4.81,15.8
1952260940,50.072369,14.439642,10,50.088,14.4208,2.2,9.8
1796870988,50.035396,14.501218,11,50.0406,14.5567,4.0,8.8
3383239500,50.054509,14.51234,11,50.0406,14.5567,3.52,8.4
267359052,50.101857,14.437183,10,50.088,14.4208,1.93,5.5
1159865164,50.067992,14.370439,10,50.088,14.4208,4.23,12.6
376750924,50.094431,14.494423,10,50.088,14.4208,5.3,13.0
816517964,50.103276,14.451418,10,50.088,14.4208,2.77,7.2
3795137356,50.03156,14.375717,10,50.088,14.4208,7.05,16.7
4049212236,50.108731,14.450689,10,50.088,14.4208,3.14,9.0
3008901964,50.059587,14.497095,11,50.0406,14.5567,4.75,11.4
4027769676,50.117081,14.448081,10,50.088,14.4208,3.77,9.8
3928466252,50.136751,14.508588,10,50.088,14.4208,8.28,17.3
2218992460,50.136664,14.504957,10,50.088,14.4208,8.08,16.1
3955921484,50.135323,14.38136,10,50.088,14.4208,5.97,14.7
4262540108,50.063565,14.31666,10,50.088,14.4208,7.91,18.7
2640974668,50.040429,14.569696,11,50.0406,14.5567,0.93,3.5
1298797388,50.086637,14.448804,10,50.088,14.4208,2.0,7.3
714806092,50.107959,14.554984,11,50.0406,14.5567,7.49,18.2
133882700,50.046702,14.30598,10,50.088,14.4208,9.39,21.2
1950048844,50.072152,14.472607,10,50.088,14.4208,4.1,12.6
1000018764,50.111321,14.510686,10,50.088,14.4208,6.92,14.0
1332097868,50.05746,14.426329,10,50.088,14.4208,3.42,9.2
97837900,50.127454,14.412309,10,50.088,14.4208,4.43,16.3
1593127756,49.174072,16.567472,14,49.1951,16.6068,3.69,9.3
1921717068,50.111321,14.510686,10,50.088,14.4208,6.92,14.0
3112867148,50.125417,14.374243,10,50.088,14.4208,5.32,13.1
4052391244,50.125564,14.374142,10,50.088,14.4208,5.34,13.0
111842636,50.125531,14.374236,10,50.088,14.4208,5.33,13.0
3432682828,50.125592,14.37415,10,50.088,14.4208,5.34,13.0
3879072588,50.071774,14.441296,10,50.088,14.4208,2.32,10.2
2667823948,50.0656,14.5518,11,50.0406,14.5567,2.8,8.3
472286028,50.091063,14.429793,10,50.088,14.4208,0.73,2.9
59413068,50.135323,14.38136,10,50.088,14.4208,5.97,14.7
532558412,50.063565,14.31666,10,50.088,14.4208,7.91,18.7
1495544652,50.053613,14.503,11,50.0406,14.5567,4.1,9.6
2764841804,50.017396,14.582896,11,50.0406,14.5567,3.19,7.5
285393740,50.064635,14.432742,10,50.088,14.4208,2.73,9.0
2447422284,50.036015,14.480887,11,50.0406,14.5567,5.44,12.1
2635117388,50.036015,14.480887,11,50.0406,14.5567,5.44,12.1
1764668236,50.036015,14.480887,11,50.0406,14.5567,5.44,12.1
1137238860,50.119326,14.507049,10,50.088,14.4208,7.07,15.3
2739843916,50.030432,14.375047,10,50.088,14.4208,7.19,16.3
2930086732,50.046187,14.310958,10,50.088,14.4208,9.11,21.8
1819345484,50.123315,14.490281,10,50.088,14.4208,6.32,17.0
1356125004,50.047898,14.561306,11,50.0406,14.5567,0.88,3.7
2490938188,50.112217,14.475708,10,50.088,14.4208,4.75,10.9
4273472076,50.055097,14.494827,11,50.0406,14.5567,4.7,11.5
883766092,50.032156,14.378248,10,50.088,14.4208,6.91,16.2
1459536716,50.11416,14.477612,10,50.088,14.4208,4.99,11.8
1006515020,50.075192,14.326495,10,50.088,14.4208,6.88,14.9
1237132108,50.091745,14.324618,10,50.088,14.4208,6.87,17.1
3667796812,50.014019,14.434564,10,50.088,14.4208,8.28,19.5
1109271372,50.014718,14.584082,11,50.0406,14.5567,3.48,8.4
189649740,50.066919,14.362328,10,50.088,14.4208,4.79,13.6
2631983948,50.051614,14.406924,10,50.088,14.4208,4.17,11.3
3777475404,50.064042,14.445528,10,50.088,14.4208,3.2,10.1
2792981324,50.083524,14.313306,10,50.088,14.4208,7.69,17.7
460137292,50.072137,14.397325,10,50.088,14.4208,2.43,10.2
1351627596,50.134765,14.383579,10,50.088,14.4208,5.84,14.5
3380486988,50.027897,14.363583,10,50.088,14.4208,7.83,18.4
3529700172,50.029901,14.36202,10,50.088,14.4208,7.7,18.6
2925470540,50.089833,14.348807,10,50.088,14.4208,5.14,14.0
3999585100,50.070852,14.444813,10,50.088,14.4208,2.56,12.3
730080076,50.058167,14.330191,10,50.088,14.4208,7.27,19.1
752694092,50.032156,14.378248,10,50.088,14.4208,6.91,16.2
1743446860,50.074609,14.392994,10,50.088,14.4208,2.48,9.9
3563975500,50.071874,14.456409,10,50.088,14.4208,3.11,11.2
1317872460,50.125513,14.421859,10,50.088,14.4208,4.17,16.3
2685080396,49.998458,14.408025,10,50.088,14.4208,10.0,19.2
2460021580,50.133003,14.561981,11,50.0406,14.5567,10.28,22.6
1506620236,50.032156,14.378248,10,50.088,14.4208,6.91,16.2
3387831116,50.103858,14.508809,10,50.088,14.4208,6.52,13.8
1083126604,50.060486,14.290387,10,50.088,14.4208,9.8,21.5
789496652,50.071719,14.4405,10,50.088,14.4208,2.29,10.0
940806988,49.965511,14.381142,10,50.088,14.4208,13.91,23.0
2737648460,50.042303,14.397503,10,50.088,14.4208,5.35,14.5
2681025356,50.032156,14.378248,10,50.088,14.4208,6.91,16.2
1340330828,50.111321,14.510686,10,50.088,14.4208,6.92,14.0
1422467660,50.08006,14.447246,10,50.088,14.4208,2.08,7.9
682435404,50.047846,14.446187,10,50.088,14.4208,4.82,12.8
3781145420,50.107689,14.482563,10,50.088,14.4208,4.92,12.2
4018021196,50.027897,14.363583,10,50.088,14.4208,7.83,18.4
2096706380,50.100414,14.383774,10,50.088,14.4208,2.98,10.1
1014899532,50.027897,14.363583,10,50.088,14.4208,7.83,18.4
3576636236,50.062027,14.449405,10,50.088,14.4208,3.54,11.2
1912873804,50.047088,14.485684,11,50.0406,14.5567,5.12,12.0
4112630604,50.05556,14.381289,10,50.088,14.4208,4.58,12.7
3730953036,50.05759,14.424711,10,50.088,14.4208,3.39,9.1
11912012,50.029982,14.355247,10,50.088,14.4208,7.97,19.1
3802407756,50.140255,14.446177,10,50.088,14.4208,6.09,17.1
4193002316,50.083549,14.434141,10,50.088,14.4208,1.07,8.2
2794988364,50.067457,14.462168,10,50.088,14.4208,3.73,11.8
808371020,50.072711,14.500697,11,50.0406,14.5567,5.36,12.7
1333666636,50.027897,14.363583,10,50.088,14.4208,7.83,18.4
3439932236,50.086232,14.44498,10,50.088,14.4208,1.74,7.4
3205944140,50.103749,14.488917,10,50.088,14.4208,5.16,11.2
2981372748,50.029013,14.596112,11,50.0406,14.5567,3.1,7.9
2332672844,50.099955,14.431128,10,50.088,14.4208,1.52,5.9
1515607372,50.083549,14.434141,10,50.088,14.4208,1.07,8.2
2444469068,50.076977,14.433925,10,50.088,14.4208,1.54,8.3
1321218892,50.039715,14.458428,10,50.088,14.4208,6.0,14.9
2537173836,50.072369,14.439642,10,50.088,14.4208,2.2,9.8
3711636300,50.02533,14.49036,11,50.0406,14.5567,5.03,12.5
2745234252,50.133003,14.561981,11,50.0406,14.5567,10.28,22.6
3874304844,50.075192,14.326495,10,50.088,14.4208,6.88,14.9
3195876172,50.129805,14.443867,10,50.088,14.4208,4.93,16.0
754721612,50.104381,14.478711,10,50.088,14.4208,4.51,10.5
464331596,50.016198,14.437987,10,50.088,14.4208,8.08,18.8
744731468,49.969925,14.393932,10,50.088,14.4208,13.27,21.0
1546703692,50.034676,14.385566,10,50.088,14.4208,6.44,14.4
3716031308,50.027897,14.363583,10,50.088,14.4208,7.83,18.4
2232050252,50.057993,14.46829,10,50.088,14.4208,4.76,14.1
4091487052,50.093255,14.513269,10,50.088,14.4208,6.62,14.7
4117242700,50.05469,14.513739,11,50.0406,14.5567,3.44,8.2
1645208396,50.133003,14.561981,11,50.0406,14.5567,10.28,22.6
1475162956,50.053021,14.409772,10,50.088,14.4208,3.97,9.7
569754444,50.08015,14.50873,11,50.0406,14.5567,5.57,12.7
3585950284,50.027535,14.449732,10,50.088,14.4208,7.03,17.0
129835852,50.024932,14.45142,10,50.088,14.4208,7.35,17.3
892678988,50.041123,14.447219,10,50.088,14.4208,5.54,14.4
1957483340,50.1376,14.520106,10,50.088,14.4208,8.98,18.1
2893947724,50.027897,14.363583,10,50.088,14.4208,7.83,18.4
1218634572,50.059193,14.283185,10,50.088,14.4208,10.33,22.7
3600409420,50.133003,14.561981,11,50.0406,14.5567,10.28,22.6
3354211148,50.127069,14.439322,10,50.088,14.4208,4.54,14.3
3497866060,50.09183,14.495081,10,50.088,14.4208,5.32,13.0
1293689676,50.035119,14.413791,10,50.088,14.4208,5.9,12.7
1203757900,50.062865,14.445625,10,50.088,14.4208,3.31,10.5
2798527308,50.094985,14.35685,10,50.088,14.4208,4.63,13.3
3576369996,50.069709,14.305023,10,50.088,14.4208,8.51,19.5
2550186828,50.057299,14.506161,11,50.0406,14.5567,4.06,9.9
2854040396,50.053021,14.409772,10,50.088,14.4208,3.97,9.7
3615306572,50.053497,14.454427,10,50.088,14.4208,4.53,13.3
4198245196,50.075392,14.449415,10,50.088,14.4208,2.48,9.1
1688417100,50.063639,14.473661,10,50.088,14.4208,4.64,14.9
899269452,50.034676,14.385566,10,50.088,14.4208,6.44,14.4
1566249804,50.029264,14.530814,11,50.0406,14.5567,2.24,6.2
2182079308,50.133003,14.561981,11,50.0406,14.5567,10.28,22.6
2716808012,50.079234,14.48321,10,50.088,14.4208,4.56,12.6
2753794892,50.046513,14.332432,10,50.088,14.4208,7.81,19.3
2066924108,50.059341,14.518225,11,50.0406,14.5567,3.45,8.6
3897500492,50.052037,14.330689,10,50.088,14.4208,7.57,19.8
2558403404,50.027897,14.363583,10,50.088,14.4208,7.83,18.4
811275084,50.126809,14.423477,10,50.088,14.4208,4.32,15.8
1711981388,50.13031,14.534612,10,50.088,14.4208,9.38,20.6
4254487116,50.043623,14.429328,10,50.088,14.4208,4.97,12.4
991519308,50.077869,14.301823,10,50.088,14.4208,8.56,18.9
724746828,50.059396,14.518216,11,50.0406,14.5567,3.45,8.6
2776150860,50.112217,14.475708,10,50.088,14.4208,4.75,10.9
2021532492,50.027897,14.363583,10,50.088,14.4208,7.83,18.4
3921072972,50.069402,14.433053,10,50.088,14.4208,2.25,8.5
2847355724,50.041462,14.567304,11,50.0406,14.5567,0.76,3.1
653615692,50.030838,14.368792,10,50.088,14.4208,7.36,18.1
1269449292,50.065759,14.506121,11,50.0406,14.5567,4.57,10.8
1195877196,50.106443,14.446144,10,50.088,14.4208,2.73,8.3
2252153676,50.079237,14.455604,10,50.088,14.4208,2.67,9.7
745153356,50.080471,14.485806,10,50.088,14.4208,4.71,12.8
1216226124,50.027897,14.363583,10,50.088,14.4208,7.83,18.4
1836983116,50.027897,14.363583,10,50.088,14.4208,7.83,18.4
273843020,50.077622,14.427633,10,50.088,14.4208,1.25,6.7
156181324,50.077299,14.417365,10,50.088,14.4208,1.21,5.5
1900745548,50.017897,14.462315,11,50.0406,14.5567,7.2,18.2
815588172,50.103482,14.511505,10,50.088,14.4208,6.7,14.6
4229772108,50.053021,14.409772,10,50.088,14.4208,3.97,9.7
3956917068,50.130577,14.549412,11,50.0406,14.5567,10.02,21.2
71115596,50.081177,14.445065,10,50.088,14.4208,1.89,7.6
958276428,50.053018,14.361812,10,50.088,14.4208,5.73,14.9
964567884,50.027897,14.363583,10,50.088,14.4208,7.83,18.4
1618879308,50.027897,14.363583,10,50.088,14.4208,7.83,18.4
1858220876,50.098145,14.35363,10,50.088,14.4208,4.92,13.3
276702028,50.027897,14.363583,10,50.088,14.4208,7.83,18.4
494805836,50.027897,14.363583,10,50.088,14.4208,7.83,18.4
2435023692,50.075369,14.440524,10,50.088,14.4208,1.99,8.5
1761010508,50.076667,14.416531,10,50.088,14.4208,1.3,5.7
3755684684,50.100488,14.432251,10,50.088,14.4208,1.61,5.9
2986537804,50.070415,14.399273,10,50.088,14.4208,2.49,9.0
81634124,50.08399,14.309819,10,50.088,14.4208,7.93,18.2
159261516,50.027897,14.363583,10,50.088,14.4208,7.83,18.4
2560242508,50.080442,14.459761,10,50.088,14.4208,2.9,9.2
1457721932,50.085921,14.33339,10,50.088,14.4208,6.24,14.2
3596731212,50.077722,14.423346,10,50.088,14.4208,1.16,6.4
2712154956,50.086835,14.445433,10,50.088,14.4208,1.76,6.9
4087161676,50.070087,14.314229,10,50.088,14.4208,7.86,17.9
1123734092,50.074419,14.444178,10,50.088,14.4208,2.25,9.4
3083391820,50.03272,14.589287,11,50.0406,14.5567,2.49,6.1
2843616076,50.027897,14.363583,10,50.088,14.4208,7.83,18.4
1400775500,50.027897,14.363583,10,50.088,14.4208,7.83,18.4
2840269644,50.105321,14.540325,11,50.0406,14.5567,7.29,17.4
2595148620,50.054023,14.41956,10,50.088,14.4208,3.78,10.4
1572655948,50.071718,14.389139,10,50.088,14.4208,2.9,10.3
3601347404,50.086835,14.445433,10,50.088,14.4208,1.76,6.9
2502763340,50.094226,14.499879,10,50.088,14.4208,5.68,13.0
796795724,50.027897,14.363583,10,50.088,14.4208,7.83,18.4
1932997452,50.060827,14.381431,10,50.088,14.4208,4.13,11.2
3596751436,50.030432,14.375047,10,50.088,14.4208,7.19,16.3
3142771532,50.060036,14.419783,10,50.088,14.4208,3.11,8.1
159040332,50.164137,14.525974,10,50.088,14.4208,11.31,21.5
2301371212,50.037046,14.397628,10,50.088,14.4208,5.9,14.2
1198998092,50.047402,14.448075,10,50.088,14.4208,4.92,13.7
3030307660,50.079104,14.427166,10,50.088,14.4208,1.09,7.9
2229580620,50.116885,14.474712,10,50.088,14.4208,5.01,12.7
3336614732,50.036015,14.480887,11,50.0406,14.5567,5.44,12.1
3255874380,50.036015,14.480887,11,50.0406,14.5567,5.44,12.1
1060025164,50.036015,14.480887,11,50.0406,14.5567,5.44,12.1
1362015052,50.036015,14.480887,11,50.0406,14.5567,5.44,12.1
948171596,50.075082,14.491419,10,50.088,14.4208,5.24,14.1
877175628,50.092545,14.37175,10,50.088,14.4208,3.54,10.5
400601932,50.036015,14.480887,11,50.0406,14.5567,5.44,12.1
839955276,50.036015,14.480887,11,50.0406,14.5567,5.44,12.1
3643716428,50.036015,14.480887,11,50.0406,14.5567,5.44,12.1
3157177164,50.036015,14.480887,11,50.0406,14.5567,5.44,12.1
863904588,50.027897,14.363583,10,50.088,14.4208,7.83,18.4
2742952780,50.027897,14.363583,10,50.088,14.4208,7.83,18.4
2675843916,50.027897,14.363583,10,50.088,14.4208,7.83,18.4
2373854028,50.027897,14.363583,10,50.088,14.4208,7.83,18.4
1551770444,50.027897,14.363583,10,50.088,14.4208,7.83,18.4
3179160396,50.027897,14.363583,10,50.088,14.4208,7.83,18.4
2457740108,50.027897,14.363583,10,50.088,14.4208,7.83,18.4
3195937612,50.027897,14.363583,10,50.088,14.4208,7.83,18.4
3732808524,50.027897,14.363583,10,50.088,14.4208,7.83,18.4
3505333068,50.103828,14.443717,10,50.088,14.4208,2.4,6.5
2350461772,50.098249,14.393312,10,50.088,14.4208,2.27,7.7
3242820172,50.111547,14.464132,10,50.088,14.4208,4.05,10.9
860824396,50.055874,14.44942,10,50.088,14.4208,4.11,11.6
2220827468,50.100318,14.434483,10,50.088,14.4208,1.68,6.5
3914883660,50.077869,14.301823,10,50.088,14.4208,8.56,18.9
2366034764,50.080646,14.430993,10,50.088,14.4208,1.09,7.8
2951856972,50.144569,14.575733,11,50.0406,14.5567,11.64,26.3
2854339404,50.107477,14.475103,10,50.088,14.4208,4.44,10.9
4019098444,50.078146,14.458503,10,50.088,14.4208,2.9,9.8
51979084,50.046899,14.463115,10,50.088,14.4208,5.48,14.4
1012409164,50.140649,14.520754,10,50.088,14.4208,9.22,17.6
831005516,50.064208,14.424548,10,50.088,14.4208,2.66,8.0
1065599820,50.053686,14.489533,11,50.0406,14.5567,5.01,10.7
3136475980,50.09512,14.509148,10,50.088,14.4208,6.35,15.3
3335643980,50.109676,14.473975,10,50.088,14.4208,4.49,10.9
2918539852,50.086862,14.450354,10,50.088,14.4208,2.11,7.4
2647057228,50.071453,14.408455,10,50.088,14.4208,2.04,7.3
3645383500,50.082184,14.452298,10,50.088,14.4208,2.34,9.0
3624088396,50.104045,14.515835,10,50.088,14.4208,7.01,14.5
599466828,50.053021,14.409772,10,50.088,14.4208,3.97,9.7
2727945036,50.08093,14.458507,10,50.088,14.4208,2.8,10.1
3851871052,50.063886,14.409646,10,50.088,14.4208,2.8,8.7
3013157708,50.085389,14.41611,10,50.088,14.4208,0.44,4.0
2898539340,50.020796,14.579322,11,50.0406,14.5567,2.73,6.6
1927258956,50.029918,14.607205,11,50.0406,14.5567,3.8,9.0
1456022348,50.104896,14.458312,10,50.088,14.4208,3.27,8.9
1194922828,50.072369,14.439642,10,50.088,14.4208,2.2,9.8
3818177356,50.075456,14.438059,10,50.088,14.4208,1.86,8.7
1479721548,50.059346,14.518245,11,50.0406,14.5567,3.45,8.6
2052612684,50.077869,14.301823,10,50.088,14.4208,8.56,18.9
3577226060,50.08163,14.556377,11,50.0406,14.5567,4.56,15.4
3513660236,49.972731,14.392436,10,50.088,14.4208,12.98,20.6
2584355660,50.005801,14.406441,10,50.088,14.4208,9.2,18.1
2067411788,50.042233,14.559549,11,50.0406,14.5567,0.27,2.7
2190816076,50.103018,14.58067,11,50.0406,14.5567,7.15,20.9
1752023884,50.092355,14.482957,10,50.088,14.4208,4.46,12.3
2326606668,50.073403,14.414506,10,50.088,14.4208,1.68,5.6
1466839884,49.972731,14.392436,10,50.088,14.4208,12.98,20.6
4040479564,49.974074,14.394288,10,50.088,14.4208,12.81,21.0
2074948428,50.073403,14.414506,10,50.088,14.4208,1.68,5.6
95736652,49.974074,14.394288,10,50.088,14.4208,12.81,21.0
401851212,49.97385,14.393259,10,50.088,14.4208,12.84,20.4
2227553100,49.974074,14.394288,10,50.088,14.4208,12.81,21.0
2720604748,50.091756,14.323959,10,50.088,14.4208,6.92,15.9
1184506700,50.036096,14.48035,11,50.0406,14.5567,5.48,12.0
3616154444,50.051388,14.329693,10,50.088,14.4208,7.67,19.2
1686520396,50.030432,14.375047,10,50.088,14.4208,7.19,16.3
1414477132,50.030432,14.375047,10,50.088,14.4208,7.19,16.3
99279692,50.001595,14.354712,10,50.088,14.4208,10.7,23.2
384713292,50.037837,14.329183,10,50.088,14.4208,8.6,19.2
3669279564,50.06763,14.55604,11,50.0406,14.5567,3.01,9.3
2565481292,50.055425,14.381662,10,50.088,14.4208,4.57,12.8
841556556,50.091756,14.323959,10,50.088,14.4208,6.92,15.9
2653209420,50.05567,14.514569,11,50.0406,14.5567,3.44,8.4
3795325772,50.079237,14.455604,10,50.088,14.4208,2.67,9.7
1560945484,50.05591,14.350141,10,50.088,14.4208,6.18,16.7
1625981772,50.057732,14.561535,11,50.0406,14.5567,1.94,5.9
1313456972,50.106958,14.510207,10,50.088,14.4208,6.72,16.2
2536121164,50.070852,14.444813,10,50.088,14.4208,2.56,12.3
643441484,50.103975,14.50814,10,50.088,14.4208,6.48,13.7
3005817420,50.091756,14.323959,10,50.088,14.4208,6.92,15.9
4172194636,50.0855,14.5603,11,50.0406,14.5567,5.0,16.4
3122852684,50.023168,14.511565,11,50.0406,14.5567,3.76,8.3
3518702412,50.053021,14.409772,10,50.088,14.4208,3.97,9.7
791360332,50.070223,14.67896,11,50.0406,14.5567,9.33,20.1
1504387916,50.053021,14.409772,10,50.088,14.4208,3.97,9.7
212542284,50.053021,14.409772,10,50.088,14.4208,3.97,9.7
4257948492,50.053021,14.409772,10,50.088,14.4208,3.97,9.7
2494243660,50.053021,14.409772,10,50.088,14.4208,3.97,9.7
936059724,50.053021,14.409772,10,50.088,14.4208,3.97,9.7
634069836,50.053021,14.409772,10,50.088,14.4208,3.97,9.7
1459299148,50.053021,14.409772,10,50.088,14.4208,3.97,9.7
3706397516,50.103406,14.584997,11,50.0406,14.5567,7.27,20.9
3010040396,50.021362,14.423548,10,50.088,14.4208,7.41,16.8
3361420108,50.033129,14.502145,11,50.0406,14.5567,3.98,8.4
3924894540,50.033343,14.520066,11,50.0406,14.5567,2.74,6.8
1591923532,50.087331,14.451141,10,50.088,14.4208,2.17,7.6
1875972940,50.041712,14.569643,11,50.0406,14.5567,0.93,3.8
2427577164,50.033006,14.61097,11,50.0406,14.5567,3.97,9.2
247055180,50.09896,14.42505,10,50.088,14.4208,1.26,5.6
2852246348,50.087331,14.451141,10,50.088,14.4208,2.17,7.6
2790990668,50.053021,14.409772,10,50.088,14.4208,3.97,9.7
3564839756,50.071754,14.389128,10,50.088,14.4208,2.89,10.3
2611098444,50.104045,14.515835,10,50.088,14.4208,7.01,14.5
1685791564,50.057241,14.422148,10,50.088,14.4208,3.42,9.1
2359571276,50.066853,14.461345,10,50.088,14.4208,3.73,12.5
2463486796,50.073413,14.39587,10,50.088,14.4208,2.41,10.1
1874400076,50.083549,14.434141,10,50.088,14.4208,1.07,8.2
3084956492,50.036015,14.480887,11,50.0406,14.5567,5.44,12.1
34648908,50.036015,14.480887,11,50.0406,14.5567,5.44,12.1
774812492,50.036015,14.480887,11,50.0406,14.5567,5.44,12.1
2200875852,50.036015,14.480887,11,50.0406,14.5567,5.44,12.1
3634053708,50.114339,14.507672,10,50.088,14.4208,6.85,14.0
3838063436,50.087317,14.451085,10,50.088,14.4208,2.16,7.6
2983871052,50.136203,14.505888,10,50.088,14.4208,8.1,16.7
3033211724,50.070295,14.49294,10,50.088,14.4208,5.51,15.5
2636133196,50.077279,14.441618,10,50.088,14.4208,1.9,8.4
2851156812,50.102303,14.551362,11,50.0406,14.5567,6.87,17.3
219034444,50.014654,14.438012,10,50.088,14.4208,8.25,19.1
918827852,50.081035,14.574839,11,50.0406,14.5567,4.68,14.3
809358156,50.12438,14.487838,10,50.088,14.4208,6.26,14.9
2850931532,50.076217,14.345958,10,50.088,14.4208,5.5,13.8
4010160972,50.070295,14.49294,10,50.088,14.4208,5.51,15.5
879768396,50.045246,14.524301,11,50.0406,14.5567,2.37,9.3
4275053388,50.03368,14.519237,11,50.0406,14.5567,2.78,6.8
1749168972,50.027864,14.515484,11,50.0406,14.5567,3.27,8.2
1735054156,50.108701,14.621275,11,50.0406,14.5567,8.86,20.0
3602920268,50.042666,14.457544,10,50.088,14.4208,5.68,14.2
3451831116,50.073273,14.429254,10,50.088,14.4208,1.75,8.5
367407948,50.07714,14.50287,11,50.0406,14.5567,5.59,13.6
201732940,50.070295,14.49294,10,50.088,14.4208,5.51,15.5
3180520268,50.141943,14.506967,10,50.088,14.4208,8.59,16.5
806675276,50.057506,14.283324,10,50.088,14.4208,10.38,21.9
3368039244,50.054659,14.309916,10,50.088,14.4208,8.74,19.6
3358004044,50.047554,14.300726,10,50.088,14.4208,9.68,22.7
3890623308,50.082786,14.466821,10,50.088,14.4208,3.33,12.4
2735133516,50.123635,14.4525,10,50.088,14.4208,4.56,12.4
3294413644,50.133805,14.507184,10,50.088,14.4208,7.99,17.4
3481350988,50.120704,14.491086,10,50.088,14.4208,6.19,15.9
3842585420,50.10415,14.512931,10,50.088,14.4208,6.81,14.2
2098410316,50.089696,14.419237,10,50.088,14.4208,0.22,0.6
1162335052,50.035514,14.380168,10,50.088,14.4208,6.52,15.3
2597126732,50.062925,14.327451,10,50.088,14.4208,7.22,18.4
3119788876,50.092576,14.432178,10,50.088,14.4208,0.96,4.6
2678793036,50.019266,14.58224,11,50.0406,14.5567,2.99,6.8
2431005516,50.067993,14.421197,10,50.088,14.4208,2.22,8.0
85594956,50.047763,14.464249,10,50.088,14.4208,5.44,14.1
943797068,50.064443,14.452513,10,50.088,14.4208,3.46,10.7
3329373004,50.087336,14.482794,10,50.088,14.4208,4.42,12.2
1773568844,50.014832,14.582965,11,50.0406,14.5567,3.42,8.2
2188428108,50.087336,14.482794,10,50.088,14.4208,4.42,12.2
611721804,50.098872,14.354552,10,50.088,14.4208,4.88,13.3
2840474444,50.009271,14.465219,11,50.0406,14.5567,7.41,16.1
2907231052,50.060376,14.496966,11,50.0406,14.5567,4.8,11.1
1296704076,50.054807,14.489329,11,50.0406,14.5567,5.06,11.0
133173836,50.067548,14.554192,11,50.0406,14.5567,3.0,9.0
2202088268,50.104467,14.567068,11,50.0406,14.5567,7.14,18.9
2974266188,50.088538,14.468613,10,50.088,14.4208,3.41,10.8
3462607692,50.082859,14.360329,10,50.088,14.4208,4.35,11.6
2717135692,50.029746,14.449704,10,50.088,14.4208,6.8,17.0
2418152268,50.103103,14.575408,11,50.0406,14.5567,7.08,20.1
3679859532,50.114385,14.615422,11,50.0406,14.5567,9.21,21.7
2651272012,50.12438,14.487838,10,50.088,14.4208,6.26,14.9
3834721100,50.053021,14.409772,10,50.088,14.4208,3.97,9.7
2232881996,50.124008,14.485783,10,50.088,14.4208,6.12,14.4
2240992076,50.086919,14.502014,10,50.088,14.4208,5.8,14.9
453391180,50.122147,14.423425,10,50.088,14.4208,3.8,15.0
4135007052,50.065525,14.37805,10,50.088,14.4208,3.94,12.3
1170289484,50.053021,14.409772,10,50.088,14.4208,3.97,9.7
2411475788,50.087391,14.405759,10,50.088,14.4208,1.08,5.0
140448588,50.1201,14.4767,10,50.088,14.4208,5.35,13.4
3048223564,50.035356,14.374903,10,50.088,14.4208,6.71,16.0
2931897164,50.081035,14.574839,11,50.0406,14.5567,4.68,14.3
2637968204,50.071803,14.478214,10,50.088,14.4208,4.48,13.2
2877354828,50.106633,14.566503,11,50.0406,14.5567,7.38,18.3
41866060,50.09874,14.424777,10,50.088,14.4208,1.23,5.6
291844940,50.093195,14.460804,10,50.088,14.4208,2.91,9.3
2776994636,50.09874,14.424777,10,50.088,14.4208,1.23,5.6
752128844,50.009271,14.465219,11,50.0406,14.5567,7.41,16.1
3162583884,50.053021,14.409772,10,50.088,14.4208,3.97,9.7
2924577612,50.024147,14.521379,11,50.0406,14.5567,3.12,7.6
1280492364,50.135662,14.477259,10,50.088,14.4208,6.66,15.1
2972463948,50.10297,14.5706,11,50.0406,14.5567,7.01,19.7
4214059596,50.055584,14.45027,10,50.088,14.4208,4.17,12.9
1195782988,50.088019,14.459814,10,50.088,14.4208,2.78,9.0
3935093580,50.059,14.2828,10,50.088,14.4208,10.36,22.6
3122266700,50.087027,14.397043,10,50.088,14.4208,1.7,6.5
425866060,50.087336,14.482794,10,50.088,14.4208,4.42,12.2
3469488972,50.020877,14.457051,11,50.0406,14.5567,7.45,16.3
1539978060,50.043312,14.31251,10,50.088,14.4208,9.19,21.1
3177591628,50.072334,14.443272,10,50.088,14.4208,2.37,9.1
1408316236,50.053021,14.409772,10,50.088,14.4208,3.97,9.7
1952465484,50.105057,14.56128,11,50.0406,14.5567,7.17,17.6
2633560908,50.032267,14.538614,11,50.0406,14.5567,1.59,5.2
3192767308,50.041763,14.503015,11,50.0406,14.5567,3.84,10.7
2461872972,50.111321,14.510686,10,50.088,14.4208,6.92,14.0
1771909964,50.024347,14.433027,10,50.088,14.4208,7.13,16.9
194327372,50.027754,14.450596,10,50.088,14.4208,7.03,16.9
3048592204,50.07113,14.35127,10,50.088,14.4208,5.3,15.8
2420519756,50.060376,14.496966,11,50.0406,14.5567,4.8,11.1
2884645708,50.102458,14.506999,10,50.088,14.4208,6.36,13.1
333525836,50.053021,14.409772,10,50.088,14.4208,3.97,9.7
2952590156,50.03291,14.509196,11,50.0406,14.5567,3.5,8.1
4116656972,50.037684,14.59111,11,50.0406,14.5567,2.48,5.4
4286985036,50.142226,14.576962,11,50.0406,14.5567,11.39,26.6
3212952396,50.075644,14.407861,10,50.088,14.4208,1.66,6.6
3450365260,50.075019,14.326279,10,50.088,14.4208,6.9,15.4
2448503628,50.056402,14.468061,10,50.088,14.4208,4.87,13.6
1860748108,50.139336,14.480608,10,50.088,14.4208,7.13,15.8
59134540,50.070616,14.457629,10,50.088,14.4208,3.26,12.0
778318668,50.031465,14.36308,10,50.088,14.4208,7.52,18.7
3571806796,50.090478,14.429967,10,50.088,14.4208,0.71,3.8
1426834252,50.03754,14.375855,10,50.088,14.4208,6.46,16.4
1692001100,50.052817,14.490288,11,50.0406,14.5567,4.93,10.5
2330014540,50.053021,14.409772,10,50.088,14.4208,3.97,9.7
900449100,50.134765,14.383579,10,50.088,14.4208,5.84,14.5
4205634380,50.076212,14.368212,10,50.088,14.4208,3.97,13.0
1000682316,50.029372,14.361618,10,50.088,14.4208,7.77,18.4
1538638668,50.126375,14.458979,10,50.088,14.4208,5.06,13.8
3041276748,50.109502,14.518596,10,50.088,14.4208,7.37,14.2
3764859724,50.07629,14.416727,10,50.088,14.4208,1.33,5.4
2950771532,50.053021,14.409772,10,50.088,14.4208,3.97,9.7
131347276,50.074942,14.486547,10,50.088,14.4208,4.91,13.2
352137804,50.101106,14.418875,10,50.088,14.4208,1.46,11.6
1252340556,50.029372,14.361618,10,50.088,14.4208,7.77,18.4
1974874956,50.088916,14.496143,10,50.088,14.4208,5.38,14.2
8860492,50.077714,14.443818,10,50.088,14.4208,2.0,8.9
2317366092,50.033662,14.477782,11,50.0406,14.5567,5.69,13.2
1939661644,50.087858,14.414584,10,50.088,14.4208,0.44,2.5
2762805836,50.100641,14.435502,10,50.088,14.4208,1.75,6.1
1751372620,50.091063,14.429793,10,50.088,14.4208,0.73,2.9
1364710220,50.044899,14.466106,10,50.088,14.4208,5.78,14.3
235811660,50.014654,14.438012,10,50.088,14.4208,8.25,19.1
70169420,50.012008,14.412961,10,50.088,14.4208,8.47,18.9
1085616972,50.134765,14.383579,10,50.088,14.4208,5.84,14.5
3889574732,50.129284,14.466062,10,50.088,14.4208,5.61,14.9
2203116364,50.103922,14.487589,10,50.088,14.4208,5.08,11.2
4113576780,50.03675,14.515338,11,50.0406,14.5567,2.98,7.4
688993100,50.053021,14.409772,10,50.088,14.4208,3.97,9.7
3697423180,50.087336,14.482794,10,50.088,14.4208,4.42,12.2
1595093836,50.128569,14.502092,10,50.088,14.4208,7.35,15.8
4026282828,50.140226,14.548353,10,50.088,14.4208,10.79,22.4
3742249804,50.014654,14.438012,10,50.088,14.4208,8.25,19.1
3574219340,50.039147,14.321255,10,50.088,14.4208,8.94,19.9
2729784140,50.030185,14.361911,10,50.088,14.4208,7.68,18.6
3804689228,50.058925,14.451329,10,50.088,14.4208,3.9,11.1
3034002252,50.013393,14.582934,11,50.0406,14.5567,3.56,8.3
3798651724,50.072334,14.34755,10,50.088,14.4208,5.51,15.9
235090764,50.116689,14.474438,10,50.088,14.4208,4.98,12.6
1480340300,50.036885,14.342352,10,50.088,14.4208,7.98,20.7
3275633484,50.036313,14.409163,10,50.088,14.4208,5.81,12.9
1663505740,50.079549,14.4054,10,50.088,14.4208,1.45,6.8
2284598092,50.071803,14.478214,10,50.088,14.4208,4.48,13.2
4035392332,50.077714,14.443818,10,50.088,14.4208,2.0,8.9
3303596876,50.052817,14.490288,11,50.0406,14.5567,4.93,10.5
1083294540,50.093713,14.498385,10,50.088,14.4208,5.57,12.6
2820879180,50.057737,14.284207,10,50.088,14.4208,10.31,22.1
3809358668,50.014654,14.438012,10,50.088,14.4208,8.25,19.1
2074358604,50.121446,14.494134,10,50.088,14.4208,6.42,15.1
2338148940,50.021512,14.42358,10,50.088,14.4208,7.4,16.8
3541087052,50.036015,14.480887,11,50.0406,14.5567,5.44,12.1
3996037964,50.036015,14.480887,11,50.0406,14.5567,5.44,12.1
3868475980,50.094586,14.455772,10,50.088,14.4208,2.6,8.2
4005770060,50.083549,14.434141,10,50.088,14.4208,1.07,8.2
1698444108,50.064391,14.465387,10,50.088,14.4208,4.12,12.4
2003411788,50.081035,14.574839,11,50.0406,14.5567,4.68,14.3
1960883020,50.036015,14.480887,11,50.0406,14.5567,5.44,12.1
4083766860,50.055409,14.382576,10,50.088,14.4208,4.54,13.2
23425612,50.034438,14.479721,11,50.0406,14.5567,5.54,11.7
582824780,50.111321,14.510686,10,50.088,14.4208,6.92,14.0
3415909196,50.081035,14.574839,11,50.0406,14.5567,4.68,14.3
2279650124,50.036015,14.480887,11,50.0406,14.5567,5.44,12.1
234926924,50.013338,14.582913,11,50.0406,14.5567,3.56,8.3
539931468,50.036015,14.480887,11,50.0406,14.5567,5.44,12.1
2952090188,50.139446,14.510663,10,50.088,14.4208,8.59,16.9
2166997836,50.102499,14.398632,10,50.088,14.4208,2.26,8.7
645706572,50.012008,14.412961,10,50.088,14.4208,8.47,18.9
3782329164,50.057186,14.55366,11,50.0406,14.5567,1.86,7.8
3232866892,50.067825,14.456716,10,50.088,14.4208,3.41,11.7
111096652,50.07491,14.415019,10,50.088,14.4208,1.51,6.5
1923035980,50.126567,14.495694,10,50.088,14.4208,6.85,15.2
2725860940,50.055409,14.382576,10,50.088,14.4208,4.54,13.2
2782966604,50.036015,14.480887,11,50.0406,14.5567,5.44,12.1
1880142668,50.036015,14.480887,11,50.0406,14.5567,5.44,12.1
2418979660,50.036015,14.480887,11,50.0406,14.5567,5.44,12.1
1941021260,50.067825,14.456716,10,50.088,14.4208,3.41,11.7
1177498444,50.071767,14.484943,10,50.088,14.4208,4.92,13.7
3289330252,50.062925,14.327451,10,50.088,14.4208,7.22,18.4
746701644,50.075644,14.407861,10,50.088,14.4208,1.66,6.6
3987264332,50.092585,14.455528,10,50.088,14.4208,2.53,7.6
542061388,50.094226,14.499879,10,50.088,14.4208,5.68,13.0
155886412,50.076822,14.433805,10,50.088,14.4208,1.55,8.3
1779479372,50.036015,14.480887,11,50.0406,14.5567,5.44,12.1
1208611660,50.062925,14.327451,10,50.088,14.4208,7.22,18.4
3667407692,50.046929,14.434498,10,50.088,14.4208,4.67,12.5
3276464972,49.972595,14.431899,11,50.0406,14.5567,11.69,24.2
640213836,50.126572,14.503907,10,50.088,14.4208,7.32,15.8
968373068,50.083254,14.575931,11,50.0406,14.5567,4.94,14.7
1114751820,50.089035,14.379072,10,50.088,14.4208,2.98,10.5
4208579404,50.103618,14.525464,11,50.0406,14.5567,7.35,15.3
4071109452,50.086835,14.445433,10,50.088,14.4208,1.76,6.9
1096151884,50.034617,14.507051,11,50.0406,14.5567,3.61,8.2
1582887756,50.070506,14.477118,10,50.088,14.4208,4.46,13.9
1025319756,50.103975,14.50814,10,50.088,14.4208,6.48,13.7
1967067980,50.029889,14.505243,11,50.0406,14.5567,3.86,8.6
2948150092,50.067762,14.465409,10,50.088,14.4208,3.9,13.1
4072919884,50.081809,14.310337,10,50.088,14.4208,7.91,18.0
2162615116,50.10169,14.418242,10,50.088,14.4208,1.53,5.2
3690779468,50.1201,14.4767,10,50.088,14.4208,5.35,13.4
2479502156,50.060179,14.396035,10,50.088,14.4208,3.56,11.9
4293538636,50.052441,14.503181,11,50.0406,14.5567,4.04,9.5
3124376396,50.056402,14.468061,10,50.088,14.4208,4.87,13.6
339678028,50.04706,14.302664,10,50.088,14.4208,9.58,22.2
89797452,50.012856,14.42506,10,50.088,14.4208,8.36,18.7
1211044684,50.067548,14.554192,11,50.0406,14.5567,3.0,9.0
3986371404,50.045024,14.403798,10,50.088,14.4208,4.93,12.2
997004108,50.074571,14.408457,10,50.088,14.4208,1.73,6.1
3846116172,50.029889,14.505243,11,50.0406,14.5567,3.86,8.6
2294674252,50.088595,14.466967,10,50.088,14.4208,3.29,9.9
1757803340,50.088145,14.463867,10,50.088,14.4208,3.07,10.4
2698720076,50.081748,14.557925,11,50.0406,14.5567,4.58,14.8
3833262924,50.071508,14.385195,10,50.088,14.4208,3.13,12.4
1461703500,50.1201,14.4767,10,50.088,14.4208,5.35,13.4
1564160844,50.071508,14.385195,10,50.088,14.4208,3.13,12.4
38785868,50.1201,14.4767,10,50.088,14.4208,5.35,13.4
3261846348,50.071508,14.385195,10,50.088,14.4208,3.13,12.4
2308154188,50.089688,14.384326,10,50.088,14.4208,2.61,8.5
3891999564,50.0447,14.500784,11,50.0406,14.5567,4.02,11.5
1653916492,50.093658,14.518182,11,50.0406,14.5567,6.51,14.8
4186227532,50.014654,14.438012,10,50.088,14.4208,8.25,19.1
864338764,50.014654,14.438012,10,50.088,14.4208,8.25,19.1
3545969484,50.085493,14.420963,10,50.088,14.4208,0.28,4.2
3498361676,50.014654,14.438012,10,50.088,14.4208,8.25,19.1
2209661772,50.014654,14.438012,10,50.088,14.4208,8.25,19.1
2662646604,50.014654,14.438012,10,50.088,14.4208,8.25,19.1
2259993420,50.014654,14.438012,10,50.088,14.4208,8.25,19.1
2527380300,50.014654,14.438012,10,50.088,14.4208,8.25,19.1
2748629836,50.014654,14.438012,10,50.088,14.4208,8.25,19.1
2831467340,50.014654,14.438012,10,50.088,14.4208,8.25,19.1
1056228172,50.014654,14.438012,10,50.088,14.4208,8.25,19.1
3975463756,50.014654,14.438012,10,50.088,14.4208,8.25,19.1
1824834380,50.014654,14.438012,10,50.088,14.4208,8.25,19.1
1693762380,50.014654,14.438012,10,50.088,14.4208,8.25,19.1
2534720332,50.014654,14.438012,10,50.088,14.4208,8.25,19.1
1745142604,50.014654,14.438012,10,50.088,14.4208,8.25,19.1
1340392268,50.078515,14.424053,10,50.088,14.4208,1.08,6.6
4197761868,50.014654,14.438012,10,50.088,14.4208,8.25,19.1
3659842380,50.014654,14.438012,10,50.088,14.4208,8.25,19.1
2969879372,50.014654,14.438012,10,50.088,14.4208,8.25,19.1
774161228,50.014654,14.438012,10,50.088,14.4208,8.25,19.1
3257189196,50.014654,14.438012,10,50.088,14.4208,8.25,19.1
3055862604,50.014654,14.438012,10,50.088,14.4208,8.25,19.1
3575956300,50.014654,14.438012,10,50.088,14.4208,8.25,19.1
1796072268,50.070818,14.458851,10,50.088,14.4208,3.32,11.3
1981150028,50.079598,14.62505,11,50.0406,14.5567,6.53,15.1
1718928204,50.100459,14.5349,11,50.0406,14.5567,6.84,17.1
3198534476,50.093658,14.518182,11,50.0406,14.5567,6.51,14.8
2493891404,50.014654,14.438012,10,50.088,14.4208,8.25,19.1
2963653452,50.014654,14.438012,10,50.088,14.4208,8.25,19.1
3181757260,50.014654,14.438012,10,50.088,14.4208,8.25,19.1
1861600076,50.014654,14.438012,10,50.088,14.4208,8.25,19.1
4274373452,50.014654,14.438012,10,50.088,14.4208,8.25,19.1
2177221452,50.014654,14.438012,10,50.088,14.4208,8.25,19.1
1911931724,50.081748,14.557925,11,50.0406,14.5567,4.58,14.8
3337995084,50.014654,14.438012,10,50.088,14.4208,8.25,19.1
4212507468,50.014654,14.438012,10,50.088,14.4208,8.25,19.1
4071871052,50.034392,14.590517,11,50.0406,14.5567,2.51,6.5
2170405708,50.100488,14.432251,10,50.088,14.4208,1.61,5.9
3653092172,50.055584,14.45027,10,50.088,14.4208,4.17,12.9
3643261772,50.111819,14.471991,10,50.088,14.4208,4.51,10.8
2728452940,50.078607,14.422986,10,50.088,14.4208,1.06,6.8
881636172,50.012008,14.412961,10,50.088,14.4208,8.47,18.9
3196568396,50.103542,14.515822,10,50.088,14.4208,6.99,14.7
1684648780,50.089433,14.404943,10,50.088,14.4208,1.14,4.6
4184855372,50.139419,14.51528,10,50.088,14.4208,8.84,17.7
1177867084,50.108563,14.593117,11,50.0406,14.5567,7.99,20.0
2386527052,50.045316,14.48639,11,50.0406,14.5567,5.05,12.1
1747895116,50.106472,14.565395,11,50.0406,14.5567,7.35,18.2
1973928780,50.080291,14.414353,10,50.088,14.4208,0.97,4.3
3199320908,50.06259,14.438405,10,50.088,14.4208,3.09,10.2
198296396,50.035295,14.419477,10,50.088,14.4208,5.86,14.0
3520185164,50.035295,14.419477,10,50.088,14.4208,5.86,14.0
985056076,50.044184,14.459788,10,50.088,14.4208,5.61,16.1
4140155468,50.074928,14.456047,10,50.088,14.4208,2.9,10.0
645514060,50.014978,14.437129,10,50.088,14.4208,8.2,19.3
343851852,50.095062,14.54551,11,50.0406,14.5567,6.11,15.5
4196516684,49.983134,14.363124,10,50.088,14.4208,12.37,22.0
3987915596,50.056402,14.468061,10,50.088,14.4208,4.87,13.6
828490572,50.069197,14.343894,10,50.088,14.4208,5.87,15.8
896041804,50.056493,14.290316,10,50.088,14.4208,9.95,21.3
1757659980,50.100976,14.450162,10,50.088,14.4208,2.54,7.5
1460949580,50.088145,14.463867,10,50.088,14.4208,3.07,10.4
4184064844,50.014654,14.438012,10,50.088,14.4208,8.25,19.1
2592916300,50.088753,14.304519,10,50.088,14.4208,8.3,18.7
3303261004,50.04689,14.493083,11,50.0406,14.5567,4.6,12.4
3328426828,50.014654,14.438012,10,50.088,14.4208,8.25,19.1
2847720268,50.014978,14.437129,10,50.088,14.4208,8.2,19.3
3968648012,50.014654,14.438012,10,50.088,14.4208,8.25,19.1
2576139084,50.014654,14.438012,10,50.088,14.4208,8.25,19.1
2328413004,50.080553,14.487279,10,50.088,14.4208,4.81,12.9
2209137484,50.014978,14.437129,10,50.088,14.4208,8.2,19.3
3201090380,50.014978,14.437129,10,50.088,14.4208,8.2,19.3
883737420,50.035818,14.380459,10,50.088,14.4208,6.48,15.4
3420242764,50.014978,14.437129,10,50.088,14.4208,8.2,19.3
2933703500,50.014978,14.437129,10,50.088,14.4208,8.2,19.3
380420940,50.014978,14.437129,10,50.088,14.4208,8.2,19.3
455336780,50.033139,14.524001,11,50.0406,14.5567,2.48,5.9
2959721292,50.014978,14.437129,10,50.088,14.4208,8.2,19.3
102548300,50.053101,14.50719,11,50.0406,14.5567,3.8,8.6
2651636556,50.053101,14.50719,11,50.0406,14.5567,3.8,8.6
3695477580,50.053428,14.348179,10,50.088,14.4208,6.45,16.8
778879820,50.053242,14.334651,10,50.088,14.4208,7.26,17.9
2607596364,50.101215,14.45024,10,50.088,14.4208,2.56,7.5
4155360076,50.099493,14.471977,10,50.088,14.4208,3.87,8.9
1404379980,50.073086,14.430916,10,50.088,14.4208,1.81,9.3
1481986636,50.080326,14.4355,10,50.088,14.4208,1.35,8.6
2069766988,50.084264,14.445769,10,50.088,14.4208,1.83,8.1
3276653388,50.014065,14.413357,10,50.088,14.4208,8.24,19.3
4097368908,50.060923,14.500095,11,50.0406,14.5567,4.63,11.5
3432956748,50.067061,14.456188,10,50.088,14.4208,3.43,11.5
1232372556,50.036961,14.375899,10,50.088,14.4208,6.52,16.5
2338890572,50.077835,14.441466,10,50.088,14.4208,1.86,8.7
3536905036,50.1201,14.4767,10,50.088,14.4208,5.35,13.4
600892236,50.1201,14.4767,10,50.088,14.4208,5.35,13.4
349233996,50.1201,14.4767,10,50.088,14.4208,5.35,13.4
3040789324,50.067558,14.399556,10,50.088,14.4208,2.73,8.5
975881036,50.126085,14.432398,10,50.088,14.4208,4.31,15.4
1201324876,50.014978,14.437129,10,50.088,14.4208,8.2,19.3
3693646668,50.093022,14.443644,10,50.088,14.4208,1.72,6.2
2249179980,50.103301,14.524847,11,50.0406,14.5567,7.33,15.4
3911000908,50.071981,14.446803,10,50.088,14.4208,2.57,9.5
3642659660,50.092422,14.434408,10,50.088,14.4208,1.09,4.3
272155468,50.041692,14.390211,10,50.088,14.4208,5.59,16.4
2918171468,50.066536,14.553278,11,50.0406,14.5567,2.89,8.4
697877324,50.071816,14.462532,10,50.088,14.4208,3.48,11.9
640996172,50.108563,14.593117,11,50.0406,14.5567,7.99,20.0
1524155212,50.020984,14.452477,11,50.0406,14.5567,7.76,17.3
2415444812,50.103542,14.515822,10,50.088,14.4208,6.99,14.7
1630126924,50.085869,14.563037,11,50.0406,14.5567,5.05,15.6
1577112396,50.124954,14.376191,10,50.088,14.4208,5.2,12.7
2282275660,49.965599,14.37885,10,50.088,14.4208,13.94,22.7
1477497676,50.124954,14.376191,10,50.088,14.4208,5.2,12.7
4101555020,50.05532,14.505401,11,50.0406,14.5567,4.01,9.3
780780364,50.081989,14.363685,10,50.088,14.4208,4.13,11.9
4094743372,50.124954,14.376191,10,50.088,14.4208,5.2,12.7
224969548,50.081989,14.363685,10,50.088,14.4208,4.13,11.9
387629900,50.014654,14.438012,10,50.088,14.4208,8.25,19.1
399164236,50.014654,14.438012,10,50.088,14.4208,8.25,19.1
3737830220,50.081989,14.363685,10,50.088,14.4208,4.13,11.9
3387872076,50.135012,14.510704,10,50.088,14.4208,8.27,17.7
2416624460,50.124855,14.485473,10,50.088,14.4208,6.17,14.1
150217548,50.100092,14.486964,10,50.088,14.4208,4.91,11.0
3071001420,50.014978,14.437129,10,50.088,14.4208,8.2,19.3
3359359820,50.014978,14.437129,10,50.088,14.4208,8.2,19.3
3171664716,50.014978,14.437129,10,50.088,14.4208,8.2,19.3
540926796,50.018119,14.442563,10,50.088,14.4208,7.92,18.1
3277988684,50.067548,14.554192,11,50.0406,14.5567,3.0,9.0
2130449228,50.067548,14.554192,11,50.0406,14.5567,3.0,9.0
1764934220,50.059356,14.518229,11,50.0406,14.5567,3.45,8.6
2674639692,50.08492,14.454645,10,50.088,14.4208,2.44,8.8
1250714188,50.044631,14.460436,10,50.088,14.4208,5.59,14.4
1977930572,50.058956,14.330665,10,50.088,14.4208,7.2,18.8
968151884,50.099493,14.471977,10,50.088,14.4208,3.87,8.9
1084543820,50.035247,14.314073,10,50.088,14.4208,9.62,20.8
1814160204,50.107072,14.538072,11,50.0406,14.5567,7.51,16.1
416146252,50.105074,14.449461,10,50.088,14.4208,2.79,7.4
6214476,50.107072,14.538072,11,50.0406,14.5567,7.51,16.1
1988875084,49.999729,14.417342,10,50.088,14.4208,9.82,20.0
2525745996,49.999729,14.417342,10,50.088,14.4208,9.82,20.0
559338316,50.079286,14.487914,10,50.088,14.4208,4.89,13.1
3714794828,50.055409,14.382576,10,50.088,14.4208,4.54,13.2
1390694988,50.06427,14.451632,10,50.088,14.4208,3.44,11.4
576918348,50.051397,14.460331,10,50.088,14.4208,4.95,15.2
3249918796,50.104131,14.528247,11,50.0406,14.5567,7.35,14.9
1371919180,50.030688,14.361439,10,50.088,14.4208,7.65,19.2
155571020,50.04689,14.493083,11,50.0406,14.5567,4.6,12.4
1561531212,50.090732,14.29884,10,50.088,14.4208,8.71,19.1
3079070540,50.142362,14.580827,11,50.0406,14.5567,11.45,24.9
779473740,50.12241,14.488966,10,50.088,14.4208,6.19,16.6
2528564044,50.016445,14.437184,10,50.088,14.4208,8.04,18.9
3130512204,50.1037,14.511978,10,50.088,14.4208,6.73,14.5
901239628,50.106846,14.475188,10,50.088,14.4208,4.41,10.6
1269289804,50.106846,14.475188,10,50.088,14.4208,4.41,10.6
2872562508,50.114545,14.509737,10,50.088,14.4208,7.0,14.0
3526873932,50.114409,14.509622,10,50.088,14.4208,6.98,13.9
577217356,50.029588,14.595055,11,50.0406,14.5567,3.0,7.4
221180748,50.077741,14.383227,10,50.088,14.4208,2.91,11.3
2947011404,50.106846,14.475188,10,50.088,14.4208,4.41,10.6
2247426636,50.073625,14.47747,10,50.088,14.4208,4.35,12.3
170382156,50.075971,14.561329,11,50.0406,14.5567,3.95,11.6
1501614924,50.107708,14.54625,11,50.0406,14.5567,7.5,17.1
2069353292,50.056545,14.517752,11,50.0406,14.5567,3.3,8.3
3402683212,50.014654,14.438012,10,50.088,14.4208,8.25,19.1
215012172,50.014654,14.438012,10,50.088,14.4208,8.25,19.1
345035596,50.084972,14.418963,10,50.088,14.4208,0.36,3.7
2918527820,49.174072,16.567472,14,49.1951,16.6068,3.69,9.3
259519308,50.081317,14.496106,10,50.088,14.4208,5.42,13.7
3874542412,50.014978,14.437129,10,50.088,14.4208,8.2,19.3
1439748940,50.014654,14.438012,10,50.088,14.4208,8.25,19.1
1045803852,50.051915,14.450889,10,50.088,14.4208,4.55,12.8
3319837516,50.036015,14.480887,11,50.0406,14.5567,5.44,12.1
1903887180,50.067892,14.456704,10,50.088,14.4208,3.4,11.6
2415583820,50.025065,14.425926,10,50.088,14.4208,7.01,15.8
1945977420,50.072986,14.381959,10,50.088,14.4208,3.24,11.5
3962774348,49.187722,16.589559,14,49.1951,16.6068,1.5,4.2
2544538444,49.226609,16.612628,14,49.1951,16.6068,3.53,8.9
3993047884,49.405269,14.703242,1,48.9745,14.4743,50.71,35.4
981779276,49.60156,17.282108,8,49.5938,17.2509,2.41,7.6
2204058188,50.013282,14.582741,11,50.0406,14.5567,3.56,8.3
907366988,50.013351,14.582849,11,50.0406,14.5567,3.56,8.3
4105589324,50.081035,14.574839,11,50.0406,14.5567,4.68,14.3
4068676428,50.08832,14.479201,10,50.088,14.4208,4.17,11.8
2514871116,48.863398,16.471651,14,49.1951,16.6068,38.18,36.9
772485964,49.590114,17.250096,8,49.5938,17.2509,0.41,1.4
3758887756,50.10828,14.394144,10,50.088,14.4208,2.95,9.1
3269337676,50.067548,14.554192,11,50.0406,14.5567,3.0,9.0
881291852,50.047794,14.477145,11,50.0406,14.5567,5.74,13.8
2353345100,50.035396,14.501218,11,50.0406,14.5567,4.0,8.8
3134313036,50.096726,14.355251,10,50.088,14.4208,4.78,12.5
2238849612,50.047661,14.494169,11,50.0406,14.5567,4.53,11.6
31875660,50.013503,14.58287,11,50.0406,14.5567,3.55,8.3
3136406348,50.657757,14.734895,5,50.7671,15.0562,25.68,43.2
2427875916,50.028526,14.377219,10,50.088,14.4208,7.31,15.9
3515310668,50.035534,14.42218,10,50.088,14.4208,5.83,14.0
3057660492,50.088281,14.394565,10,50.088,14.4208,1.87,9.0
690094668,50.099112,14.468834,10,50.088,14.4208,3.64,9.3
1711674188,49.199991,16.617387,14,49.1951,16.6068,0.94,4.0
502469452,49.201857,16.594348,14,49.1951,16.6068,1.18,3.6
3654619980,49.203944,16.620578,14,49.1951,16.6068,1.4,4.1
1476465484,49.405269,14.703242,1,48.9745,14.4743,50.71,35.4
3540063052,49.405269,14.703242,1,48.9745,14.4743,50.71,35.4
42451532,50.509739,16.229231,6,50.2104,15.8252,43.92,58.3
521273932,50.026441,14.517786,11,50.0406,14.5567,3.19,7.3
2339701324,50.102458,14.506999,10,50.088,14.4208,6.36,13.1
271635020,50.114339,14.507672,10,50.088,14.4208,6.85,14.0
1843270220,50.041729,14.498134,11,50.0406,14.5567,4.18,10.5
2380141132,50.041729,14.498134,11,50.0406,14.5567,4.18,10.5
2342244940,50.071957,14.385515,10,50.088,14.4208,3.09,12.4
1859179084,50.114339,14.507672,10,50.088,14.4208,6.85,14.0
2012190028,50.089477,14.343774,10,50.088,14.4208,5.5,13.4
1431511628,50.067548,14.554192,11,50.0406,14.5567,3.0,9.0
518591052,50.086013,14.417621,10,50.088,14.4208,0.32,3.6
3881181772,50.123036,14.391815,10,50.088,14.4208,4.41,11.1
3544438348,50.0637,14.4442,10,50.088,14.4208,3.18,11.0
1804255820,50.03189,14.521373,11,50.0406,14.5567,2.7,6.8
445366860,50.055409,14.382576,10,50.088,14.4208,4.54,13.2
1090048588,50.078365,14.432521,10,50.088,14.4208,1.36,7.7
181654092,50.034392,14.590517,11,50.0406,14.5567,2.51,6.5
3709474124,50.048577,14.431812,10,50.088,14.4208,4.45,12.5
4088234828,50.014019,14.434564,10,50.088,14.4208,8.28,19.5
2459619916,50.071957,14.385515,10,50.088,14.4208,3.09,12.4
702554956,50.069938,14.450103,10,50.088,14.4208,2.9,11.1
3356021324,50.034392,14.590517,11,50.0406,14.5567,2.51,6.5
3070616140,50.071957,14.385515,10,50.088,14.4208,3.09,12.4
1363419980,50.069938,14.450103,10,50.088,14.4208,2.9,11.1
2365973068,50.071957,14.385515,10,50.088,14.4208,3.09,12.4
1823716172,50.055427,14.291838,10,50.088,14.4208,9.89,21.9
4258091596,50.017252,14.435783,10,50.088,14.4208,7.94,18.0
1896211020,50.071957,14.385515,10,50.088,14.4208,3.09,12.4
2011554380,50.071957,14.385515,10,50.088,14.4208,3.09,12.4
4179026508,50.071957,14.385515,10,50.088,14.4208,3.09,12.4
220586572,50.071957,14.385515,10,50.088,14.4208,3.09,12.4
2465587788,50.114339,14.507672,10,50.088,14.4208,6.85,14.0
2379280972,50.085671,14.471271,10,50.088,14.4208,3.61,10.8
3517895500,50.085493,14.420963,10,50.088,14.4208,0.28,4.2
2041635404,50.034392,14.590517,11,50.0406,14.5567,2.51,6.5
1606346060,50.074576,14.401966,10,50.088,14.4208,2.01,7.9
3217089100,50.034392,14.590517,11,50.0406,14.5567,2.51,6.5
196141644,50.034392,14.590517,11,50.0406,14.5567,2.51,6.5
3001983820,50.05543,14.291833,10,50.088,14.4208,9.89,21.9
3723854412,50.027137,14.365409,10,50.088,14.4208,7.84,17.4
1123385932,50.027137,14.365409,10,50.088,14.4208,7.84,17.4
586515020,50.027137,14.365409,10,50.088,14.4208,7.84,17.4
2666349900,50.114339,14.507672,10,50.088,14.4208,6.85,14.0
1408598604,50.027137,14.365409,10,50.088,14.4208,7.84,17.4
3086320204,50.027137,14.365409,10,50.088,14.4208,7.84,17.4
1962246732,50.027137,14.365409,10,50.088,14.4208,7.84,17.4
116752972,50.027137,14.365409,10,50.088,14.4208,7.84,17.4
972390988,50.027137,14.365409,10,50.088,14.4208,7.84,17.4
1022722636,50.027137,14.365409,10,50.088,14.4208,7.84,17.4
2801107532,50.027137,14.365409,10,50.088,14.4208,7.84,17.4
1458930252,50.027137,14.365409,10,50.088,14.4208,7.84,17.4
1156940364,50.027137,14.365409,10,50.088,14.4208,7.84,17.4
1928692300,50.027137,14.365409,10,50.088,14.4208,7.84,17.4
1861583436,50.027137,14.365409,10,50.088,14.4208,7.84,17.4
3186983500,50.027137,14.365409,10,50.088,14.4208,7.84,17.4
2281013836,50.027137,14.365409,10,50.088,14.4208,7.84,17.4
2065531468,50.108984,14.52544,10,50.088,14.4208,7.82,15.6
1003520844,50.114468,14.509069,10,50.088,14.4208,6.95,14.0
292672332,50.075731,14.44407,10,50.088,14.4208,2.15,9.1
1206842188,50.080316,14.453273,10,50.088,14.4208,2.47,9.6
3623191116,50.027137,14.365409,10,50.088,14.4208,7.84,17.4
3939533644,50.114468,14.509069,10,50.088,14.4208,6.95,14.0
1048020300,50.134702,14.51004,10,50.088,14.4208,8.21,17.8
4188119628,50.114339,14.507672,10,50.088,14.4208,6.85,14.0
2740471116,50.00071,14.424415,10,50.088,14.4208,9.71,20.5
3781657420,50.114339,14.507672,10,50.088,14.4208,6.85,14.0
4257957196,50.066882,14.321302,10,50.088,14.4208,7.48,18.0
55833420,50.114339,14.507672,10,50.088,14.4208,6.85,14.0
3570091340,50.066586,14.321632,10,50.088,14.4208,7.47,18.5
3978982732,50.079335,14.483161,10,50.088,14.4208,4.55,12.7
2901263692,50.073615,14.438085,10,50.088,14.4208,2.02,9.3
34186572,50.035247,14.314073,10,50.088,14.4208,9.62,20.8
1888998220,49.168629,16.727314,14,49.1951,16.6068,9.24,16.8
4084388684,50.034676,14.385566,10,50.088,14.4208,6.44,14.4
683856716,50.091553,14.434231,10,50.088,14.4208,1.04,5.1
56742732,50.058595,14.449862,10,50.088,14.4208,3.87,10.8
2322117452,50.112217,14.475708,10,50.088,14.4208,4.75,10.9
528016204,50.054769,14.28542,10,50.088,14.4208,10.34,22.7
1584980812,50.054769,14.28542,10,50.088,14.4208,10.34,22.7
1740821324,50.065288,14.393119,10,50.088,14.4208,3.21,9.6
2725499724,50.034676,14.385566,10,50.088,14.4208,6.44,14.4
4121744204,50.014978,14.437129,10,50.088,14.4208,8.2,19.3
1742984012,50.071127,14.385791,10,50.088,14.4208,3.12,10.7
3405566796,50.014978,14.437129,10,50.088,14.4208,8.2,19.3
4252558156,50.054769,14.28542,10,50.088,14.4208,10.34,22.7
4156347212,50.07774,14.407949,10,50.088,14.4208,1.46,6.8
1792856908,50.014978,14.437129,10,50.088,14.4208,8.2,19.3
1691145036,50.014978,14.437129,10,50.088,14.4208,8.2,19.3
31249228,50.034676,14.385566,10,50.088,14.4208,6.44,14.4
402445132,50.014654,14.438012,10,50.088,14.4208,8.25,19.1
1723142732,50.069158,14.471764,10,50.088,14.4208,4.2,13.2
4176270156,50.014978,14.437129,10,50.088,14.4208,8.2,19.3
100455244,50.014654,14.438012,10,50.088,14.4208,8.25,19.1
2615989068,50.014978,14.437129,10,50.088,14.4208,8.2,19.3
2102186828,50.034676,14.385566,10,50.088,14.4208,6.44,14.4
4228698956,50.034676,14.385566,10,50.088,14.4208,6.44,14.4
873714508,50.086134,14.451812,10,50.088,14.4208,2.22,8.3
4049007436,50.029889,14.505243,11,50.0406,14.5567,3.86,8.6
2531119948,50.111543,14.604916,11,50.0406,14.5567,8.61,21.4
2137838412,50.058828,14.558603,11,50.0406,14.5567,2.03,6.2
654537292,50.093591,14.460265,10,50.088,14.4208,2.88,9.0
2780681036,50.034676,14.385566,10,50.088,14.4208,6.44,14.4
3120419660,50.034676,14.385566,10,50.088,14.4208,6.44,14.4
3538801484,50.016262,14.583932,11,50.0406,14.5567,3.33,7.9
678884172,50.120695,14.495127,10,50.088,14.4208,6.43,14.8
1429066572,50.132559,14.485797,10,50.088,14.4208,6.78,15.4
2747486796,50.034676,14.385566,10,50.088,14.4208,6.44,14.4
660460364,50.132591,14.411197,10,50.088,14.4208,5.01,17.4
1974391628,50.077281,14.451819,10,50.088,14.4208,2.51,9.0
3302900300,50.034676,14.385566,10,50.088,14.4208,6.44,14.4
4969292,50.086187,14.472037,10,50.088,14.4208,3.66,11.2
334484300,50.032446,14.539289,11,50.0406,14.5567,1.54,4.4
2654126668,50.059301,14.518229,11,50.0406,14.5567,3.45,8.6
3791639372,50.032446,14.539289,11,50.0406,14.5567,1.54,4.4
2183123788,50.102303,14.551362,11,50.0406,14.5567,6.87,17.3
1889063756,50.088496,14.344982,10,50.088,14.4208,5.41,13.0
2018136652,50.088058,14.487855,10,50.088,14.4208,4.78,13.5
1444467532,50.034392,14.590517,11,50.0406,14.5567,2.51,6.5
4212839244,50.053021,14.409772,10,50.088,14.4208,3.97,9.7
1929040716,50.104381,14.45863,10,50.088,14.4208,3.26,9.2
3450065484,50.034392,14.590517,11,50.0406,14.5567,2.51,6.5
2999636812,50.10479,14.479184,10,50.088,14.4208,4.56,10.6
4243252044,50.10716,14.537329,11,50.0406,14.5567,7.53,16.0
3436827468,50.081035,14.574839,11,50.0406,14.5567,4.68,14.3
1662395212,50.04753,14.491083,11,50.0406,14.5567,4.75,12.8
3991589708,50.06018,14.396037,10,50.088,14.4208,3.56,11.9
3407532876,50.053021,14.409772,10,50.088,14.4208,3.97,9.7
3770274636,50.106846,14.475188,10,50.088,14.4208,4.41,10.6
2296181580,50.083178,14.358415,10,50.088,14.4208,4.48,12.4
2904216396,50.053021,14.409772,10,50.088,14.4208,3.97,9.7
3625636684,50.053021,14.409772,10,50.088,14.4208,3.97,9.7
4246393676,50.053021,14.409772,10,50.088,14.4208,3.97,9.7
2803553100,50.053021,14.409772,10,50.088,14.4208,3.97,9.7
2216350540,50.053021,14.409772,10,50.088,14.4208,3.97,9.7
3930837836,50.046043,14.323619,10,50.088,14.4208,8.36,20.4
2673337164,50.01732,14.583,11,50.0406,14.5567,3.2,7.5
3340424012,50.053021,14.409772,10,50.088,14.4208,3.97,9.7
2294879564,50.08305,14.41445,10,50.088,14.4208,0.71,4.1
3076182860,50.049236,14.316789,10,50.088,14.4208,8.58,20.4
2928997196,50.079293,14.434171,10,50.088,14.4208,1.36,8.4
2585060172,50.111321,14.510686,10,50.088,14.4208,6.92,14.0
131003212,50.1201,14.4767,10,50.088,14.4208,5.35,13.4
2545214284,50.039607,14.316702,10,50.088,14.4208,9.17,20.2
4242858828,50.10786,14.443544,10,50.088,14.4208,2.74,8.0
1463030348,50.124081,14.483889,10,50.088,14.4208,6.03,14.6
1296102220,50.031465,14.36308,10,50.088,14.4208,7.52,18.7
2079789644,50.142362,14.580827,11,50.0406,14.5567,11.45,24.9
2101666636,50.079943,14.460181,10,50.088,14.4208,2.95,9.3
2597708620,50.111321,14.510686,10,50.088,14.4208,6.92,14.0
2946884428,50.0861,14.33699,10,50.088,14.4208,5.98,13.8
1397122124,50.093689,14.446178,10,50.088,14.4208,1.92,6.3
1872159564,50.104329,14.551687,11,50.0406,14.5567,7.1,17.7
2242241356,50.111321,14.510686,10,50.088,14.4208,6.92,14.0
691397452,50.020183,14.467543,11,50.0406,14.5567,6.76,17.1
4221748044,50.111321,14.510686,10,50.088,14.4208,6.92,14.0
2501714764,50.080401,14.241273,10,50.088,14.4208,12.84,24.6
1408754508,50.081035,14.574839,11,50.0406,14.5567,4.68,14.3
3782341452,50.068039,14.300648,10,50.088,14.4208,8.86,19.4
2759820108,50.046362,14.310556,10,50.088,14.4208,9.13,21.9
1977971276,50.090478,14.429967,10,50.088,14.4208,0.71,3.8
3575751500,50.009538,14.452168,11,50.0406,14.5567,8.23,19.4
3470107468,50.102651,14.564779,11,50.0406,14.5567,6.92,18.0
3681035084,50.091382,14.441967,10,50.088,14.4208,1.56,6.1
771810124,50.035014,14.584539,11,50.0406,14.5567,2.08,4.7
3307266892,50.044492,14.33215,10,50.088,14.4208,7.97,18.7
109048652,50.062947,14.594689,11,50.0406,14.5567,3.68,9.7
3133268812,50.061456,14.436166,10,50.088,14.4208,3.15,9.5
17949516,50.053021,14.409772,10,50.088,14.4208,3.97,9.7
2198987596,50.053021,14.409772,10,50.088,14.4208,3.97,9.7
370271052,50.053021,14.409772,10,50.088,14.4208,3.97,9.7
4211204940,50.053021,14.409772,10,50.088,14.4208,3.97,9.7
1754641228,49.972017,14.423271,11,50.0406,14.5567,12.21,25.7
687989580,50.053021,14.409772,10,50.088,14.4208,3.97,9.7
307966540,50.102466,14.445179,10,50.088,14.4208,2.37,7.0
2862777164,50.107314,14.448955,10,50.088,14.4208,2.94,7.9
2641486668,50.099717,14.43384,10,50.088,14.4208,1.6,6.4
1832383308,50.106831,14.404265,10,50.088,14.4208,2.4,8.0
4036236108,49.240764,17.666957,9,49.2265,17.6625,1.62,5.6
3961709388,50.102303,14.551362,11,50.0406,14.5567,6.87,17.3
2143544140,50.073843,14.356274,10,50.088,14.4208,4.87,14.5
2032399180,50.077039,14.404424,10,50.088,14.4208,1.69,7.3
4121199436,50.076789,14.407266,10,50.088,14.4208,1.58,6.7
794665804,50.077039,14.404424,10,50.088,14.4208,1.69,7.3
2422465356,50.053021,14.409772,10,50.088,14.4208,3.97,9.7
495981388,50.070128,14.429685,10,50.088,14.4208,2.09,9.0
1681122124,50.053021,14.409772,10,50.088,14.4208,3.97,9.7
3590579020,50.053021,14.409772,10,50.088,14.4208,3.97,9.7
3179709260,50.131638,14.406259,10,50.088,14.4208,4.96,17.9
1545855820,50.053021,14.409772,10,50.088,14.4208,3.97,9.7
2503205708,50.053021,14.409772,10,50.088,14.4208,3.97,9.7
925344588,50.067843,14.455442,10,50.088,14.4208,3.34,11.2
1109648204,50.053021,14.409772,10,50.088,14.4208,3.97,9.7
3424904012,50.053021,14.409772,10,50.088,14.4208,3.97,9.7
2621694796,50.061766,14.394804,10,50.088,14.4208,3.46,11.3
2792612684,50.142362,14.580827,11,50.0406,14.5567,11.45,24.9
40100684,50.053021,14.409772,10,50.088,14.4208,3.97,9.7
3263185484,50.010673,14.465726,11,50.0406,14.5567,7.3,16.3
247276364,50.037861,14.38655,10,50.088,14.4208,6.09,16.0
1253958476,50.013503,14.58287,11,50.0406,14.5567,3.55,8.3
4243383116,50.077281,14.451819,10,50.088,14.4208,2.51,9.0
2454512460,50.053021,14.409772,10,50.088,14.4208,3.97,9.7
2444092236,50.013393,14.582934,11,50.0406,14.5567,3.56,8.3
3462132556,50.110113,14.558445,11,50.0406,14.5567,7.73,18.9
1577902924,50.069938,14.450103,10,50.088,14.4208,2.9,11.1
3081012044,50.105028,14.580524,11,50.0406,14.5567,7.36,21.3
515199564,50.090776,14.452274,10,50.088,14.4208,2.27,7.6
3590251340,50.065288,14.393119,10,50.088,14.4208,3.21,9.6
2850349900,50.029901,14.36202,10,50.088,14.4208,7.7,18.6
1503191884,50.106546,14.547201,11,50.0406,14.5567,7.36,18.0
3285226316,50.07893,14.424526,10,50.088,14.4208,1.04,7.0
683999820,50.067825,14.456716,10,50.088,14.4208,3.41,11.7
2564481868,50.04706,14.302664,10,50.088,14.4208,9.58,22.2
4024099660,50.04706,14.302664,10,50.088,14.4208,9.58,22.2
2681922380,50.04706,14.302664,10,50.088,14.4208,9.58,22.2
215671628,50.048479,14.302255,10,50.088,14.4208,9.53,21.9
2161828684,50.030185,14.361911,10,50.088,14.4208,7.68,18.6
2447041356,50.030185,14.361911,10,50.088,14.4208,7.68,18.6
400221004,50.030185,14.361911,10,50.088,14.4208,7.68,18.6
2279269196,50.030185,14.361911,10,50.088,14.4208,7.68,18.6
903537484,50.103205,14.507946,10,50.088,14.4208,6.44,13.4
2328552268,50.118642,14.51317,10,50.088,14.4208,7.42,15.4
216720204,50.106844,14.533613,11,50.0406,14.5567,7.55,16.0
1791681356,50.118642,14.51317,10,50.088,14.4208,7.42,15.4
3670729548,50.118642,14.51317,10,50.088,14.4208,7.42,15.4
772551244,50.028706,14.361368,10,50.088,14.4208,7.84,18.5
811262796,50.103573,14.516103,10,50.088,14.4208,7.02,14.7
2282414924,50.074319,14.443172,10,50.088,14.4208,2.21,9.2
4027327308,50.077918,14.426491,10,50.088,14.4208,1.19,8.2
2229343052,50.125928,14.468796,10,50.088,14.4208,5.43,13.4
1636926284,50.066137,14.301556,10,50.088,14.4208,8.85,19.9
2146825036,50.032446,14.539289,11,50.0406,14.5567,1.54,4.4
3068625740,50.125025,14.490596,10,50.088,14.4208,6.46,14.0
62321484,50.089696,14.419237,10,50.088,14.4208,0.22,0.6
312996684,50.111321,14.510686,10,50.088,14.4208,6.92,14.0
1608717132,50.099717,14.43384,10,50.088,14.4208,1.6,6.4
2127033164,50.049222,14.331997,10,50.088,14.4208,7.67,20.1
1873277772,50.111321,14.510686,10,50.088,14.4208,6.92,14.0
2060907340,50.030185,14.361911,10,50.088,14.4208,7.68,18.6
720892748,50.142304,14.483035,10,50.088,14.4208,7.49,16.1
1411904332,50.103923,14.585209,11,50.0406,14.5567,7.33,21.1
4233360204,50.079312,14.451506,10,50.088,14.4208,2.39,8.9
1632629580,50.076846,14.388909,10,50.088,14.4208,2.59,11.0
835998284,50.065333,14.379302,10,50.088,14.4208,3.89,11.9
3486577484,50.002214,14.428188,10,50.088,14.4208,9.55,22.7
2685465420,50.055683,14.482003,11,50.0406,14.5567,5.59,11.7
2920346444,50.06745,14.40887,10,50.088,14.4208,2.44,8.1
3386999628,50.118642,14.51317,10,50.088,14.4208,7.42,15.4
3123508044,50.076158,14.451256,10,50.088,14.4208,2.54,9.3
167232076,50.082993,14.377388,10,50.088,14.4208,3.15,10.1
4289721164,50.065339,14.383711,10,50.088,14.4208,3.65,11.3
470299980,50.030432,14.375047,10,50.088,14.4208,7.19,16.3
3653432140,50.099282,14.468884,10,50.088,14.4208,3.65,9.2
2411836236,50.030432,14.375047,10,50.088,14.4208,7.19,16.3
1500443468,50.107728,14.527739,11,50.0406,14.5567,7.75,16.9
2189836876,50.030432,14.375047,10,50.088,14.4208,7.19,16.3
562623308,50.057221,14.561531,11,50.0406,14.5567,1.88,5.6
1216934732,50.057221,14.561531,11,50.0406,14.5567,1.88,5.6
4203279180,50.057221,14.561531,11,50.0406,14.5567,1.88,5.6
1488515916,50.057221,14.561531,11,50.0406,14.5567,1.88,5.6
1793336140,50.064397,14.446023,10,50.088,14.4208,3.18,10.2
1263326028,50.061456,14.436166,10,50.088,14.4208,3.15,9.5
478802764,50.061456,14.436166,10,50.088,14.4208,3.15,9.5
436925260,50.014654,14.438012,10,50.088,14.4208,8.25,19.1
3031634764,49.907604,14.491442,11,50.0406,14.5567,15.51,25.9
1322849100,49.186705,16.606576,14,49.1951,16.6068,0.93,3.3
2736853836,49.405269,14.703242,1,48.9745,14.4743,50.71,35.4
104862284,49.950202,13.305413,2,49.7384,13.3736,24.05,36.8
940241740,50.014654,14.438012,10,50.088,14.4208,8.25,19.1
3659358796,50.034676,14.385566,10,50.088,14.4208,6.44,14.4
905400908,50.034676,14.385566,10,50.088,14.4208,6.44,14.4
496534348,50.046362,14.310556,10,50.088,14.4208,9.13,21.9
620798540,50.13979,14.397823,10,50.088,14.4208,5.99,22.3
4098429772,50.103785,14.476581,10,50.088,14.4208,4.35,10.3
225833804,50.242981,12.830473,3,50.2327,12.8712,3.11,7.0
3796124236,48.805639,16.385585,14,49.1951,16.6068,46.22,52.4
2013205324,50.726708,15.464309,5,50.7671,15.0562,29.06,54.0
3658150732,50.014654,14.438012,10,50.088,14.4208,8.25,19.1
1579647820,50.020984,14.452477,11,50.0406,14.5567,7.76,17.3
1991201356,50.034676,14.385566,10,50.088,14.4208,6.44,14.4
2609414988,50.046362,14.310556,10,50.088,14.4208,9.13,21.9
3588657996,50.085671,14.471271,10,50.088,14.4208,3.61,10.8
1189323596,50.132416,14.485471,10,50.088,14.4208,6.76,15.3
2124751692,50.035854,15.779883,7,50.0343,15.7704,0.7,3.1
1804870476,49.327445,16.674922,14,49.1951,16.6068,15.52,30.8
1824256844,50.111573,14.620523,11,50.0406,14.5567,9.11,20.5
2499236428,50.034676,14.385566,10,50.088,14.4208,6.44,14.4
2813284940,50.034676,14.385566,10,50.088,14.4208,6.44,14.4
4287136588,50.046362,14.310556,10,50.088,14.4208,9.13,21.9
552252236,49.965829,12.694526,3,50.2327,12.8712,32.24,46.7
3411894860,50.034676,14.385566,10,50.088,14.4208,6.44,14.4
151159628,50.038576,14.441456,10,50.088,14.4208,5.69,14.2
3666379596,50.046362,14.310556,10,50.088,14.4208,9.13,21.9
189240140,50.079562,14.484631,10,50.088,14.4208,4.65,12.6
4100731468,50.074448,14.459092,10,50.088,14.4208,3.12,10.6
1610904140,50.781713,14.139782,4,50.6607,14.0328,15.42,29.0
3156996940,50.036015,14.480887,11,50.0406,14.5567,5.44,12.1
499528268,49.968623,14.387488,10,50.088,14.4208,13.49,21.8
260604748,50.046362,14.310556,10,50.088,14.4208,9.13,21.9
3762135884,50.031133,14.36816,10,50.088,14.4208,7.36,17.9
3402302284,50.23893,14.313689,10,50.088,14.4208,18.44,33.3
654672716,50.060179,14.396035,10,50.088,14.4208,3.56,11.9
3086438988,50.034676,14.385566,10,50.088,14.4208,6.44,14.4
1968726604,50.081103,14.363017,10,50.088,14.4208,4.19,13.5
3599270732,50.046362,14.310556,10,50.088,14.4208,9.13,21.9
2042598220,50.132416,14.485471,10,50.088,14.4208,6.76,15.3
4020708172,50.099025,14.482987,10,50.088,14.4208,4.6,10.6
2865431372,50.23893,14.313689,10,50.088,14.4208,18.44,33.3
3489334092,49.186028,16.644062,14,49.1951,16.6068,2.89,8.5
3543302988,50.103542,14.515822,10,50.088,14.4208,6.99,14.7
1459049036,50.034676,14.385566,10,50.088,14.4208,6.44,14.4
1392673612,50.082184,14.452298,10,50.088,14.4208,2.34,9.0
3699934028,50.046362,14.310556,10,50.088,14.4208,9.13,21.9
2237621580,50.100447,14.42816,10,50.088,14.4208,1.48,6.0
3747136332,49.465716,17.441092,8,49.5938,17.2509,19.78,24.4
3034252108,50.090732,14.29884,10,50.088,14.4208,8.71,19.1
3531113292,50.042826,14.502608,11,50.0406,14.5567,3.87,10.9
558277452,50.031096,14.513019,11,50.0406,14.5567,3.29,7.5
249807436,50.054704,14.541221,11,50.0406,14.5567,1.92,6.5
2005435212,50.046362,14.310556,10,50.088,14.4208,9.13,21.9
2168803916,50.105321,14.540325,11,50.0406,14.5567,7.29,17.4
3518268236,50.014978,14.437129,10,50.088,14.4208,8.2,19.3
281236044,50.034676,14.385566,10,50.088,14.4208,6.44,14.4
593462092,50.046362,14.310556,10,50.088,14.4208,9.13,21.9
2182644556,50.051076,14.343469,10,50.088,14.4208,6.88,17.3
21795660,50.081914,14.417936,10,50.088,14.4208,0.71,4.5
2596336460,50.270315,12.784964,3,50.2327,12.8712,7.42,13.9
1083454284,50.221845,15.84158,6,50.2104,15.8252,1.73,3.6
2692813644,50.783137,15.159386,5,50.7671,15.0562,7.47,18.2
2707747404,49.931829,17.271766,8,49.5938,17.2509,37.62,53.6
814490188,49.968777,14.394234,10,50.088,14.4208,13.39,21.3
1348436812,50.046362,14.310556,10,50.088,14.4208,9.13,21.9
682132300,50.013365,14.582956,11,50.0406,14.5567,3.56,8.3
792372044,50.13047,14.535326,10,50.088,14.4208,9.43,20.5
333779788,50.046107,14.494928,11,50.0406,14.5567,4.45,12.2
1083167564,49.710501,17.075854,8,49.5938,17.2509,18.09,21.5
186594124,49.202408,16.624889,14,49.1951,16.6068,1.55,5.3
1351361100,49.968777,14.394234,10,50.088,14.4208,13.39,21.3
1408717388,50.034676,14.385566,10,50.088,14.4208,6.44,14.4
1650426700,50.046362,14.310556,10,50.088,14.4208,9.13,21.9
3802694476,50.102458,14.506999,10,50.088,14.4208,6.36,13.1
2284819276,50.083558,14.451043,10,50.088,14.4208,2.21,8.3
2228945740,50.103975,14.50814,10,50.088,14.4208,6.48,13.7
122368844,48.615032,14.309602,1,48.9745,14.4743,41.75,47.1
4257710924,50.013393,14.582934,11,50.0406,14.5567,3.56,8.3
3804451404,50.034676,14.385566,10,50.088,14.4208,6.44,14.4
2086634316,50.046362,14.310556,10,50.088,14.4208,9.13,21.9
37258060,50.046362,14.310556,10,50.088,14.4208,9.13,21.9
2343080780,50.096583,14.507987,10,50.088,14.4208,6.29,14.4
1217459020,50.650406,13.852894,4,50.6607,14.0328,12.73,18.7
4178747980,50.114339,14.507672,10,50.088,14.4208,6.85,14.0
3020776012,50.034676,14.385566,10,50.088,14.4208,6.44,14.4
1702855500,50.046362,14.310556,10,50.088,14.4208,9.13,21.9
4250159964,50.038843,14.632568,11,50.0406,14.5567,5.42,12.1
1892389708,50.066463,14.503277,11,50.0406,14.5567,4.78,11.3
3527394124,49.455071,16.341253,14,49.1951,16.6068,34.73,46.1
3714277964,50.034676,14.385566,10,50.088,14.4208,6.44,14.4
1693991500,50.034676,14.385566,10,50.088,14.4208,6.44,14.4
1027973964,50.14192,14.507222,10,50.088,14.4208,8.6,16.7
3157820236,50.046362,14.310556,10,50.088,14.4208,9.13,21.9
2653459276,50.11584,14.56331,11,50.0406,14.5567,8.38,20.4
1657926476,50.463194,13.409621,3,50.2327,12.8712,46.0,54.6
3150644044,49.8324,18.167803,12,49.8209,18.2625,6.91,13.1
964764492,49.654362,13.290514,2,49.7384,13.3736,11.09,14.9
2378388044,50.034676,14.385566,10,50.088,14.4208,6.44,14.4
2192527948,50.034676,14.385566,10,50.088,14.4208,6.44,14.4
880771916,50.046362,14.310556,10,50.088,14.4208,9.13,21.9
2768798540,50.046362,14.310556,10,50.088,14.4208,9.13,21.9
1371972428,50.114872,14.476012,10,50.088,14.4208,4.94,12.2
3861177164,49.774465,18.244671,12,49.8209,18.2625,5.32,9.3
868942668,50.202427,15.813665,6,50.2104,15.8252,1.21,3.8
1364595532,49.222401,16.630932,14,49.1951,16.6068,3.51,7.9
2226082380,50.034676,14.385566,10,50.088,14.4208,6.44,14.4
3284357708,50.034676,14.385566,10,50.088,14.4208,6.44,14.4
2690614092,50.046362,14.310556,10,50.088,14.4208,9.13,21.9
3081650764,50.034676,14.385566,10,50.088,14.4208,6.44,14.4
1157206860,50.065207,14.450711,10,50.088,14.4208,3.31,10.9
2514158412,48.853773,16.054078,14,49.1951,16.6068,55.36,58.3
3905618764,50.586568,15.887618,6,50.2104,15.8252,42.06,50.5
2966094668,49.157839,16.875487,14,49.1951,16.6068,19.97,24.0
253551436,50.180883,14.209958,10,50.088,14.4208,18.23,33.0
63132236,50.034676,14.385566,10,50.088,14.4208,6.44,14.4
2693538380,49.968777,14.394234,10,50.088,14.4208,13.39,21.3
1164936012,50.046362,14.310556,10,50.088,14.4208,9.13,21.9
3193471820,50.046362,14.310556,10,50.088,14.4208,9.13,21.9
428319564,50.091124,14.429993,10,50.088,14.4208,0.74,3.0
3054547788,49.73576,13.332367,2,49.7384,13.3736,2.98,7.5
3853472332,50.034676,14.385566,10,50.088,14.4208,6.44,14.4
296702540,50.034676,14.385566,10,50.088,14.4208,6.44,14.4
4204299084,50.046362,14.310556,10,50.088,14.4208,9.13,21.9
17609292,49.976311,14.349678,10,50.088,14.4208,13.42,23.2
3394868044,50.120181,14.410153,10,50.088,14.4208,3.66,13.9
1834398540,49.73576,13.332367,2,49.7384,13.3736,2.98,7.5
1336157004,50.209374,15.812365,6,50.2104,15.8252,0.92,2.2
2302894668,50.034676,14.385566,10,50.088,14.4208,6.44,14.4
2295218764,50.034676,14.385566,10,50.088,14.4208,6.44,14.4
278430540,50.046362,14.310556,10,50.088,14.4208,9.13,21.9
3879141964,50.05756,14.284629,10,50.088,14.4208,10.29,22.1
3010982732,49.776261,18.253989,12,49.8209,18.2625,5.0,9.9
695407436,49.988764,14.602207,11,50.0406,14.5567,6.62,15.3
3078181452,48.976208,14.485806,1,48.9745,14.4743,0.86,3.3
2965590604,50.034676,14.385566,10,50.088,14.4208,6.44,14.4
3213067084,50.138071,14.515931,10,50.088,14.4208,8.78,18.4
4120413004,50.046362,14.310556,10,50.088,14.4208,9.13,21.9
2136507212,50.046362,14.310556,10,50.088,14.4208,9.13,21.9
791782220,50.067575,14.404301,10,50.088,14.4208,2.56,8.7
3673883468,50.067548,14.554192,11,50.0406,14.5567,3.0,9.0
605745996,50.014654,14.438012,10,50.088,14.4208,8.25,19.1
108278604,49.907604,14.491442,11,50.0406,14.5567,15.51,25.9
1490359116,49.746804,13.369826,2,49.7384,13.3736,0.97,3.2
2647987020,49.290987,17.395204,9,49.2265,17.6625,20.68,32.6
3912307532,49.405269,14.703242,1,48.9745,14.4743,50.71,35.4
343216972,50.063231,14.445552,10,50.088,14.4208,3.27,10.8
2061898572,49.579201,17.254523,8,49.5938,17.2509,1.64,4.1
2642944844,49.398611,13.296194,2,49.7384,13.3736,38.19,41.5
1801532236,50.229603,14.094164,10,50.088,14.4208,28.1,36.5
27579212,49.957877,14.04945,10,50.088,14.4208,30.22,35.3
4029711180,49.203909,16.878155,14,49.1951,16.6068,19.74,21.9
11539276,50.697601,14.813458,5,50.7671,15.0562,18.75,40.5
532005708,49.731904,13.285804,2,49.7384,13.3736,6.35,11.5
1835848524,50.693603,14.547835,4,50.6607,14.0328,36.47,57.2
1228088140,49.19519,16.599691,14,49.1951,16.6068,0.52,1.3
2832536396,49.907604,14.491442,11,50.0406,14.5567,15.51,25.9
3017085772,49.290987,17.395204,9,49.2265,17.6625,20.68,32.6
3678417740,50.066279,12.373669,3,50.2327,12.8712,39.99,32.6
2314928972,50.764241,15.052437,5,50.7671,15.0562,0.41,5.0
2012992332,50.42449,14.231644,4,50.6607,14.0328,29.79,32.2
1046225740,49.269914,16.527153,14,49.1951,16.6068,10.13,20.1
2111116108,50.670561,14.071462,4,50.6607,14.0328,2.94,5.8
2018755404,49.487512,16.659971,14,49.1951,16.6068,32.74,41.9
97727308,48.902496,16.660064,14,49.1951,16.6068,32.77,38.3
498348876,49.296847,15.476904,13,49.3961,15.5904,13.76,23.5
560522060,49.962783,14.316982,10,50.088,14.4208,15.78,28.2
3556442956,50.156021,14.521593,10,50.088,14.4208,10.43,20.9
1932923724,49.99598,14.676012,11,50.0406,14.5567,9.86,19.4
3696952140,50.019518,14.437108,10,50.088,14.4208,7.7,17.3
2785686348,49.051551,13.776355,1,48.9745,14.4743,51.62,60.0
721564492,49.369298,15.472774,13,49.3961,15.5904,9.02,14.4
2684756812,49.051551,13.776355,1,48.9745,14.4743,51.62,60.0
2034053964,49.051551,13.776355,1,48.9745,14.4743,51.62,60.0
2698171212,50.161371,14.382207,10,50.088,14.4208,8.61,18.9
292557644,49.140292,16.670646,14,49.1951,16.6068,7.66,15.3
3239871308,50.149463,14.145994,10,50.088,14.4208,20.75,37.1
2443514700,49.846081,18.171318,12,49.8209,18.2625,7.11,15.0
3069903692,49.732688,13.401368,2,49.7384,13.3736,2.09,5.5
1228026700,49.756976,13.2786,2,49.7384,13.3736,7.13,11.8
3102409548,50.101857,14.437183,10,50.088,14.4208,1.93,5.5
3254453068,49.836184,18.25701,12,49.8209,18.2625,1.74,3.6
2183987788,50.139141,14.092873,10,50.088,14.4208,24.06,36.5
4031984460,49.107892,16.375344,14,49.1951,16.6068,19.43,27.8
1607738188,49.697529,13.414481,2,49.7384,13.3736,5.41,11.1
1654776652,49.734603,13.363394,2,49.7384,13.3736,0.85,3.4
560534348,50.224375,12.883903,3,50.2327,12.8712,1.29,3.8
862524236,49.55686,13.985523,2,49.7384,13.3736,48.46,63.4
2932740940,49.737334,13.392822,2,49.7384,13.3736,1.39,5.2
4264309580,49.770601,17.112868,8,49.5938,17.2509,22.03,31.1
3178955596,50.038681,14.34081,10,50.088,14.4208,7.92,19.8
665633612,49.155106,16.886328,14,49.1951,16.6068,20.8,24.6
1180373836,50.19905,14.431759,10,50.088,14.4208,12.37,22.8
133235276,50.683068,15.84806,6,50.2104,15.8252,52.58,67.1
3066245964,50.027601,14.227257,10,50.088,14.4208,15.36,28.9
3387150924,50.414723,14.888391,5,50.7671,15.0562,40.93,42.3
930227020,49.721354,13.377415,2,49.7384,13.3736,1.92,4.3
2414543692,49.165904,16.575441,14,49.1951,16.6068,3.97,9.6
2632647500,50.101302,14.449833,10,50.088,14.4208,2.54,7.1
2095776588,50.435982,15.817598,6,50.2104,15.8252,25.09,33.2
2390102860,49.210084,16.595756,14,49.1951,16.6068,1.85,5.1
2407928652,50.02671,14.5195,11,50.0406,14.5567,3.07,7.0
949236556,50.086683,14.51375,11,50.0406,14.5567,5.97,13.5
1150620492,50.048234,14.485222,11,50.0406,14.5567,5.17,12.7
101258060,50.643553,13.83363,4,50.6607,14.0328,14.17,19.3
953488204,49.276296,16.951465,14,49.1951,16.6068,26.6,31.2
3268744012,49.290987,17.395204,9,49.2265,17.6625,20.68,32.6
3036746572,49.405269,14.703242,1,48.9745,14.4743,50.71,35.4
1680937804,49.405269,14.703242,1,48.9745,14.4743,50.71,35.4
2163352396,49.673633,13.985288,2,49.7384,13.3736,44.57,64.6
3299324748,50.56279,16.009754,6,50.2104,15.8252,41.31,61.4
2777031500,49.164973,16.56964,14,49.1951,16.6068,4.3,10.3
3811971916,49.58799,17.234003,8,49.5938,17.2509,1.38,3.1
3230282316,49.164113,16.603234,14,49.1951,16.6068,3.46,7.9
1788941132,49.140292,16.670646,14,49.1951,16.6068,7.66,15.3
3973829452,50.201315,14.478203,10,50.088,14.4208,13.25,24.4
2618962764,50.231227,12.873023,3,50.2327,12.8712,0.21,0.6
1263018828,49.839067,18.267276,12,49.8209,18.2625,2.05,6.1
3681948492,50.221094,12.88991,3,50.2327,12.8712,1.85,3.8
2179662668,49.483676,17.602928,8,49.5938,17.2509,28.2,37.2
2515206988,49.963344,12.70104,3,50.2327,12.8712,32.32,45.7
511914828,48.967591,14.463218,1,48.9745,14.4743,1.12,3.0
604619596,49.732112,13.406134,2,49.7384,13.3736,2.44,6.5
4265751372,50.04687,14.730411,11,50.0406,14.5567,12.42,22.9
2980373324,49.762567,15.891759,7,50.0343,15.7704,31.44,36.6
1749033804,50.130577,14.549412,11,50.0406,14.5567,10.02,21.2
1804931916,50.369147,12.917117,3,50.2327,12.8712,15.52,21.1
360063820,49.6553,13.294954,2,49.7384,13.3736,10.83,14.8
3035300684,49.963344,12.70104,3,50.2327,12.8712,32.32,45.7
1167274828,48.967591,14.463218,1,48.9745,14.4743,1.12,3.0
1859392332,50.496764,13.635391,4,50.6607,14.0328,33.46,40.9
3176248140,50.214258,15.814085,6,50.2104,15.8252,0.9,2.8
2917122892,49.798409,14.42345,11,50.0406,14.5567,28.57,56.5
2693460812,50.142697,15.129192,11,50.0406,14.5567,42.39,44.6
1619211084,48.967591,14.463218,1,48.9745,14.4743,1.12,3.0
34984780,49.211324,16.621484,14,49.1951,16.6068,2.1,6.4
715019596,49.701212,17.076149,8,49.5938,17.2509,17.35,20.4
2361447244,49.164113,16.603234,14,49.1951,16.6068,3.46,7.9
2328105804,50.460475,13.417786,3,50.2327,12.8712,46.32,55.8
4073513804,50.239622,15.806629,6,50.2104,15.8252,3.51,7.5
3637908300,49.201337,16.622787,14,49.1951,16.6068,1.35,5.1
3697337164,50.076978,14.419165,10,50.088,14.4208,1.23,6.0
2961388364,48.967591,14.463218,1,48.9745,14.4743,1.12,3.0
3062809420,50.141866,14.114594,10,50.088,14.4208,22.64,35.3
1532531532,50.458346,14.930649,5,50.7671,15.0562,35.46,32.3
797418828,49.12789,16.614414,14,49.1951,16.6068,7.49,13.7
1995113292,48.804362,16.627678,14,49.1951,16.6068,43.47,43.7
1134412620,50.614376,13.651549,4,50.6607,14.0328,27.38,33.8
2262967116,50.464932,13.435124,4,50.6607,14.0328,47.5,52.9
2472219468,49.613331,16.679811,8,49.5938,17.2509,41.21,60.7
3617964876,49.184656,16.636519,14,49.1951,16.6068,2.45,7.9
3865908044,49.781975,18.250351,12,49.8209,18.2625,4.42,10.2
2196439884,49.97525,16.973713,8,49.5938,17.2509,46.85,49.5
3139109708,50.131968,14.487406,10,50.088,14.4208,6.82,15.9
90645324,49.164113,16.603234,14,49.1951,16.6068,3.46,7.9
2693411404,49.164113,16.603234,14,49.1951,16.6068,3.46,7.9
2258056012,49.184656,16.636519,14,49.1951,16.6068,2.45,7.9
36995916,49.588901,17.2764,8,49.5938,17.2509,1.92,5.0
557978444,50.067997,14.392004,10,50.088,14.4208,3.03,11.6
3831755596,50.140978,15.132546,11,50.0406,14.5567,42.57,44.6
3939939660,49.27048,16.594117,14,49.1951,16.6068,8.43,14.0
1556169292,49.160233,16.551434,14,49.1951,16.6068,5.59,12.2
1104417612,49.870426,13.947911,10,50.088,14.4208,41.58,43.5
2012951372,49.184656,16.636519,14,49.1951,16.6068,2.45,7.9
1321472844,49.025924,17.18169,9,49.2265,17.6625,41.49,56.4
3220116300,50.020776,14.454584,11,50.0406,14.5567,7.62,16.9
1299526476,49.961464,16.77098,8,49.5938,17.2509,53.47,54.3
3672445772,49.340283,16.5529,14,49.1951,16.6068,16.61,18.9
288957260,50.037852,14.383879,10,50.088,14.4208,6.17,16.8
3326772044,49.160233,16.551434,14,49.1951,16.6068,5.59,12.2
2798916428,49.217932,16.562583,14,49.1951,16.6068,4.09,7.6
2089038668,49.147722,16.661974,14,49.1951,16.6068,6.62,14.6
183931724,49.164113,16.603234,14,49.1951,16.6068,3.46,7.9
4266640204,49.586141,17.24236,8,49.5938,17.2509,1.05,2.2
17961804,50.114187,14.485123,10,50.088,14.4208,5.43,12.2
4131066700,50.122616,16.799505,8,49.5938,17.2509,67.12,77.1
34428236,49.701212,17.076149,8,49.5938,17.2509,17.35,20.4
282334028,49.760179,16.464035,7,50.0343,15.7704,58.29,70.4
1344148300,50.139764,14.078361,10,50.088,14.4208,25.09,37.2
3969631052,50.239351,14.311632,10,50.088,14.4208,18.54,33.2
3522069324,49.479823,17.119906,8,49.5938,17.2509,15.81,16.7
2274440012,49.19749,16.615814,14,49.1951,16.6068,0.71,3.6
737276748,49.984592,14.496811,11,50.0406,14.5567,7.56,16.1
1092227916,49.167608,16.586397,14,49.1951,16.6068,3.4,9.0
337560396,49.738441,13.376697,2,49.7384,13.3736,0.22,3.7
1441674060,50.779035,15.423764,5,50.7671,15.0562,25.88,47.2
960242508,50.133549,14.116424,10,50.088,14.4208,22.29,34.1
578237260,49.395324,14.165651,1,48.9745,14.4743,51.89,71.3
3122541388,50.779035,15.423764,5,50.7671,15.0562,25.88,47.2
4189070156,49.596714,17.271083,8,49.5938,17.2509,1.49,4.7
1157501772,49.340283,16.5529,14,49.1951,16.6068,16.61,18.9
717865804,49.74583,13.425003,2,49.7384,13.3736,3.78,8.7
69120844,50.771201,15.062479,5,50.7671,15.0562,0.63,3.1
64230220,49.157896,13.226823,2,49.7384,13.3736,65.42,77.6
3574265164,48.877926,16.03058,14,49.1951,16.6068,54.85,63.6
2202026572,49.395324,14.165651,1,48.9745,14.4743,51.89,71.3
2613453644,50.751777,15.066152,5,50.7671,15.0562,1.84,5.2
4105298764,49.340283,16.5529,14,49.1951,16.6068,16.61,18.9
3471774540,50.327388,12.730445,3,50.2327,12.8712,14.52,21.5
3078210124,50.199131,14.432526,10,50.088,14.4208,12.39,23.0
58270540,50.227688,12.861363,3,50.2327,12.8712,0.89,2.4
3058418764,49.403,15.603082,13,49.3961,15.5904,1.2,4.4
2882872140,50.090686,14.420314,10,50.088,14.4208,0.3,1.4
457892684,50.654772,13.844848,4,50.6607,14.0328,13.27,19.3
4159374156,50.120987,17.374844,8,49.5938,17.2509,59.29,84.0
620630860,49.340283,16.5529,14,49.1951,16.6068,16.61,18.9
459809612,49.149205,16.871666,14,49.1951,16.6068,19.92,22.9
1785324364,50.125089,14.272435,10,50.088,14.4208,11.36,24.5
2278822732,50.46397,13.408288,3,50.2327,12.8712,45.97,54.6
2087621452,49.186255,16.652933,14,49.1951,16.6068,3.49,8.5
1661113164,50.093638,14.509444,10,50.088,14.4208,6.35,14.6
1926173516,49.19876,16.532149,14,49.1951,16.6068,5.44,11.7
3510887244,50.136364,14.333667,10,50.088,14.4208,8.22,18.2
2027033420,49.141348,16.668122,14,49.1951,16.6068,7.46,15.0
1546842956,50.040942,15.752355,7,50.0343,15.7704,1.49,4.2
1831068492,49.141331,16.551373,14,49.1951,16.6068,7.21,14.0
617878348,49.181455,16.559299,14,49.1951,16.6068,3.77,10.9
2643432268,49.186255,16.652933,14,49.1951,16.6068,3.49,8.5
1889518412,49.222163,16.587653,14,49.1951,16.6068,3.32,6.9
350946124,49.963344,12.70104,3,50.2327,12.8712,32.32,45.7
2499679052,49.340283,16.5529,14,49.1951,16.6068,16.61,18.9
3496547148,50.224375,12.883903,3,50.2327,12.8712,1.29,3.8
4273967948,49.186255,16.652933,14,49.1951,16.6068,3.49,8.5
3158844236,49.865858,18.289142,12,49.8209,18.2625,5.35,10.7
3442680652,50.071791,14.455273,10,50.088,14.4208,3.05,10.7
26551116,49.838463,18.286023,12,49.8209,18.2625,2.58,5.6
2836140620,50.732968,15.066273,5,50.7671,15.0562,3.86,7.8
2782008140,49.141348,16.668122,14,49.1951,16.6068,7.46,15.0
3151237964,49.564398,16.07992,13,49.3961,15.5904,40.01,52.1
1626645324,50.777522,14.634672,5,50.7671,15.0562,29.66,34.2
2670072652,48.93862,16.52742,14,49.1951,16.6068,29.1,27.2
1026761548,50.071791,14.455273,10,50.088,14.4208,3.05,10.7
3236627276,50.086009,14.469324,10,50.088,14.4208,3.47,11.3
2451825484,50.136364,14.333667,10,50.088,14.4208,8.22,18.2
3213374284,50.67148,15.916851,6,50.2104,15.8252,51.68,61.9
2379486028,50.637311,14.050373,4,50.6607,14.0328,2.88,7.1
3836068684,49.184656,16.636519,14,49.1951,16.6068,2.45,7.9
1081926476,49.403,15.603082,13,49.3961,15.5904,1.2,4.4
2971804492,50.071791,14.455273,10,50.088,14.4208,3.05,10.7
784114508,50.726218,15.605711,5,50.7671,15.0562,38.93,81.0
1671287628,49.775014,13.356902,2,49.7384,13.3736,4.24,9.8
1677071180,49.141348,16.668122,14,49.1951,16.6068,7.46,15.0
631509836,49.852317,18.275007,12,49.8209,18.2625,3.61,9.0
1895936844,48.796472,16.812888,14,49.1951,16.6068,46.81,46.4
1302340428,50.056092,14.409175,10,50.088,14.4208,3.64,9.6
2693059404,50.07226,14.480817,10,50.088,14.4208,4.63,13.2
3350668108,50.169077,14.768574,11,50.0406,14.5567,20.79,34.5
1075057484,49.340283,16.5529,14,49.1951,16.6068,16.61,18.9
2481918796,50.127084,14.272354,10,50.088,14.4208,11.44,23.9
3721663308,49.240796,17.6746,9,49.2265,17.6625,1.82,7.3
2782139212,50.096151,14.358351,10,50.088,14.4208,4.55,13.5
258671436,49.213577,16.593316,14,49.1951,16.6068,2.28,5.1
1597358924,49.847777,18.275456,12,49.8209,18.2625,3.13,8.0
1486492492,49.196788,16.608379,14,49.1951,16.6068,0.22,4.8
2476323660,48.978562,14.479875,1,48.9745,14.4743,0.61,4.1
3664712524,50.132912,14.137764,10,50.088,14.4208,20.79,34.4
3962639180,49.405269,14.703242,1,48.9745,14.4743,50.71,35.4
3505529676,49.673633,13.985288,2,49.7384,13.3736,44.57,64.6
2465649484,50.115748,14.468445,10,50.088,14.4208,4.59,11.9
3310404428,50.056092,14.409175,10,50.088,14.4208,3.64,9.6
945886028,50.725755,15.158057,5,50.7671,15.0562,8.51,15.6
2127893324,50.131096,14.465878,10,50.088,14.4208,5.77,15.7
1389695820,49.290987,17.395204,9,49.2265,17.6625,20.68,32.6
3216204,49.405269,14.703242,1,48.9745,14.4743,50.71,35.4
3139507020,49.405269,14.703242,1,48.9745,14.4743,50.71,35.4
2968658764,49.673633,13.985288,2,49.7384,13.3736,44.57,64.6
3730645836,50.09118,14.425234,10,50.088,14.4208,0.47,3.6
126399308,50.239721,14.31122,10,50.088,14.4208,18.59,33.4
4175020876,50.130577,14.549412,11,50.0406,14.5567,10.02,21.2
3287733068,50.115748,14.468445,10,50.088,14.4208,4.59,11.9
1642480204,49.395324,14.165651,1,48.9745,14.4743,51.89,71.3
3485733708,50.413419,12.919695,3,50.2327,12.8712,20.39,30.4
482612044,49.490394,16.66778,14,49.1951,16.6068,33.13,43.3
2023670604,50.048014,15.762245,7,50.0343,15.7704,1.63,3.9
1819865932,49.006487,14.541083,1,48.9745,14.4743,6.03,10.7
2698789452,49.737566,13.392915,2,49.7384,13.3736,1.39,4.7
2105078604,49.006487,14.541083,1,48.9745,14.4743,6.03,10.7
645673804,49.389929,13.471059,2,49.7384,13.3736,39.38,52.8
3648582476,49.006487,14.541083,1,48.9745,14.4743,6.03,10.7
2658726732,49.006487,14.541083,1,48.9745,14.4743,6.03,10.7
1064891212,49.006487,14.541083,1,48.9745,14.4743,6.03,10.7
779678540,49.006487,14.541083,1,48.9745,14.4743,6.03,10.7
3446534988,50.134274,14.140486,10,50.088,14.4208,20.64,35.5
2955813708,50.498096,13.634293,4,50.6607,14.0328,33.45,41.6
477688652,49.006487,14.541083,1,48.9745,14.4743,6.03,10.7
412709964,49.082103,13.455734,2,49.7384,13.3736,73.22,102.0
3653292876,50.144117,14.099775,10,50.088,14.4208,23.73,37.1
4283278156,50.766601,15.062711,5,50.7671,15.0562,0.46,1.3
3095642700,49.004277,14.754544,1,48.9745,14.4743,20.71,24.6
1062052684,50.766601,15.062711,5,50.7671,15.0562,0.46,1.3
831378764,48.737966,14.110538,1,48.9745,14.4743,37.42,43.2
1679763276,50.224375,12.883903,3,50.2327,12.8712,1.29,3.8
2527306316,49.944149,14.609017,11,50.0406,14.5567,11.36,19.4
1642530124,50.225738,12.877225,3,50.2327,12.8712,0.88,2.6
1997959756,49.143841,13.55424,2,49.7384,13.3736,67.39,87.8
455369292,50.770487,15.432582,5,50.7671,15.0562,26.47,49.8
2877882956,50.684343,15.527938,5,50.7671,15.0562,34.46,65.1
2179892044,49.772759,17.112084,8,49.5938,17.2509,22.26,31.9
4259279436,48.865123,13.911219,1,48.9745,14.4743,42.9,66.7
925057612,49.965166,12.708625,3,50.2327,12.8712,31.93,47.4
4196688460,50.770487,15.432582,5,50.7671,15.0562,26.47,49.8
3942666828,49.004277,14.754544,1,48.9745,14.4743,20.71,24.6
1617335116,49.842487,18.287325,12,49.8209,18.2625,2.99,8.1
3246822220,50.78063,15.424162,5,50.7671,15.0562,25.92,47.9
4234580812,49.842487,18.287325,12,49.8209,18.2625,2.99,8.1
1015145292,50.774838,15.42685,5,50.7671,15.0562,26.08,48.7
3498500940,50.092075,14.434117,10,50.088,14.4208,1.05,5.7
4082426700,50.5865,14.633124,5,50.7671,15.0562,35.94,60.9
1377354572,49.941859,14.610045,11,50.0406,14.5567,11.62,20.1
615306060,49.004277,14.754544,1,48.9745,14.4743,20.71,24.6
1388581708,48.824246,14.326471,1,48.9745,14.4743,19.9,23.9
2121085772,50.421887,14.911214,5,50.7671,15.0562,39.73,37.4
2443428684,50.415118,14.90372,5,50.7671,15.0562,40.59,37.8
2249208652,50.819186,14.968301,5,50.7671,15.0562,8.47,11.6
3726127948,49.991199,14.731116,11,50.0406,14.5567,13.62,24.1
3972674380,49.077544,17.449778,9,49.2265,17.6625,22.66,31.8
2165789260,50.474467,15.387357,5,50.7671,15.0562,40.06,48.1
137413452,48.981486,14.471034,1,48.9745,14.4743,0.81,3.2
3983029068,50.675708,14.106727,4,50.6607,14.0328,5.47,9.4
2138276684,50.580736,15.89724,6,50.2104,15.8252,41.49,50.1
2270819148,49.597611,17.269535,8,49.5938,17.2509,1.41,4.5
2747675212,50.770399,15.047304,5,50.7671,15.0562,0.73,4.2
2462593868,49.801881,18.241266,12,49.8209,18.2625,2.61,5.7
2742539084,48.765462,14.032102,1,48.9745,14.4743,39.83,51.5
3556950860,49.180221,16.619231,14,49.1951,16.6068,1.89,6.3
2742170444,49.8757,18.428581,12,49.8209,18.2625,13.38,27.0
3342254924,49.40296,15.589721,13,49.3961,15.5904,0.76,1.9
1456370252,49.941391,14.702812,11,50.0406,14.5567,15.19,22.7
1938281292,49.209299,16.610439,14,49.1951,16.6068,1.6,4.7
4081574476,48.912026,13.897346,1,48.9745,14.4743,42.71,59.1
3497145164,49.57972,17.272467,8,49.5938,17.2509,2.21,5.0
492819276,49.775014,13.356902,2,49.7384,13.3736,4.24,9.8
817734476,49.021415,13.996544,1,48.9745,14.4743,35.24,45.7
3536245580,48.981324,14.484863,1,48.9745,14.4743,1.08,4.0
3669390668,49.265897,16.564342,14,49.1951,16.6068,8.45,15.2
2602619724,49.134142,16.6535,14,49.1951,16.6068,7.58,13.8
1953641292,50.071562,17.090956,8,49.5938,17.2509,54.35,69.4
481805132,49.46123,18.137187,12,49.8209,18.2625,41.0,55.6
945959756,49.294523,16.219588,14,49.1951,16.6068,30.2,30.6
3110220620,50.73889,15.3017,5,50.7671,15.0562,17.55,31.1
3245060940,48.802603,14.311699,1,48.9745,14.4743,22.51,28.1
434058060,48.84633,16.057468,14,49.1951,16.6068,55.75,57.8
2395005772,50.091887,14.448312,10,50.088,14.4208,2.01,6.5
1480852044,49.607321,15.574063,13,49.3961,15.5904,23.52,25.3
1841537868,50.726368,15.596954,5,50.7671,15.0562,38.32,80.1
710460236,50.413104,14.914624,5,50.7671,15.0562,40.61,37.2
4041859916,49.787931,14.691939,11,50.0406,14.5567,29.72,33.4
783213388,50.189805,15.052747,11,50.0406,14.5567,39.07,49.1
2963735116,49.709466,13.319503,2,49.7384,13.3736,5.05,9.3
993506124,50.281172,14.239472,10,50.088,14.4208,25.06,35.7
3766547276,50.75453,15.314548,5,50.7671,15.0562,18.23,34.2
2660700748,49.747783,13.378349,2,49.7384,13.3736,1.1,5.4
2440499788,49.747783,13.378349,2,49.7384,13.3736,1.1,5.4
3483607884,50.726368,15.596954,5,50.7671,15.0562,38.32,80.1
23212876,49.294523,16.219588,14,49.1951,16.6068,30.2,30.6
1717711692,49.294523,16.219588,14,49.1951,16.6068,30.2,30.6
2836386636,50.526928,14.123754,4,50.6607,14.0328,16.2,25.8
4049744716,49.294523,16.219588,14,49.1951,16.6068,30.2,30.6
3881972556,49.950567,15.797686,7,50.0343,15.7704,9.51,14.3
1787741004,48.799708,16.101289,14,49.1951,16.6068,57.38,60.2
787665740,50.1152,14.5653,11,50.0406,14.5567,8.32,20.4
3043111756,50.093502,13.722878,2,49.7384,13.3736,46.74,70.0
3668652876,49.176556,16.554711,14,49.1951,16.6068,4.31,11.3
375534412,49.200221,16.607841,14,49.1951,16.6068,0.57,2.2
2475082572,50.131139,14.742088,11,50.0406,14.5567,16.62,28.2
463630924,50.235532,14.095852,10,50.088,14.4208,28.37,37.6
3940848460,49.208764,16.68339,14,49.1951,16.6068,5.77,14.3
1210184524,49.686121,14.010988,2,49.7384,13.3736,46.2,67.3
232383308,49.200119,16.58065,14,49.1951,16.6068,1.98,4.6
566629708,50.002731,14.968457,11,50.0406,14.5567,29.72,46.5
831017548,50.002731,14.968457,11,50.0406,14.5567,29.72,46.5
85070412,49.254644,16.509929,14,49.1951,16.6068,9.66,18.3
3826389580,49.254644,16.509929,14,49.1951,16.6068,9.66,18.3
1142035020,49.254644,16.509929,14,49.1951,16.6068,9.66,18.3
4088574796,49.17608,16.639947,14,49.1951,16.6068,3.21,8.7
2863838028,49.17608,16.639947,14,49.1951,16.6068,3.21,8.7
1368847180,49.17608,16.639947,14,49.1951,16.6068,3.21,8.7
3736253260,49.17608,16.639947,14,49.1951,16.6068,3.21,8.7
138801996,49.17608,16.639947,14,49.1951,16.6068,3.21,8.7
278250316,49.217544,16.498375,14,49.1951,16.6068,8.26,18.4
1960391500,49.266737,13.901656,1,48.9745,14.4743,52.84,59.6
1955566156,48.758969,16.882033,14,49.1951,16.6068,52.49,46.1
3089601100,48.758969,16.882033,14,49.1951,16.6068,52.49,46.1
357356364,49.1438,14.994656,1,48.9745,14.4743,42.33,49.9
4038627916,48.758969,16.882033,14,49.1951,16.6068,52.49,46.1
297308748,48.758969,16.882033,14,49.1951,16.6068,52.49,46.1
3616510540,48.758969,16.882033,14,49.1951,16.6068,52.49,46.1
2533315148,48.778409,16.758611,14,49.1951,16.6068,47.64,51.9
1881060172,50.177966,14.420009,10,50.088,14.4208,10.0,21.7
185373260,48.758969,16.882033,14,49.1951,16.6068,52.49,46.1
2282672972,49.190761,16.62981,14,49.1951,16.6068,1.74,6.0
4063208268,50.058155,14.4258,10,50.088,14.4208,3.34,9.3
3074392908,49.886772,14.348031,11,50.0406,14.5567,22.7,35.9
940815180,49.658532,17.924055,12,49.8209,18.2625,30.29,32.0
171352908,48.75209,16.381313,14,49.1951,16.6068,51.94,54.7
411775820,49.12779,16.616856,14,49.1951,16.6068,7.52,14.0
1412932428,49.173304,16.56781,14,49.1951,16.6068,3.73,9.6
4110164556,49.2002,16.616045,14,49.1951,16.6068,0.88,3.9
338399820,50.654116,15.603966,5,50.7671,15.0562,40.56,68.4
3188667212,48.765557,16.893166,14,49.1951,16.6068,52.14,44.0
3976249932,50.087152,14.471583,10,50.088,14.4208,3.62,10.7
1427161676,50.087025,14.471383,10,50.088,14.4208,3.61,10.7
199861068,49.173304,16.56781,14,49.1951,16.6068,3.73,9.6
1694012236,48.848935,17.132446,14,49.1951,16.6068,54.32,57.4
2719920972,50.177966,14.420009,10,50.088,14.4208,10.0,21.7
1351824204,50.412629,14.906933,5,50.7671,15.0562,40.8,37.1
2041792076,49.198904,16.616922,14,49.1951,16.6068,0.85,3.5
4148282188,49.771108,18.458386,12,49.8209,18.2625,15.11,23.3
2051879756,50.143941,14.089669,10,50.088,14.4208,24.42,38.3
4052427596,49.958307,14.044658,10,50.088,14.4208,30.5,35.4
1075446348,49.95748,14.044071,10,50.088,14.4208,30.58,35.4
3793421132,50.086278,14.374229,10,50.088,14.4208,3.33,9.8
758125388,50.779061,15.423817,5,50.7671,15.0562,25.88,47.4
2455914060,49.198904,16.616922,14,49.1951,16.6068,0.85,3.5
1728172876,49.198904,16.616922,14,49.1951,16.6068,0.85,3.5
1964905292,50.779061,15.423817,5,50.7671,15.0562,25.88,47.4
4101444428,50.699082,15.587927,5,50.7671,15.0562,38.18,74.4
926819148,49.144415,16.876674,14,49.1951,16.6068,20.41,23.7
3881501516,50.116159,14.495863,10,50.088,14.4208,6.2,13.6
1259012940,50.031611,14.379066,10,50.088,14.4208,6.94,16.1
877807180,49.198904,16.616922,14,49.1951,16.6068,0.85,3.5
2230661964,49.174072,16.567472,14,49.1951,16.6068,3.69,9.3
2808353612,50.090005,14.447664,10,50.088,14.4208,1.93,6.6
1661666124,50.227788,12.861008,3,50.2327,12.8712,0.91,2.5
3546268492,50.453996,14.892935,5,50.7671,15.0562,36.67,37.6
3171603276,50.189144,14.648046,11,50.0406,14.5567,17.76,29.1
822744140,49.200355,16.615982,14,49.1951,16.6068,0.89,3.9
2233016908,49.200355,16.615982,14,49.1951,16.6068,0.89,3.9
2784814412,49.198904,16.616922,14,49.1951,16.6068,0.85,3.5
1348403788,49.198904,16.616922,14,49.1951,16.6068,0.85,3.5
3612463948,49.198904,16.616922,14,49.1951,16.6068,0.85,3.5
1126290252,49.198904,16.616922,14,49.1951,16.6068,0.85,3.5
2011288396,49.198904,16.616922,14,49.1951,16.6068,0.85,3.5
1864487756,49.198904,16.616922,14,49.1951,16.6068,0.85,3.5
286380876,49.198904,16.616922,14,49.1951,16.6068,0.85,3.5
2313278284,49.198904,16.616922,14,49.1951,16.6068,0.85,3.5
1088541516,49.198904,16.616922,14,49.1951,16.6068,0.85,3.5
1708249932,49.198904,16.616922,14,49.1951,16.6068,0.85,3.5
886166348,49.198904,16.616922,14,49.1951,16.6068,0.85,3.5
1273090892,49.198904,16.616922,14,49.1951,16.6068,0.85,3.5
3604075340,49.198904,16.616922,14,49.1951,16.6068,0.85,3.5
3704738636,49.198904,16.616922,14,49.1951,16.6068,0.85,3.5
4092257100,49.186914,16.612993,14,49.1951,16.6068,1.02,4.0
76493644,49.198904,16.616922,14,49.1951,16.6068,0.85,3.5
3971953484,49.198904,16.616922,14,49.1951,16.6068,0.85,3.5
3740005708,49.199639,16.620007,14,49.1951,16.6068,1.08,4.1
2705163084,49.781442,14.686812,11,50.0406,14.5567,30.29,34.8
2722050892,48.801644,16.640441,14,49.1951,16.6068,43.82,45.3
1954403148,49.781494,14.685886,11,50.0406,14.5567,30.26,34.2
1400570700,50.067892,14.456704,10,50.088,14.4208,3.4,11.6
3591045964,50.410463,16.156068,6,50.2104,15.8252,32.36,37.6
527356748,48.76793,16.887969,14,49.1951,16.6068,51.74,43.4
861877068,48.800823,16.64474,14,49.1951,16.6068,43.93,45.2
543884108,50.052129,14.436517,10,50.088,14.4208,4.14,12.0
3473945420,48.751454,16.858574,14,49.1951,16.6068,52.64,48.9
873136972,49.178868,16.553545,14,49.1951,16.6068,4.27,11.2
1099309900,48.760174,16.888363,14,49.1951,16.6068,52.55,44.5
3313242956,49.868028,18.424014,12,49.8209,18.2625,12.71,24.6
2573931340,49.141289,16.667547,14,49.1951,16.6068,7.44,15.2
1777996620,49.300815,16.657668,14,49.1951,16.6068,12.32,38.7
107877196,49.472262,17.12551,8,49.5938,17.2509,16.26,18.9
293147468,49.472262,17.12551,8,49.5938,17.2509,16.26,18.9
3260814156,49.78224,18.268937,12,49.8209,18.2625,4.32,8.6
3904836428,50.093564,14.455378,10,50.088,14.4208,2.54,7.2
2406486860,49.849169,18.271672,12,49.8209,18.2625,3.21,6.9
993723212,50.49671,13.654417,4,50.6607,14.0328,32.35,40.2
155456332,48.828735,16.401685,14,49.1951,16.6068,43.4,44.2
3970765644,50.106193,14.545309,11,50.0406,14.5567,7.34,18.8
1751257932,49.774925,18.247048,12,49.8209,18.2625,5.23,10.6
1788359500,50.090603,14.442817,10,50.088,14.4208,1.6,6.0
1129583436,49.972796,14.289158,10,50.088,14.4208,15.89,28.5
3699311180,50.75539,15.312688,5,50.7671,15.0562,18.09,34.5
3409642316,49.949646,15.655806,7,50.0343,15.7704,12.48,18.8
4235989836,50.220775,15.847881,6,50.2104,15.8252,1.98,4.2
2009854796,49.179952,16.619516,14,49.1951,16.6068,1.92,6.4
3357782860,49.586335,17.25915,8,49.5938,17.2509,1.02,3.2
3405620044,50.693449,15.733144,5,50.7671,15.0562,48.34,105.9
4258255692,50.064723,14.736042,11,50.0406,14.5567,13.08,25.6
3019912012,49.153213,16.893069,14,49.1951,16.6068,21.33,24.8
4093682508,49.523731,16.259478,14,49.1951,16.6068,44.36,57.6
4064252748,50.685586,15.401524,5,50.7671,15.0562,25.94,42.0
3402285900,49.788572,13.978034,2,49.7384,13.3736,43.77,49.5
1991099212,49.788572,13.978034,2,49.7384,13.3736,43.77,49.5
3450717004,49.788572,13.978034,2,49.7384,13.3736,43.77,49.5
1505932108,49.992424,14.208354,10,50.088,14.4208,18.52,30.3
760898124,50.769234,15.281111,5,50.7671,15.0562,15.82,32.9
698733132,50.707543,15.177328,5,50.7671,15.0562,10.79,18.7
1171964748,49.788572,13.978034,2,49.7384,13.3736,43.77,49.5
1920590668,49.190481,16.626647,14,49.1951,16.6068,1.53,6.0
2026025804,49.992424,14.208354,10,50.088,14.4208,18.52,30.3
3540640588,50.769465,15.280977,5,50.7671,15.0562,15.81,32.9
1063240524,50.752152,15.302253,5,50.7671,15.0562,17.39,34.9
1686238028,50.093008,14.29925,10,50.088,14.4208,8.69,19.9
249877324,50.093008,14.29925,10,50.088,14.4208,8.69,19.9
1277084492,50.769234,15.281111,5,50.7671,15.0562,15.82,32.9
1278935884,50.103542,14.515822,10,50.088,14.4208,6.99,14.7
305857356,48.975815,16.505489,14,49.1951,16.6068,25.48,27.8
3950252876,49.216423,16.496038,14,49.1951,16.6068,8.39,19.2
2184905548,48.975815,16.505489,14,49.1951,16.6068,25.48,27.8
2621113164,50.766684,14.214899,4,50.6607,14.0328,17.41,27.4
244781900,49.665175,18.683983,12,49.8209,18.2625,34.89,39.2
591070028,49.219052,16.620578,14,49.1951,16.6068,2.85,7.9
103158604,49.872148,18.431685,12,49.8209,18.2625,13.4,27.1
2379035468,49.85355,18.562136,12,49.8209,18.2625,21.79,33.5
3031864140,49.198904,16.616922,14,49.1951,16.6068,0.85,3.5
264987212,49.200239,16.61752,14,49.1951,16.6068,0.97,4.1
1354142540,49.198904,16.616922,14,49.1951,16.6068,0.85,3.5
3486212684,49.200239,16.61752,14,49.1951,16.6068,0.97,4.1
3895133004,50.140042,14.447236,10,50.088,14.4208,6.09,15.9
1607164492,49.200239,16.61752,14,49.1951,16.6068,0.97,4.1
4006306380,49.200239,16.61752,14,49.1951,16.6068,0.97,4.1
419767116,50.633142,13.845821,4,50.6607,14.0328,13.54,16.5
2578907724,49.199726,16.613789,14,49.1951,16.6068,0.72,4.6
70984524,50.231587,14.085404,10,50.088,14.4208,28.74,38.1
2353505100,49.204303,16.669055,14,49.1951,16.6068,4.64,12.7
3907261772,50.161458,14.135164,10,50.088,14.4208,21.94,34.6
1196286796,49.197095,16.579848,14,49.1951,16.6068,1.97,4.9
2904175436,49.198814,16.575479,14,49.1951,16.6068,2.31,7.9
3633509708,50.7776,15.423745,5,50.7671,15.0562,25.87,47.4
2793284428,50.155489,15.466872,7,50.0343,15.7704,25.5,30.9
474489676,49.851061,14.02852,10,50.088,14.4208,38.49,47.0
2346980684,50.161458,14.135164,10,50.088,14.4208,21.94,34.6
641401676,49.469601,17.114418,8,49.5938,17.2509,16.96,18.4
2662798156,50.064271,14.446062,10,50.088,14.4208,3.2,10.2
4172747596,50.064271,14.446062,10,50.088,14.4208,3.2,10.2
3991413580,50.685586,15.401524,5,50.7671,15.0562,25.94,42.0
900604492,50.695213,15.736324,5,50.7671,15.0562,48.53,105.5
3269927756,49.820297,18.368261,12,49.8209,18.2625,7.59,13.2
1209152332,49.207614,16.610928,14,49.1951,16.6068,1.42,4.3
2805662540,50.240779,12.881938,3,50.2327,12.8712,1.18,4.9
1966801740,49.953244,12.698531,3,50.2327,12.8712,33.43,47.9
3704611660,49.99471,16.496629,7,50.0343,15.7704,52.08,74.6
3708359500,49.804818,18.432647,12,49.8209,18.2625,12.34,20.6
3014595404,49.769955,18.310148,12,49.8209,18.2625,6.62,12.5
1289278284,50.481353,13.425135,4,50.6607,14.0328,47.32,53.2
2195247948,50.484694,13.435557,4,50.6607,14.0328,46.5,52.2
3559727948,50.490811,13.645795,4,50.6607,14.0328,33.22,40.8
503649100,50.684489,13.858149,4,50.6607,14.0328,12.59,19.1
2790339404,49.308407,16.533392,14,49.1951,16.6068,13.68,18.1
2276119372,50.640397,13.824506,4,50.6607,14.0328,14.86,20.5
1385874252,50.041498,15.755049,7,50.0343,15.7704,1.36,5.1
3677029196,50.140731,14.445369,10,50.088,14.4208,6.12,17.3
2103116620,50.110658,14.517806,10,50.088,14.4208,7.36,13.8
673907532,50.140731,14.445369,10,50.088,14.4208,6.12,17.3
1210778444,50.140731,14.445369,10,50.088,14.4208,6.12,17.3
153813836,50.140042,14.447236,10,50.088,14.4208,6.09,15.9
2016084812,50.140731,14.445369,10,50.088,14.4208,6.12,17.3
2552955724,50.140042,14.447236,10,50.088,14.4208,6.09,15.9
1495991116,50.140042,14.447236,10,50.088,14.4208,6.09,15.9
2838168396,50.140042,14.447236,10,50.088,14.4208,6.09,15.9
4180345676,50.140042,14.447236,10,50.088,14.4208,6.09,15.9
1147343692,50.080698,14.502304,10,50.088,14.4208,5.87,15.5
3295359820,50.636764,13.818457,4,50.6607,14.0328,15.35,17.9
204145484,48.942126,16.725191,14,49.1951,16.6068,29.42,29.0
3834237772,49.04599,16.311476,14,49.1951,16.6068,27.14,42.2
1480209228,49.991331,14.41726,10,50.088,14.4208,10.75,22.0
3813020492,50.075412,14.414598,10,50.088,14.4208,1.47,6.4
3091018572,49.222794,16.634399,14,49.1951,16.6068,3.67,9.1
3874952012,50.086009,14.469324,10,50.088,14.4208,3.47,11.3
3354604364,50.771202,15.253135,5,50.7671,15.0562,13.86,27.9
1395327820,48.87725,17.359391,9,49.2265,17.6625,44.68,54.0
2246193996,49.73746,13.327258,2,49.7384,13.3736,3.33,8.6
2193609548,49.144984,16.8765,14,49.1951,16.6068,20.38,23.7
271254348,48.87725,17.359391,9,49.2265,17.6625,44.68,54.0
3541353292,50.099025,14.482987,10,50.088,14.4208,4.6,10.6
4248945484,49.720658,18.592376,12,49.8209,18.2625,26.18,34.7
3179357004,50.033701,15.766567,7,50.0343,15.7704,0.28,2.2
2779816780,49.180556,16.638568,14,49.1951,16.6068,2.82,7.8
2614240076,50.039085,14.323065,10,50.088,14.4208,8.85,19.6
3133968972,50.067783,14.7344,11,50.0406,14.5567,13.04,24.8
288798028,49.180005,16.619536,14,49.1951,16.6068,1.92,6.4
3328762444,49.199601,16.619608,14,49.1951,16.6068,1.06,4.0
1173443148,49.199601,16.619608,14,49.1951,16.6068,1.06,4.0
758416204,49.588901,17.2764,8,49.5938,17.2509,1.92,5.0
366093132,50.408346,12.984081,3,50.2327,12.8712,21.11,32.5
3099730764,50.408346,12.984081,3,50.2327,12.8712,21.11,32.5
1374798668,49.245488,16.655369,14,49.1951,16.6068,6.62,32.1
1916212044,49.579184,17.259782,8,49.5938,17.2509,1.75,4.0
1784349516,50.084,14.243389,10,50.088,14.4208,12.67,24.3
1702396492,49.569081,17.247665,8,49.5938,17.2509,2.76,6.8
180859724,48.796472,16.812888,14,49.1951,16.6068,46.81,46.4
770745164,50.435509,14.880012,5,50.7671,15.0562,38.91,41.4
4217181004,50.130918,14.136203,10,50.088,14.4208,20.85,34.3
923935564,49.118624,16.346243,14,49.1951,16.6068,20.77,29.6
3619427148,49.180063,16.601103,14,49.1951,16.6068,1.72,5.3
1099551564,49.186255,16.652933,14,49.1951,16.6068,3.49,8.5
1159729996,50.030212,15.792431,7,50.0343,15.7704,1.64,5.8
935719756,50.235089,14.102134,10,50.088,14.4208,27.98,38.2
3295347532,49.870426,13.947911,10,50.088,14.4208,41.58,43.5
1264255820,50.488207,15.040574,5,50.7671,15.0562,31.03,31.1
2943619916,50.086995,14.374834,10,50.088,14.4208,3.28,9.5
1431311180,50.490618,13.437489,4,50.6607,14.0328,46.1,52.3
2181231436,50.779109,15.075867,5,50.7671,15.0562,1.92,5.9
2802062156,50.090926,14.297184,10,50.088,14.4208,8.82,19.3
3897234252,49.732246,13.761404,2,49.7384,13.3736,27.88,40.3
2975150924,48.853282,16.047814,14,49.1951,16.6068,55.73,59.5
3504534348,50.779109,15.075867,5,50.7671,15.0562,1.92,5.9
274805580,49.492375,16.662489,14,49.1951,16.6068,33.3,42.3
2696266572,49.732246,13.761404,2,49.7384,13.3736,27.88,40.3
4174234444,48.853282,16.047814,14,49.1951,16.6068,55.73,59.5
3015971660,48.824246,14.326471,1,48.9745,14.4743,19.9,23.9
1916932940,48.877743,16.045314,14,49.1951,16.6068,54.04,64.1
697570124,50.029372,14.361618,10,50.088,14.4208,7.77,18.4
1110504012,48.640162,14.223399,1,48.9745,14.4743,41.47,58.6
2173309772,50.080618,14.431097,10,50.088,14.4208,1.1,7.8
407638860,49.836863,18.271926,12,49.8209,18.2625,1.9,4.9
1041044300,48.803984,14.310959,1,48.9745,14.4743,22.41,28.0
2039747404,50.029372,14.361618,10,50.088,14.4208,7.77,18.4
766972748,50.223395,14.079267,10,50.088,14.4208,28.61,38.1
2147922764,50.223395,14.079267,10,50.088,14.4208,28.61,38.1
2091234124,50.207888,16.453839,6,50.2104,15.8252,44.74,68.1
250880844,50.595512,13.587394,4,50.6607,14.0328,32.24,41.6
3661828940,50.223395,14.079267,10,50.088,14.4208,28.61,38.1
3251049292,50.029743,14.368986,10,50.088,14.4208,7.46,17.4
1417089868,50.061821,14.231637,10,50.088,14.4208,13.81,26.0
432870220,50.470768,13.396162,3,50.2327,12.8712,45.7,55.3
2256224844,50.781265,15.420634,5,50.7671,15.0562,25.67,46.5
2705883980,49.849404,13.877736,2,49.7384,13.3736,38.23,35.9
3492746060,49.836863,18.271926,12,49.8209,18.2625,1.9,4.9
3969127244,49.826353,18.194651,12,49.8209,18.2625,4.9,8.8
2946437964,50.191869,15.857261,6,50.2104,15.8252,3.07,7.6
1469322060,50.043949,14.422913,10,50.088,14.4208,4.9,12.0
3675034444,49.234907,16.602104,14,49.1951,16.6068,4.44,10.2
1629262668,49.234907,16.602104,14,49.1951,16.6068,4.44,10.2
3258749772,49.234907,16.602104,14,49.1951,16.6068,4.44,10.2
753939276,49.177894,16.591821,14,49.1951,16.6068,2.2,6.8
853590860,49.836839,18.29019,12,49.8209,18.2625,2.66,6.7
761602892,50.186787,15.026764,11,50.0406,14.5567,37.25,48.5
1033114444,49.591807,18.117415,12,49.8209,18.2625,27.53,37.8
1370952524,50.761287,15.384356,5,50.7671,15.0562,23.09,43.6
1038365516,49.280078,16.565406,14,49.1951,16.6068,9.92,14.0
2733511500,49.840806,18.282626,12,49.8209,18.2625,2.64,6.8
1725285196,49.197522,16.658122,14,49.1951,16.6068,3.74,10.1
1866281804,48.752808,16.887954,14,49.1951,16.6068,53.29,46.7
545968972,49.19123,16.577519,14,49.1951,16.6068,2.17,5.3
1222775628,50.670148,14.073865,4,50.6607,14.0328,3.08,6.2
1521939276,49.360637,18.283561,9,49.2265,17.6625,47.44,71.9
1911362380,49.10323,16.377715,14,49.1951,16.6068,19.54,30.1
920961868,49.197522,16.658122,14,49.1951,16.6068,3.74,10.1
206050124,49.853566,18.279339,12,49.8209,18.2625,3.83,8.5
2393240396,50.49334,13.659271,4,50.6607,14.0328,32.28,40.4
467932492,50.161458,14.135164,10,50.088,14.4208,21.94,34.6
1597182796,50.759461,15.070718,5,50.7671,15.0562,1.33,5.4
3754103628,50.173045,12.646915,3,50.2327,12.8712,17.29,18.1
1937998668,49.106759,16.601435,14,49.1951,16.6068,9.83,14.1
1435308876,49.596031,17.267295,8,49.5938,17.2509,1.21,4.0
4097999692,49.229386,16.532707,14,49.1951,16.6068,6.6,12.3
3926995788,50.075192,14.326495,10,50.088,14.4208,6.88,14.9
475210572,50.082414,14.502293,10,50.088,14.4208,5.85,14.5
909365836,49.099795,17.759287,9,49.2265,17.6625,15.75,29.4
2755822412,50.567715,14.654175,5,50.7671,15.0562,35.98,55.7
666080076,50.139263,14.334373,10,50.088,14.4208,8.39,18.3
3260031820,49.676009,13.991335,2,49.7384,13.3736,44.96,65.1
188683084,50.761424,15.096561,5,50.7671,15.0562,2.91,7.2
606876236,50.18311,14.67695,11,50.0406,14.5567,18.02,28.1
3738112844,50.499839,13.661766,4,50.6607,14.0328,31.72,37.7
3573154380,50.18311,14.67695,11,50.0406,14.5567,18.02,28.1
3763614540,49.487018,16.671658,14,49.1951,16.6068,32.8,43.9
648422220,49.413411,15.594316,13,49.3961,15.5904,1.95,5.0
29168460,49.178655,16.679577,14,49.1951,16.6068,5.6,12.5
926332236,49.180078,16.619495,14,49.1951,16.6068,1.91,6.4
2145161804,50.06463,14.735554,11,50.0406,14.5567,13.05,25.7
1737036364,50.787888,14.467534,4,50.6607,14.0328,33.71,50.1
4042789708,50.064836,14.908617,11,50.0406,14.5567,25.27,37.7
3502318156,50.161963,14.311096,10,50.088,14.4208,11.35,21.8
3601809996,50.161963,14.311096,10,50.088,14.4208,11.35,21.8
1643647820,50.430507,14.909661,5,50.7671,15.0562,38.83,38.0
791401036,50.161963,14.311096,10,50.088,14.4208,11.35,21.8
4049400652,50.161963,14.311096,10,50.088,14.4208,11.35,21.8
3629834828,50.161963,14.311096,10,50.088,14.4208,11.35,21.8
856015692,50.131727,14.338784,10,50.088,14.4208,7.61,17.5
2305430348,49.390809,15.600347,13,49.3961,15.5904,0.93,2.6
3195466572,50.111933,14.685196,11,50.0406,14.5567,12.12,26.5
2826707788,50.626966,15.609374,5,50.7671,15.0562,41.96,67.8
2399515468,50.207888,16.453839,6,50.2104,15.8252,44.74,68.1
310891340,49.31387,14.128579,1,48.9745,14.4743,45.35,51.7
433922892,50.435509,14.880012,5,50.7671,15.0562,38.91,41.4
1307616076,50.435509,14.880012,5,50.7671,15.0562,38.91,41.4
1117655884,50.435509,14.880012,5,50.7671,15.0562,38.91,41.4
2676233036,50.629263,13.694012,4,50.6607,14.0328,24.14,31.3
2914722636,50.435509,14.880012,5,50.7671,15.0562,38.91,41.4
1391502156,50.435509,14.880012,5,50.7671,15.0562,38.91,41.4
2720019276,50.151062,15.113364,11,50.0406,14.5567,41.56,45.1
1015288652,50.135185,14.138265,10,50.088,14.4208,20.82,34.8
4074185548,48.963491,14.483694,1,48.9745,14.4743,1.4,4.1
2136728396,49.206439,16.641026,14,49.1951,16.6068,2.79,8.5
3749851980,50.038549,14.428067,10,50.088,14.4208,5.52,14.9
717472588,49.196299,16.633454,14,49.1951,16.6068,1.94,7.4
4042904396,50.024563,15.212165,7,50.0343,15.7704,39.89,49.5
3839111756,50.603599,15.327862,5,50.7671,15.0562,26.4,38.3
1717576524,50.46347,13.410043,3,50.2327,12.8712,46.05,54.5
1651450700,50.3111,12.870044,3,50.2327,12.8712,8.72,17.2
54805068,48.805639,16.385585,14,49.1951,16.6068,46.22,52.4
3414037324,50.690484,14.524183,4,50.6607,14.0328,34.78,56.8
3523097420,49.959919,12.672115,3,50.2327,12.8712,33.49,44.7
1578013516,49.788572,13.978034,2,49.7384,13.3736,43.77,49.5
2706649932,49.183151,16.621001,14,49.1951,16.6068,1.68,5.3
3790218060,50.654717,13.85076,4,50.6607,14.0328,12.85,18.2
2343486284,49.18313,16.620947,14,49.1951,16.6068,1.68,5.3
872751948,49.199599,16.591979,14,49.1951,16.6068,1.19,3.9
3574846284,49.205929,17.588049,9,49.2265,17.6625,5.87,11.2
3717632844,49.164291,16.603201,14,49.1951,16.6068,3.44,7.9
1821966924,50.634958,15.710593,6,50.2104,15.8252,47.9,67.8
3311927884,50.634958,15.710593,6,50.2104,15.8252,47.9,67.8
1194210124,49.794254,18.231524,12,49.8209,18.2625,3.7,9.4
2591830860,49.745959,13.322223,2,49.7384,13.3736,3.79,8.7
3063480908,50.634958,15.710593,6,50.2104,15.8252,47.9,67.8
2961445708,50.75403,15.0424,5,50.7671,15.0562,1.75,6.5
3204957004,49.715711,12.776903,2,49.7384,13.3736,42.96,38.4
4190647116,49.745473,18.622959,12,49.8209,18.2625,27.2,33.9
2730566476,49.733884,13.371957,2,49.7384,13.3736,0.52,2.6
1963508556,49.732488,13.373592,2,49.7384,13.3736,0.66,2.0
1141183308,49.181037,16.589786,14,49.1951,16.6068,1.99,5.7
3586265932,49.722247,17.288174,8,49.5938,17.2509,14.53,21.7
3726590540,50.713733,15.31539,5,50.7671,15.0562,19.18,33.9
2504835916,49.394658,13.304509,2,49.7384,13.3736,38.55,42.9
1230566220,49.78777,14.684825,11,50.0406,14.5567,29.57,31.7
1522389836,50.008051,12.621495,3,50.2327,12.8712,30.67,39.4
1644741452,50.213352,15.844772,6,50.2104,15.8252,1.43,3.3
2934031180,49.184566,16.618882,14,49.1951,16.6068,1.46,5.3
3267683148,49.963139,15.275128,7,50.0343,15.7704,36.27,49.7
733221708,49.715621,18.055031,12,49.8209,18.2625,18.95,27.5
3911508812,49.877029,18.438363,12,49.8209,18.2625,14.07,26.9
902030156,50.485452,13.435491,4,50.6607,14.0328,46.47,52.0
2597045068,48.842683,14.632953,1,48.9745,14.4743,18.69,26.1
1193001804,49.850018,18.275235,12,49.8209,18.2625,3.36,7.8
3580093260,49.386349,13.037774,2,49.7384,13.3736,46.03,61.3
914625356,49.442519,12.916058,2,49.7384,13.3736,46.58,57.1
2970096460,49.834644,18.282044,12,49.8209,18.2625,2.07,6.4
1215992652,49.226524,17.672173,9,49.2265,17.6625,0.7,2.4
2781053772,50.594098,13.564382,4,50.6607,14.0328,33.86,44.7
2733986380,50.52188,14.97672,5,50.7671,15.0562,27.84,27.4
4228510540,49.846933,18.286985,12,49.8209,18.2625,3.39,8.6
3365323596,49.777885,18.250543,12,49.8209,18.2625,4.86,9.8
2935620172,49.891775,15.469655,7,50.0343,15.7704,26.72,40.2
3899376460,50.06814,14.557242,11,50.0406,14.5567,3.06,9.6
2245071436,49.889583,15.488528,7,50.0343,15.7704,25.8,39.3
3294298956,50.081809,14.310337,10,50.088,14.4208,7.91,18.0
2273579852,49.918193,15.817461,7,50.0343,15.7704,13.34,16.8
766776140,50.103641,14.579485,11,50.0406,14.5567,7.2,21.8
1637356364,49.82701,18.178728,12,49.8209,18.2625,6.05,10.5
2010190412,49.889583,15.488528,7,50.0343,15.7704,25.8,39.3
1043731276,50.107453,14.448963,10,50.088,14.4208,2.95,7.9
1881547596,50.110208,14.474952,10,50.088,14.4208,4.58,11.2
3712533324,50.104793,14.473232,10,50.088,14.4208,4.18,10.0
3599180620,49.187085,16.602174,14,49.1951,16.6068,0.95,4.8
3669234508,50.080544,16.460177,6,50.2104,15.8252,47.5,58.1
3799462732,50.111321,14.510686,10,50.088,14.4208,6.92,14.0
2125730636,50.106604,14.496804,10,50.088,14.4208,5.8,12.7
1068766028,50.077667,14.403192,10,50.088,14.4208,1.7,7.5
255574860,50.764357,15.0478,5,50.7671,15.0562,0.66,5.4
2947814220,50.131086,14.423403,10,50.088,14.4208,4.79,17.1
90829644,49.201303,16.603729,14,49.1951,16.6068,0.72,3.3
1245717324,50.092594,14.479681,10,50.088,14.4208,4.23,11.4
2196034380,49.226655,17.666337,9,49.2265,17.6625,0.28,1.0
2426282828,49.747632,18.586997,12,49.8209,18.2625,24.68,32.5
1884128076,49.754484,16.470276,8,49.5938,17.2509,58.95,57.7
818221900,49.581329,17.255424,8,49.5938,17.2509,1.42,3.6
2270835532,49.747632,18.586997,12,49.8209,18.2625,24.68,32.5
3014923084,49.230838,16.588682,14,49.1951,16.6068,4.19,8.6
480523084,48.847195,17.127931,14,49.1951,16.6068,54.23,56.1
3506262604,49.201837,17.596825,9,49.2265,17.6625,5.5,11.5
1452548940,50.099322,14.399914,10,50.088,14.4208,1.95,8.1
2372150092,50.07629,14.416727,10,50.088,14.4208,1.33,5.4
2712933196,50.77088,14.22111,4,50.6607,14.0328,18.05,28.4
380900172,48.824246,14.326471,1,48.9745,14.4743,19.9,23.9
2210665292,48.824246,14.326471,1,48.9745,14.4743,19.9,23.9
2245333836,50.020438,14.466624,11,50.0406,14.5567,6.81,16.9
3705791820,50.772085,15.431413,5,50.7671,15.0562,26.39,49.1
4197815116,50.764056,15.308249,5,50.7671,15.0562,17.73,37.8
2630906444,50.777867,15.422687,5,50.7671,15.0562,25.8,47.1
1395995468,50.764056,15.308249,5,50.7671,15.0562,17.73,37.8
3936621388,50.219074,15.850999,6,50.2104,15.8252,2.07,4.1
277287756,49.81387,13.39575,2,49.7384,13.3736,8.54,14.6
2317235020,50.779035,15.423764,5,50.7671,15.0562,25.88,47.2
1106715468,49.452264,17.459501,8,49.5938,17.2509,21.78,26.5
3776320332,49.75768,13.41964,2,49.7384,13.3736,3.94,9.3
4272165708,50.445482,15.820307,6,50.2104,15.8252,26.14,33.8
1235489612,49.231295,16.607875,14,49.1951,16.6068,4.03,9.6
2445878092,49.88038,15.061533,11,50.0406,14.5567,40.27,52.5
4042326604,50.683068,15.84806,6,50.2104,15.8252,52.58,67.1
102638412,49.593593,17.998885,12,49.8209,18.2625,31.59,36.8
3199079244,49.786583,18.228827,12,49.8209,18.2625,4.52,9.5
84087628,49.741335,13.322001,2,49.7384,13.3736,3.72,8.6
3095254348,50.641551,15.608983,5,50.7671,15.0562,41.36,66.6
3479774028,49.476004,17.982208,9,49.2265,17.6625,36.14,59.6
3514110796,49.201466,16.616793,14,49.1951,16.6068,1.01,4.4
495931980,49.166894,16.602345,14,49.1951,16.6068,3.15,7.9
3991867980,49.405851,15.56872,13,49.3961,15.5904,1.91,5.6
2010587980,50.045008,14.31976,10,50.088,14.4208,8.65,20.6
899924812,50.415118,14.90372,5,50.7671,15.0562,40.59,37.8
4250809164,49.207087,16.612158,14,49.1951,16.6068,1.39,4.3
2995581772,49.394376,15.576775,13,49.3961,15.5904,1.0,3.0
3267629900,48.824246,14.326471,1,48.9745,14.4743,19.9,23.9
4072936268,48.824246,14.326471,1,48.9745,14.4743,19.9,23.9
3907396428,49.184223,16.633819,14,49.1951,16.6068,2.31,7.5
260248396,50.415118,14.90372,5,50.7671,15.0562,40.59,37.8
2424640332,49.545249,18.336329,12,49.8209,18.2625,31.11,29.9
1940329292,50.077863,14.445088,10,50.088,14.4208,2.07,9.2
2735280972,50.231936,12.870614,3,50.2327,12.8712,0.09,1.6
3045266252,49.203342,16.577799,14,49.1951,16.6068,2.3,5.0
1673794380,48.824246,14.326471,1,48.9745,14.4743,19.9,23.9
1103417932,49.168629,16.727314,14,49.1951,16.6068,9.24,16.8
2061460044,49.027901,16.594819,14,49.1951,16.6068,18.61,26.2
2199327564,49.168629,16.727314,14,49.1951,16.6068,9.24,16.8
3759608652,49.168629,16.727314,14,49.1951,16.6068,9.24,16.8
1886213452,49.701212,17.076149,8,49.5938,17.2509,17.35,20.4
4137657164,48.796472,16.812888,14,49.1951,16.6068,46.81,46.4
3072152908,49.701212,17.076149,8,49.5938,17.2509,17.35,20.4
3515102028,50.098065,14.946283,11,50.0406,14.5567,28.53,39.0
2648707916,49.19123,16.577519,14,49.1951,16.6068,2.17,5.3
2417431372,49.168629,16.727314,14,49.1951,16.6068,9.24,16.8
3720946508,49.164113,16.603234,14,49.1951,16.6068,3.46,7.9
1371804492,50.033146,14.564102,11,50.0406,14.5567,0.98,2.3
2203984716,49.149386,16.870509,14,49.1951,16.6068,19.83,22.8
942084940,50.252755,14.519543,10,50.088,14.4208,19.62,29.8
1204032332,50.69364,14.534304,4,50.6607,14.0328,35.53,57.8
3878884172,48.801171,14.30931,1,48.9745,14.4743,22.74,29.0
461251404,50.159027,14.742091,11,50.0406,14.5567,18.66,30.1
2744501068,50.067548,14.554192,11,50.0406,14.5567,3.0,9.0
1059197772,50.058595,14.449862,10,50.088,14.4208,3.87,10.8
4106490700,50.49849,13.432043,4,50.6607,14.0328,46.09,53.8
2584056652,50.808909,15.036013,5,50.7671,15.0562,4.86,10.2
3565728588,48.980769,14.479444,1,48.9745,14.4743,0.79,3.5
1895174988,50.071101,14.343461,10,50.088,14.4208,5.83,16.4
1271055180,50.588538,15.883899,6,50.2104,15.8252,42.25,49.4
1472930636,49.571754,17.251455,8,49.5938,17.2509,2.45,6.6
720638796,49.57937,17.231787,8,49.5938,17.2509,2.11,5.0
200545100,50.130332,14.331186,10,50.088,14.4208,7.94,19.5
1005851468,50.103757,14.515194,10,50.088,14.4208,6.96,14.2
217256780,49.583238,17.251772,8,49.5938,17.2509,1.18,3.3
1441932108,49.792581,18.224022,12,49.8209,18.2625,4.19,9.1
4277408588,50.216315,12.348598,3,50.2327,12.8712,37.22,47.4
2312311628,49.583238,17.251772,8,49.5938,17.2509,1.18,3.3
418648908,50.103757,14.515194,10,50.088,14.4208,6.96,14.2
3421770572,50.172262,14.648443,11,50.0406,14.5567,16.04,29.4
3265552972,49.187273,16.633544,14,49.1951,16.6068,2.13,6.4
3406115660,49.773339,18.249329,12,49.8209,18.2625,5.37,10.7
3056264012,49.214921,16.626407,14,49.1951,16.6068,2.62,6.2
3349226316,50.724108,15.128955,5,50.7671,15.0562,7.0,13.5
2511635788,50.130561,14.729934,11,50.0406,14.5567,15.9,25.3
18019148,49.981586,12.701273,3,50.2327,12.8712,30.44,42.7
3428647500,50.151048,14.115028,10,50.088,14.4208,22.9,38.2
1267586380,48.740173,14.111435,1,48.9745,14.4743,37.2,43.2
2829726284,49.218806,13.304585,2,49.7384,13.3736,57.99,65.5
2490966860,50.683863,14.523269,4,50.6607,14.0328,34.66,57.4
1178198860,48.975376,14.47982,1,48.9745,14.4743,0.41,2.3
1196434252,50.68368,14.033644,4,50.6607,14.0328,2.56,5.9
2599621196,49.218806,13.304585,2,49.7384,13.3736,57.99,65.5
3634049612,49.218806,13.304585,2,49.7384,13.3736,57.99,65.5
2318267212,49.004277,14.754544,1,48.9745,14.4743,20.71,24.6
1380258636,50.68064,14.032839,4,50.6607,14.0328,2.22,5.6
2040214092,49.218806,13.304585,2,49.7384,13.3736,57.99,65.5
3785331532,49.590361,17.243822,8,49.5938,17.2509,0.64,1.8
3097178700,49.218806,13.304585,2,49.7384,13.3736,57.99,65.5
679019084,50.778689,15.17658,5,50.7671,15.0562,8.56,22.0
1004438348,50.149907,14.19186,10,50.088,14.4208,17.72,30.7
1880499020,49.79206,17.442836,8,49.5938,17.2509,26.01,38.6
738075468,49.751292,13.407575,2,49.7384,13.3736,2.83,6.7
1723151180,50.035065,15.779288,7,50.0343,15.7704,0.64,3.5
2892022604,49.978873,15.861414,7,50.0343,15.7704,8.96,16.7
700322636,50.727328,15.452743,5,50.7671,15.0562,28.25,53.3
894427980,50.188931,12.625621,3,50.2327,12.8712,18.14,20.0
89121612,50.188931,12.625621,3,50.2327,12.8712,18.14,20.0
4210410316,49.595604,17.255361,8,49.5938,17.2509,0.38,3.5
2879067468,49.578469,17.25922,8,49.5938,17.2509,1.81,4.5
719508300,49.1902,16.6158,14,49.1951,16.6068,0.85,6.6
3393618764,50.604092,15.328501,5,50.7671,15.0562,26.39,37.9
4024488780,50.713733,15.31539,5,50.7671,15.0562,19.18,33.9
1978798924,49.06372,17.465274,9,49.2265,17.6625,23.1,34.5
2329727564,50.412224,14.907057,5,50.7671,15.0562,40.84,37.9
4292154188,49.745767,13.345723,2,49.7384,13.3736,2.16,5.8
139531084,49.405269,14.703242,1,48.9745,14.4743,50.71,35.4
449979212,49.673633,13.985288,2,49.7384,13.3736,44.57,64.6
498004812,49.004277,14.754544,1,48.9745,14.4743,20.71,24.6
3722711884,50.249214,12.829707,3,50.2327,12.8712,3.48,6.5
2325136204,50.48124,16.181712,6,50.2104,15.8252,39.33,51.9
1357755212,48.851703,17.122804,14,49.1951,16.6068,53.61,56.0
3780846412,50.340697,14.80313,11,50.0406,14.5567,37.7,43.4
2372309836,49.842487,18.287325,12,49.8209,18.2625,2.99,8.1
686035788,49.840717,18.165452,12,49.8209,18.2625,7.3,13.3
1122243404,49.590918,17.254262,8,49.5938,17.2509,0.4,2.2
799347532,49.028632,17.646771,9,49.2265,17.6625,22.03,33.8
2464441676,50.74125,15.246033,5,50.7671,15.0562,13.66,24.5
4213977932,48.863263,17.11852,14,49.1951,16.6068,52.47,55.3
2593923916,49.835425,18.283628,12,49.8209,18.2625,2.21,5.6
1240601420,50.425843,14.917266,5,50.7671,15.0562,39.19,36.1
3282637644,49.304948,14.154119,1,48.9745,14.4743,43.5,48.9
314561356,50.771021,15.06911,5,50.7671,15.0562,1.01,2.7
3442873164,50.073609,14.434263,10,50.088,14.4208,1.87,8.3
1891951436,49.063425,17.466747,9,49.2265,17.6625,23.06,34.5
1750975308,50.649395,13.836906,4,50.6607,14.0328,13.87,19.7
2876998476,50.073578,14.437446,10,50.088,14.4208,2.0,9.1
2796098380,49.304948,14.154119,1,48.9745,14.4743,43.5,48.9
1545388876,49.47445,17.102737,8,49.5938,17.2509,17.04,19.7
2879525708,50.239978,14.306981,10,50.088,14.4208,18.74,33.3
4083585868,49.842487,18.287325,12,49.8209,18.2625,2.99,8.1
1796608844,49.85121,18.562542,12,49.8209,18.2625,21.78,34.3
1434063692,49.304948,14.154119,1,48.9745,14.4743,43.5,48.9
3789820748,49.603039,13.866194,2,49.7384,13.3736,38.51,51.6
3728413516,50.755478,15.047632,5,50.7671,15.0562,1.43,5.4
3384091980,50.130561,14.729934,11,50.0406,14.5567,15.9,25.3
3146130252,49.545603,15.355699,13,49.3961,15.5904,23.75,27.3
1222906700,49.467457,15.598375,13,49.3961,15.5904,7.96,12.8
439308876,50.090748,14.428892,10,50.088,14.4208,0.65,2.8
3985974092,49.584408,17.241778,8,49.5938,17.2509,1.23,4.9
901387084,50.162391,14.374924,10,50.088,14.4208,8.89,20.5
983614284,49.849169,18.271672,12,49.8209,18.2625,3.21,6.9
800535372,49.794453,18.23563,12,49.8209,18.2625,3.52,7.8
962138956,50.228947,14.074538,10,50.088,14.4208,29.23,39.4
2133521228,48.788593,13.952772,1,48.9745,14.4743,43.38,63.5
2085753676,49.869555,14.260615,10,50.088,14.4208,26.86,34.0
555033420,50.741457,15.068227,5,50.7671,15.0562,2.97,7.3
1595151180,50.047527,14.345744,10,50.088,14.4208,7.0,18.2
3850601292,49.835425,18.283628,12,49.8209,18.2625,2.21,5.6
1334362956,49.841018,14.574112,11,50.0406,14.5567,22.23,39.9
396895052,49.69308,18.348477,12,49.8209,18.2625,15.5,19.0
2667320140,49.685747,14.00868,2,49.7384,13.3736,46.04,67.2
3566977868,50.110157,14.475503,10,50.088,14.4208,4.61,11.5
695014220,50.762293,15.047955,5,50.7671,15.0562,0.79,4.7
3156862284,50.160502,14.31447,10,50.088,14.4208,11.07,21.4
1254237004,49.060834,14.425996,1,48.9745,14.4743,10.23,15.6
2778116940,48.976221,14.482262,1,48.9745,14.4743,0.61,2.6
463151948,50.070703,14.677487,11,50.0406,14.5567,9.25,19.2
334566220,50.173289,14.648778,11,50.0406,14.5567,16.15,28.7
1923683148,49.304948,14.154119,1,48.9745,14.4743,43.5,48.9
920916812,50.087153,14.491646,10,50.088,14.4208,5.06,13.1
1719137100,49.229386,16.532707,14,49.1951,16.6068,6.6,12.3
1727652684,49.793189,18.255732,12,49.8209,18.2625,3.12,7.2
989516620,50.772088,15.074646,5,50.7671,15.0562,1.41,3.1
1397756748,49.790599,18.244009,12,49.8209,18.2625,3.62,7.3
967381836,49.304948,14.154119,1,48.9745,14.4743,43.5,48.9
2002522956,50.653021,13.842206,4,50.6607,14.0328,13.46,19.3
1148600908,49.71506,13.088,2,49.7384,13.3736,20.69,24.3
2850755404,49.844831,18.180943,12,49.8209,18.2625,6.43,13.4
3621135180,50.078778,14.119968,10,50.088,14.4208,21.49,32.3
1190798156,50.596348,16.044748,6,50.2104,15.8252,45.65,63.3
2890326860,49.139985,13.243237,2,49.7384,13.3736,67.21,76.6
1800606540,50.491511,13.445156,4,50.6607,14.0328,45.56,51.6
4024759116,50.727084,15.170183,5,50.7671,15.0562,9.17,15.1
789525324,49.029766,16.624992,14,49.1951,16.6068,18.43,25.7
808657740,49.598723,15.569157,13,49.3961,15.5904,22.58,27.2
3200987980,50.224932,12.880402,3,50.2327,12.8712,1.08,4.2
1615532876,49.73252,13.423596,2,49.7384,13.3736,3.65,8.8
2718643020,50.150411,15.12129,11,50.0406,14.5567,42.08,46.0
246604620,50.779677,15.424831,5,50.7671,15.0562,25.96,47.5
1829712716,49.029766,16.624992,14,49.1951,16.6068,18.43,25.7
1224581964,50.144117,14.099775,10,50.088,14.4208,23.73,37.1
3491246924,49.20757,16.602572,14,49.1951,16.6068,1.42,4.8
2208043852,50.945937,14.543698,5,50.7671,15.0562,41.1,53.4
796144460,49.175404,16.625593,14,49.1951,16.6068,2.58,7.9
802296652,50.772195,14.194515,4,50.6607,14.0328,16.83,26.6
1509495628,49.827307,18.176634,12,49.8209,18.2625,6.2,12.1
2100798284,49.197224,16.626997,14,49.1951,16.6068,1.49,5.5
4288602956,49.834649,18.282044,12,49.8209,18.2625,2.07,6.4
3422692172,50.172394,12.673313,3,50.2327,12.8712,15.6,14.9
300684108,50.644045,13.849488,4,50.6607,14.0328,13.06,19.4
229839692,50.615055,15.706993,6,50.2104,15.8252,45.77,68.9
1209324364,50.226605,12.88245,3,50.2327,12.8712,1.05,2.6
24843084,49.197269,16.626949,14,49.1951,16.6068,1.48,5.5
4044235596,49.175404,16.625593,14,49.1951,16.6068,2.58,7.9
1074971468,49.788475,12.641033,3,50.2327,12.8712,52.06,70.3
3941475148,50.143339,14.096993,10,50.088,14.4208,23.89,36.5
3651310412,48.976221,14.482262,1,48.9745,14.4743,0.61,2.6
1937371980,50.091653,14.805621,11,50.0406,14.5567,18.65,32.7
4014216012,49.794447,16.966085,8,49.5938,17.2509,30.29,31.9
654496588,50.126799,14.271366,10,50.088,14.4208,11.5,24.1
55251788,49.732747,13.423246,2,49.7384,13.3736,3.62,8.4
1155797836,50.176368,12.670075,3,50.2327,12.8712,15.62,15.2
2819887948,50.174072,12.646977,3,50.2327,12.8712,17.24,17.6
868676428,49.780793,13.366465,2,49.7384,13.3736,4.74,10.4
202249036,50.599807,13.609047,4,50.6607,14.0328,30.65,39.1
3956548428,50.226312,12.855769,3,50.2327,12.8712,1.31,4.3
3240919884,50.778503,14.225844,4,50.6607,14.0328,18.88,27.3
1843663692,50.455914,13.901911,4,50.6607,14.0328,24.58,31.0
1576219468,50.771202,15.253135,5,50.7671,15.0562,13.86,27.9
3554677580,50.172331,12.6687,3,50.2327,12.8712,15.9,15.9
905478988,49.850332,13.378098,2,49.7384,13.3736,12.45,18.3
3028980556,50.077508,14.457973,10,50.088,14.4208,2.9,9.8
2820756044,50.701377,15.467691,5,50.7671,15.0562,29.87,53.0
3728704332,50.169385,16.26879,6,50.2104,15.8252,31.91,45.1
1906512716,50.639869,13.841058,4,50.6607,14.0328,13.72,20.1
1430786892,49.389658,13.279274,2,49.7384,13.3736,39.37,44.4
943047500,49.190213,16.603433,14,49.1951,16.6068,0.6,4.0
3129389900,48.976221,14.482262,1,48.9745,14.4743,0.61,2.6
2564354892,49.733085,13.371383,2,49.7384,13.3736,0.61,2.2
3707884364,49.172651,16.68472,14,49.1951,16.6068,6.19,12.7
4209193804,50.771202,15.253135,5,50.7671,15.0562,13.86,27.9
3277001548,49.028017,17.649528,9,49.2265,17.6625,22.09,34.2
429310796,50.48124,16.181712,6,50.2104,15.8252,39.33,51.9
2633184076,50.771202,15.253135,5,50.7671,15.0562,13.86,27.9
4018287180,48.986471,17.404828,9,49.2265,17.6625,32.62,46.4
935531340,50.671455,14.073082,4,50.6607,14.0328,3.08,7.3
3287397196,48.976221,14.482262,1,48.9745,14.4743,0.61,2.6
3543044940,49.232881,17.682225,9,49.2265,17.6625,1.6,3.8
396694348,49.186705,16.606576,14,49.1951,16.6068,0.93,3.3
1322586956,49.063587,14.365334,1,48.9745,14.4743,12.7,19.8
755045196,49.405269,14.703242,1,48.9745,14.4743,50.71,35.4
2334200652,49.405269,14.703242,1,48.9745,14.4743,50.71,35.4
166339404,49.966515,14.066646,10,50.088,14.4208,28.68,34.6
3602068300,50.173289,14.648778,11,50.0406,14.5567,16.15,28.7
1667052364,49.796119,17.628805,8,49.5938,17.2509,35.28,60.7
564466508,50.065075,14.450495,10,50.088,14.4208,3.31,10.8
3635053388,49.436554,12.720531,2,49.7384,13.3736,57.82,73.3
1359024972,49.405269,14.703242,1,48.9745,14.4743,50.71,35.4
935469900,49.673633,13.985288,2,49.7384,13.3736,44.57,64.6
2187670348,50.237088,12.853736,3,50.2327,12.8712,1.33,3.0
224318284,49.755433,13.378911,2,49.7384,13.3736,1.93,5.1
3132306252,50.173289,14.648778,11,50.0406,14.5567,16.15,28.7
958301004,49.437277,12.721579,2,49.7384,13.3736,57.71,73.4
217195340,49.673633,13.985288,2,49.7384,13.3736,44.57,64.6
2191774540,50.229936,14.093445,10,50.088,14.4208,28.16,36.2
1995719244,50.062016,14.446257,10,50.088,14.4208,3.41,10.7
429224524,49.806373,18.231,12,49.8209,18.2625,2.78,7.5
3721540172,49.334792,13.208965,2,49.7384,13.3736,46.43,51.8
1701389132,49.878586,18.436346,12,49.8209,18.2625,14.02,27.3
300905036,48.865319,13.911104,1,48.9745,14.4743,42.9,66.7
2162692940,49.779679,13.376246,2,49.7384,13.3736,4.59,9.8
4001587788,50.231105,12.871298,3,50.2327,12.8712,0.18,0.7
836973132,50.726368,15.596954,5,50.7671,15.0562,38.32,80.1
1055363916,48.823853,14.327487,1,48.9745,14.4743,19.89,24.2
181035596,48.66094,14.165633,1,48.9745,14.4743,41.55,51.9
76616524,50.434407,14.887792,5,50.7671,15.0562,38.86,41.0
1491087948,49.835026,18.292593,12,49.8209,18.2625,2.67,6.8
2827256652,48.978228,14.480397,1,48.9745,14.4743,0.61,3.9
4084540236,49.980063,14.583396,11,50.0406,14.5567,7.0,14.9
1825903436,50.029377,14.53933,11,50.0406,14.5567,1.76,5.1
1191252812,49.405269,14.703242,1,48.9745,14.4743,50.71,35.4
383062860,49.199957,17.694205,9,49.2265,17.6625,3.74,7.0
4149482316,49.2088,16.609945,14,49.1951,16.6068,1.54,4.5
1465127756,48.974645,17.647578,9,49.2265,17.6625,28.03,41.4
279253836,50.677268,13.87617,4,50.6607,14.0328,11.19,17.3
16847692,49.405269,14.703242,1,48.9745,14.4743,50.71,35.4
808522572,49.405269,14.703242,1,48.9745,14.4743,50.71,35.4
924296012,49.197224,16.626997,14,49.1951,16.6068,1.49,5.5
3476529996,49.197224,16.626997,14,49.1951,16.6068,1.49,5.5
2959676236,50.224375,12.883903,3,50.2327,12.8712,1.29,3.8
605098828,49.405269,14.703242,1,48.9745,14.4743,50.71,35.4
2950955596,50.102537,14.454395,10,50.088,14.4208,2.89,7.8
2787185484,49.405269,14.703242,1,48.9745,14.4743,50.71,35.4
1817056076,49.659144,14.419877,11,50.0406,14.5567,43.54,61.0
1792156492,49.673633,13.985288,2,49.7384,13.3736,44.57,64.6
121193804,50.0492,14.350636,10,50.088,14.4208,6.61,16.6
3174392396,49.992564,13.230537,2,49.7384,13.3736,30.06,39.8
2377593676,50.726368,15.596954,5,50.7671,15.0562,38.32,80.1
889295692,50.726368,15.596954,5,50.7671,15.0562,38.32,80.1
1660752716,50.228335,12.871394,3,50.2327,12.8712,0.49,2.6
3060671308,50.228624,12.862235,3,50.2327,12.8712,0.78,2.3
841950028,49.742208,13.374461,2,49.7384,13.3736,0.43,2.6
1514410828,50.176331,12.670927,3,50.2327,12.8712,15.57,15.3
1984386380,50.221089,12.885288,3,50.2327,12.8712,1.63,4.4
92193356,50.234823,12.873309,3,50.2327,12.8712,0.28,0.9
141476428,50.221089,12.885288,3,50.2327,12.8712,1.63,4.4
3819423052,50.217964,12.88874,3,50.2327,12.8712,2.06,6.7
2297623372,50.217964,12.88874,3,50.2327,12.8712,2.06,6.7
115884620,50.230334,12.870566,3,50.2327,12.8712,0.27,1.2
3393459020,50.42633,14.910675,5,50.7671,15.0562,39.26,37.3
2757694284,49.926769,14.007147,10,50.088,14.4208,34.57,39.4
822764108,49.588985,17.251611,8,49.5938,17.2509,0.54,1.6
1573311052,50.763095,15.039489,5,50.7671,15.0562,1.26,5.9
4231852876,49.72381,17.31521,8,49.5938,17.2509,15.18,23.8
264790604,49.588985,17.251611,8,49.5938,17.2509,0.54,1.6
1757860428,50.763095,15.039489,5,50.7671,15.0562,1.26,5.9
2839810892,49.741505,13.394419,2,49.7384,13.3736,1.54,4.6
2554598220,49.966796,14.063715,10,50.088,14.4208,28.85,34.9
2195702604,50.421396,14.914963,5,50.7671,15.0562,39.71,36.6
4034892620,50.108589,14.394917,10,50.088,14.4208,2.94,8.9
2920149836,49.004277,14.754544,1,48.9745,14.4743,20.71,24.6
2548241228,49.989706,14.603032,11,50.0406,14.5567,6.56,15.4
293520204,49.994715,14.600163,11,50.0406,14.5567,5.97,13.2
2189345612,49.994715,14.600163,11,50.0406,14.5567,5.97,13.2
1060750156,49.994715,14.600163,11,50.0406,14.5567,5.97,13.2
729928524,49.994715,14.600163,11,50.0406,14.5567,5.97,13.2
2565661516,49.732108,13.400108,2,49.7384,13.3736,2.03,6.5
2964501324,49.75532,13.301267,2,49.7384,13.3736,5.53,9.9
2465903436,49.721847,13.360567,2,49.7384,13.3736,2.07,4.3
2748060492,49.754962,13.377846,2,49.7384,13.3736,1.87,5.2
2672038732,50.073956,14.881304,11,50.0406,14.5567,23.47,38.0
2133373772,50.619636,15.610505,5,50.7671,15.0562,42.35,66.3
2469602124,50.087019,14.468832,10,50.088,14.4208,3.43,10.8
2266043212,49.405269,14.703242,1,48.9745,14.4743,50.71,35.4
3533181772,49.395014,13.307313,2,49.7384,13.3736,38.48,42.4
3134333772,49.673633,13.985288,2,49.7384,13.3736,44.57,64.6
1473041228,49.004277,14.754544,1,48.9745,14.4743,20.71,24.6
3316437836,49.004277,14.754544,1,48.9745,14.4743,20.71,24.6
1064121164,50.421887,14.911214,5,50.7671,15.0562,39.73,37.4
464393036,49.146763,16.57687,14,49.1951,16.6068,5.8,11.5
735974220,49.146763,16.57687,14,49.1951,16.6068,5.8,11.5
2944602956,50.415118,14.90372,5,50.7671,15.0562,40.59,37.8
836248396,50.099428,13.740227,2,49.7384,13.3736,47.96,73.9
2983514956,50.239351,14.311632,10,50.088,14.4208,18.54,33.2
574886732,49.555108,15.942381,13,49.3961,15.5904,30.97,41.0
2985361996,50.683068,15.84806,6,50.2104,15.8252,52.58,67.1
8430412,49.529995,14.809649,13,49.3961,15.5904,58.36,71.5
1396970316,48.643385,14.223058,1,48.9745,14.4743,41.16,59.0
1876550476,49.59745,17.265694,8,49.5938,17.2509,1.14,4.0
3588174668,48.860912,16.054107,14,49.1951,16.6068,54.81,58.6
1461056332,49.185224,16.640304,14,49.1951,16.6068,2.67,7.6
2841187660,49.998183,14.408208,10,50.088,14.4208,10.03,19.2
2599449676,50.071791,14.455273,10,50.088,14.4208,3.05,10.7
4235670348,49.395324,14.165651,1,48.9745,14.4743,51.89,71.3
3060867916,49.189462,16.600534,14,49.1951,16.6068,0.77,3.5
3381523276,50.239351,14.311632,10,50.088,14.4208,18.54,33.2
230032716,50.07701,14.390697,10,50.088,14.4208,2.47,10.7
4182033228,48.849474,17.132035,14,49.1951,16.6068,54.26,57.1
1650045772,50.093638,14.509444,10,50.088,14.4208,6.35,14.6
3411268172,49.050348,16.947578,14,49.1951,16.6068,29.56,35.8
520405836,48.849474,17.132035,14,49.1951,16.6068,54.26,57.1
3566871372,50.102356,14.443718,10,50.088,14.4208,2.28,6.8
1430524748,50.070581,14.864423,11,50.0406,14.5567,22.22,35.1
745857868,50.135282,14.535844,10,50.088,14.4208,9.74,19.8
2772702028,50.070581,14.864423,11,50.0406,14.5567,22.22,35.1
1785992012,50.070581,14.864423,11,50.0406,14.5567,22.22,35.1
3309572940,50.070581,14.864423,11,50.0406,14.5567,22.22,35.1
4114879308,50.070581,14.864423,11,50.0406,14.5567,22.22,35.1
3897111372,48.978113,14.483022,1,48.9745,14.4743,0.75,3.4
1416565580,50.69818,15.729445,5,50.7671,15.0562,48.0,108.3
1383011148,50.69818,15.729445,5,50.7671,15.0562,48.0,108.3
3698991948,48.66094,14.165633,1,48.9745,14.4743,41.55,51.9
3693679180,50.298651,15.862577,6,50.2104,15.8252,10.17,16.9
2694517580,50.237143,12.883625,3,50.2327,12.8712,1.01,1.8
2162590540,50.412944,14.911077,5,50.7671,15.0562,40.69,37.4
3969762124,49.84532,15.657165,7,50.0343,15.7704,22.52,31.0
2126721868,49.94924,15.790855,7,50.0343,15.7704,9.57,14.5
3679130444,49.892674,15.627398,7,50.0343,15.7704,18.78,25.7
2473595724,50.522227,14.971643,5,50.7671,15.0562,27.87,29.0
1565607244,50.13871,14.11675,10,50.088,14.4208,22.4,34.8
4274402124,49.958158,12.696152,3,50.2327,12.8712,32.98,47.3
1796281164,49.94315,15.794044,7,50.0343,15.7704,10.28,15.8
3734356812,49.949878,12.700463,3,50.2327,12.8712,33.72,48.4
1020666700,50.031477,15.806419,7,50.0343,15.7704,2.59,6.1
4195423052,50.027263,15.776114,7,50.0343,15.7704,0.88,1.8
48223052,50.067697,14.555285,11,50.0406,14.5567,3.01,9.2
2107945804,48.796472,16.812888,14,49.1951,16.6068,46.81,46.4
2494632780,50.035557,15.798305,7,50.0343,15.7704,2.0,6.1
2325422668,49.972575,12.705198,3,50.2327,12.8712,31.25,49.0
1282413388,50.578945,15.081238,5,50.7671,15.0562,21.0,22.1
171311692,49.952836,14.208632,10,50.088,14.4208,21.35,40.0
3256960332,50.13871,14.11675,10,50.088,14.4208,22.4,34.8
326374220,49.247421,16.57771,14,49.1951,16.6068,6.19,11.2
2036798284,49.825808,18.267974,12,49.8209,18.2625,0.67,2.5
1569616460,49.850018,18.275235,12,49.8209,18.2625,3.36,7.8
3492594508,50.137678,14.118137,10,50.088,14.4208,22.28,34.5
1558127436,50.092171,14.453762,10,50.088,14.4208,2.4,8.0
2732073804,50.424005,14.186262,4,50.6607,14.0328,28.47,28.7
1358619468,49.296847,15.476904,13,49.3961,15.5904,13.76,23.5
2413171532,49.799831,18.399693,12,49.8209,18.2625,10.12,17.3
4067439436,49.396021,15.588379,13,49.3961,15.5904,0.15,0.6
2106508108,49.224439,17.696827,9,49.2265,17.6625,2.5,5.7
311214924,50.669971,14.02221,4,50.6607,14.0328,1.27,2.4
1949737804,49.523731,16.259478,14,49.1951,16.6068,44.36,57.6
3321385548,49.285065,15.479299,13,49.3961,15.5904,14.74,23.7
587100748,49.087186,13.480442,2,49.7384,13.3736,72.82,98.1
1292710732,49.285348,15.479602,13,49.3961,15.5904,14.7,23.6
24384332,50.42449,14.231644,4,50.6607,14.0328,29.79,32.2
4021605196,49.520596,14.479244,11,50.0406,14.5567,58.09,74.0
2255754060,49.795617,18.240232,12,49.8209,18.2625,3.23,8.2
376705868,49.907604,14.491442,11,50.0406,14.5567,15.51,25.9
4231648076,50.085109,14.133092,10,50.088,14.4208,20.53,28.8
1434661708,50.173289,14.648778,11,50.0406,14.5567,16.15,28.7
343155532,50.769996,15.058448,5,50.7671,15.0562,0.36,1.9
3435496268,50.173289,14.648778,11,50.0406,14.5567,16.15,28.7
2004095820,48.980086,14.499787,1,48.9745,14.4743,1.96,4.9
2378531660,50.173289,14.648778,11,50.0406,14.5567,16.15,28.7
3933176652,48.847581,16.056772,14,49.1951,16.6068,55.69,58.0
244982604,50.086409,14.469679,10,50.088,14.4208,3.49,10.4
858071884,49.96459,12.701184,3,50.2327,12.8712,32.18,45.7
1630081868,50.055751,14.481045,10,50.088,14.4208,5.6,14.9
2053378892,49.013682,17.137251,14,49.1951,16.6068,43.57,56.1
1239376460,49.027901,16.594819,14,49.1951,16.6068,18.61,26.2
207332172,50.000758,14.563891,11,50.0406,14.5567,4.46,11.0
402485836,50.224375,12.883903,3,50.2327,12.8712,1.29,3.8
3932427084,49.822966,18.174302,12,49.8209,18.2625,6.33,12.7
3622310732,49.299705,16.661498,14,49.1951,16.6068,12.29,38.4
184685388,50.46116,13.412111,3,50.2327,12.8712,46.03,55.0
1241649996,50.461131,13.412246,3,50.2327,12.8712,46.03,55.0
108401484,49.282287,17.003832,14,49.1951,16.6068,30.41,30.7
3386315596,49.780398,17.754833,12,49.8209,18.2625,36.71,47.4
2607797068,50.059767,14.454899,10,50.088,14.4208,3.97,12.3
2743210828,50.638854,13.806615,4,50.6607,14.0328,16.13,19.7
2202211148,49.781637,18.225072,12,49.8209,18.2625,5.13,10.4
737940300,49.017661,15.101466,1,48.9745,14.4743,46.01,57.3
2427917132,50.101023,16.80204,8,49.5938,17.2509,64.94,74.2
2688619340,50.652822,13.843431,4,50.6607,14.0328,13.38,19.4
1517184332,50.064723,14.736042,11,50.0406,14.5567,13.08,25.6
3239908172,49.750169,13.378579,2,49.7384,13.3736,1.36,4.3
4014478156,50.664391,14.028214,4,50.6607,14.0328,0.52,1.2
1309414220,48.902959,16.543645,14,49.1951,16.6068,32.81,32.4
2798392140,50.494079,13.031677,3,50.2327,12.8712,31.21,44.0
161026892,49.743115,13.379048,2,49.7384,13.3736,0.65,2.6
1635382092,48.989727,13.664418,1,48.9745,14.4743,59.13,71.7
3357348684,50.495606,13.662332,4,50.6607,14.0328,31.96,39.3
2951287628,50.185507,14.656154,11,50.0406,14.5567,17.6,30.0
3792245580,49.736132,13.372383,2,49.7384,13.3736,0.27,1.7
365761356,49.746736,13.366555,2,49.7384,13.3736,1.06,3.5
3125678924,49.74141,13.368679,2,49.7384,13.3736,0.49,2.3
4243002188,50.499104,13.431288,4,50.6607,14.0328,46.12,53.4
2794726220,50.780743,14.625911,5,50.7671,15.0562,30.29,35.7
1519657804,50.733997,15.189773,5,50.7671,15.0562,10.09,17.1
3470857036,50.412454,14.925532,5,50.7671,15.0562,40.5,35.2
4115862348,49.3068,14.1468,1,48.9745,14.4743,43.96,50.3
3565818700,50.277669,14.237566,10,50.088,14.4208,24.8,36.6
1567101772,50.199058,15.816372,6,50.2104,15.8252,1.41,3.5
3958645580,49.880105,15.060879,11,50.0406,14.5567,40.24,52.5
3093566284,49.777503,13.248972,2,49.7384,13.3736,9.95,15.6
3620021068,49.842502,15.994895,7,50.0343,15.7704,26.7,34.4
68424524,50.768346,15.442883,5,50.7671,15.0562,27.19,51.1
2691371852,49.604418,17.284547,8,49.5938,17.2509,2.7,7.3
1016013644,50.674241,14.106503,4,50.6607,14.0328,5.41,8.9
376255308,49.858002,18.562484,12,49.8209,18.2625,21.9,35.5
481174348,50.596522,13.606294,4,50.6607,14.0328,30.92,39.3
1640051532,50.646033,13.840133,4,50.6607,14.0328,13.68,20.0
626013004,50.411005,14.904753,5,50.7671,15.0562,41.01,38.2
122696524,49.512068,15.499757,13,49.3961,15.5904,14.46,19.1
2620535628,50.411352,14.903184,5,50.7671,15.0562,41.01,38.0
467080012,49.903477,16.441677,7,50.0343,15.7704,50.17,65.3
3132998476,50.072418,14.458324,10,50.088,14.4208,3.19,10.9
3035837260,50.771202,15.253135,5,50.7671,15.0562,13.86,27.9
1542509388,49.875779,14.901843,11,50.0406,14.5567,30.75,38.2
2227123020,49.509749,16.738332,14,49.1951,16.6068,36.26,52.3
2906264396,50.223322,12.888093,3,50.2327,12.8712,1.59,3.6
752993100,49.878044,14.905309,11,50.0406,14.5567,30.8,38.6
535896908,49.37489,16.652282,14,49.1951,16.6068,20.26,33.0
3165201228,48.873169,16.766819,14,49.1951,16.6068,37.65,39.5
2661884748,48.873169,16.766819,14,49.1951,16.6068,37.65,39.5
2048709452,49.787785,18.253037,12,49.8209,18.2625,3.74,7.8
1772692300,48.873169,16.766819,14,49.1951,16.6068,37.65,39.5
1903039308,50.654116,15.603966,5,50.7671,15.0562,40.56,68.4
126407500,49.539453,18.308265,12,49.8209,18.2625,31.47,32.3
984621900,50.678205,14.043734,4,50.6607,14.0328,2.09,5.9
210559820,50.449299,14.843866,5,50.7671,15.0562,38.38,44.9
4015268684,50.162016,14.13467,10,50.088,14.4208,22.0,34.8
1575752524,49.685369,18.34838,12,49.8209,18.2625,16.28,18.3
251011916,50.209831,13.678521,10,50.088,14.4208,54.6,55.4
815600460,48.840799,14.640529,1,48.9745,14.4743,19.2,27.6
2955862860,50.686972,13.879691,4,50.6607,14.0328,11.18,16.8
3707642700,49.1995,16.5908,14,49.1951,16.6068,1.26,3.1
3953357388,49.009105,14.486729,1,48.9745,14.4743,3.95,8.2
2143859532,48.857013,16.055608,14,49.1951,16.6068,55.03,58.2
1002578764,50.424123,16.183386,6,50.2104,15.8252,34.81,42.4
3209507660,49.360992,16.358707,14,49.1951,16.6068,25.77,33.6
3282477644,50.62475,13.818018,4,50.6607,14.0328,15.66,19.3
276653388,49.598737,17.236617,8,49.5938,17.2509,1.17,3.8
798601804,49.597842,17.234737,8,49.5938,17.2509,1.25,3.3
2114688332,48.989169,14.443633,1,48.9745,14.4743,2.77,7.3
2440737356,49.598737,17.236617,8,49.5938,17.2509,1.17,3.8
278307404,50.62475,13.818018,4,50.6607,14.0328,15.66,19.3
342893132,50.62475,13.818018,4,50.6607,14.0328,15.66,19.3
4211348300,49.600984,18.140799,12,49.8209,18.2625,25.97,33.5
74588748,50.62475,13.818018,4,50.6607,14.0328,15.66,19.3
425771596,49.598737,17.236617,8,49.5938,17.2509,1.17,3.8
3037991756,50.341806,16.156329,6,50.2104,15.8252,27.7,41.0
2687206220,49.597842,17.234737,8,49.5938,17.2509,1.25,3.3
4085941068,50.624778,13.817306,4,50.6607,14.0328,15.71,19.2
2603168588,50.622284,15.617369,5,50.7671,15.0562,42.68,67.1
2027168332,50.070246,14.416628,10,50.088,14.4208,2.0,6.6
3305444172,50.034143,14.514259,11,50.0406,14.5567,3.11,7.1
2045059916,48.818064,14.28956,1,48.9745,14.4743,22.02,28.0
128049996,49.112277,17.170862,9,49.2265,17.6625,37.93,54.3
521343820,50.778495,15.176099,5,50.7671,15.0562,8.53,22.4
2286555980,50.213017,15.81241,6,50.2104,15.8252,0.96,2.7
1237521228,50.623346,13.593708,4,50.6607,14.0328,31.24,42.3
1824985932,50.107921,14.492459,10,50.088,14.4208,5.57,11.8
2527531852,50.107921,14.492459,10,50.088,14.4208,5.57,11.8
3464557388,49.420419,14.677086,1,48.9745,14.4743,51.73,39.1
4154921804,50.107921,14.492459,10,50.088,14.4208,5.57,11.8
1776665420,49.198172,16.695262,14,49.1951,16.6068,6.44,12.6
1971004236,50.195782,15.844224,6,50.2104,15.8252,2.12,6.0
2124292940,50.143033,14.110536,10,50.088,14.4208,22.95,36.1
2663060300,49.420419,14.677086,1,48.9745,14.4743,51.73,39.1
174396236,50.046869,14.489325,11,50.0406,14.5567,4.86,12.4
1413542732,48.972894,14.483499,1,48.9745,14.4743,0.69,2.6
1033292,50.223281,17.090439,8,49.5938,17.2509,70.93,95.9
3315974988,49.198172,16.695262,14,49.1951,16.6068,6.44,12.6
1645200460,50.223281,17.090439,8,49.5938,17.2509,70.93,95.9
3567637324,49.689781,18.332374,12,49.8209,18.2625,15.42,18.8
3461374540,48.999828,14.449444,1,48.9745,14.4743,3.35,7.4
1720898380,50.030844,14.262904,10,50.088,14.4208,12.94,25.5
3348874060,49.471272,17.093779,8,49.5938,17.2509,17.73,21.3
1792938828,49.45292,17.446592,8,49.5938,17.2509,21.09,25.5
1318130508,49.61907,17.395635,8,49.5938,17.2509,10.8,18.4
743842636,49.776084,18.256098,12,49.8209,18.2625,5.0,10.4
3993813836,50.034079,15.20029,7,50.0343,15.7704,40.72,48.6
3252179532,48.976635,14.486674,1,48.9745,14.4743,0.93,3.4
2843988812,49.594357,17.231661,8,49.5938,17.2509,1.39,4.1
3406041932,50.035335,15.780264,7,50.0343,15.7704,0.71,3.7
2148078412,50.321212,12.716376,3,50.2327,12.8712,14.76,22.6
1599615820,50.353871,13.800719,4,50.6607,14.0328,37.86,49.1
3217232716,49.213043,16.58356,14,49.1951,16.6068,2.61,5.3
3165590348,49.340776,17.979038,9,49.2265,17.6625,26.24,40.9
2099778380,49.299722,14.12004,1,48.9745,14.4743,44.41,51.3
1298535244,50.110167,14.395728,10,50.088,14.4208,3.05,9.0
2724737868,50.595511,13.587394,4,50.6607,14.0328,32.24,41.6
3624145740,50.035335,15.780264,7,50.0343,15.7704,0.71,3.7
3586593612,50.05749,14.383349,10,50.088,14.4208,4.32,12.3
1905595212,50.715068,14.360379,4,50.6607,14.0328,23.86,45.1
467477068,49.403,15.603082,13,49.3961,15.5904,1.2,4.4
3588215628,50.064729,14.735885,11,50.0406,14.5567,13.07,25.6
3988820812,50.762955,15.037813,5,50.7671,15.0562,1.37,5.9
2340557644,49.801177,12.643542,3,50.2327,12.8712,50.67,68.5
3607434060,48.854989,16.773954,14,49.1951,16.6068,39.73,43.8
2003571532,49.185011,16.632211,14,49.1951,16.6068,2.16,7.5
3809809228,50.090733,14.297155,10,50.088,14.4208,8.83,19.3
4244902732,50.298574,14.836813,11,50.0406,14.5567,34.94,38.4
1937580876,50.158225,14.133241,10,50.088,14.4208,21.94,34.7
3255706444,50.158225,14.133241,10,50.088,14.4208,21.94,34.7
277488460,49.170581,16.719417,14,49.1951,16.6068,8.63,16.0
3909358412,50.631613,13.844454,4,50.6607,14.0328,13.67,16.4
1289757516,49.223008,16.595639,14,49.1951,16.6068,3.21,6.3
3017687628,49.170581,16.719417,14,49.1951,16.6068,8.63,16.0
2098078540,50.158225,14.133241,10,50.088,14.4208,21.94,34.7
3967624012,50.158225,14.133241,10,50.088,14.4208,21.94,34.7
1892950860,49.278092,17.000109,14,49.1951,16.6068,30.01,31.8
1155666764,49.525747,16.247701,14,49.1951,16.6068,45.03,60.1
4125233996,49.525747,16.247701,14,49.1951,16.6068,45.03,60.1
2502632780,50.235007,14.102901,10,50.088,14.4208,27.93,38.3
1577325388,49.82701,18.178728,12,49.8209,18.2625,6.05,10.5
1346504012,50.235007,14.102901,10,50.088,14.4208,27.93,38.3
2052719180,48.978329,14.4433,1,48.9745,14.4743,2.3,6.2
3362526028,49.569695,17.252196,8,49.5938,17.2509,2.68,6.3
511589980,50.235007,14.102901,10,50.088,14.4208,27.93,38.3
3731428684,50.235007,14.102901,10,50.088,14.4208,27.93,38.3
357696844,50.234931,14.103767,10,50.088,14.4208,27.87,38.3
102335308,50.235007,14.102901,10,50.088,14.4208,27.93,38.3
184451660,50.235007,14.102901,10,50.088,14.4208,27.93,38.3
131130188,50.235089,14.102134,10,50.088,14.4208,27.98,38.2
3195515724,50.235089,14.102134,10,50.088,14.4208,27.98,38.2
96395852,50.235532,14.095852,10,50.088,14.4208,28.37,37.6
1795756876,50.089264,14.669036,11,50.0406,14.5567,9.67,24.1
3430290252,50.251248,15.209951,6,50.2104,15.8252,44.0,50.3
3686081356,50.130561,14.729934,11,50.0406,14.5567,15.9,25.3
1276257100,49.12789,16.614414,14,49.1951,16.6068,7.49,13.7
3618181964,50.003266,14.561784,11,50.0406,14.5567,4.17,10.2
2080641868,49.670372,18.673677,12,49.8209,18.2625,33.96,38.5
3081311052,50.003266,14.561784,11,50.0406,14.5567,4.17,10.2
1689068108,49.403,15.603082,13,49.3961,15.5904,1.2,4.4
396956492,50.003266,14.561784,11,50.0406,14.5567,4.17,10.2
2826486604,49.159571,16.877908,14,49.1951,16.6068,20.1,24.2
1066321228,49.632196,16.711255,8,49.5938,17.2509,39.11,56.2
795022156,50.153907,14.578578,11,50.0406,14.5567,12.7,26.7
1095316300,49.422722,15.223833,13,49.3961,15.5904,26.69,33.1
915796812,48.881031,16.030962,14,49.1951,16.6068,54.6,62.7
656421708,50.671478,14.028627,4,50.6607,14.0328,1.23,3.4
851579724,50.754746,14.56066,5,50.7671,15.0562,34.88,42.9
2476544844,49.807078,18.240802,12,49.8209,18.2625,2.19,6.8
242999884,49.486489,16.681965,14,49.1951,16.6068,32.86,46.0
3147047756,50.7845,14.216164,4,50.6607,14.0328,18.87,29.2
844641100,50.032886,16.5092,6,50.2104,15.8252,52.61,67.8
408552012,48.978329,14.4433,1,48.9745,14.4743,2.3,6.2
2763989836,49.712621,17.902455,12,49.8209,18.2625,28.52,31.8
1136075596,50.514363,13.645419,4,50.6607,14.0328,31.82,38.4
3657708364,49.355491,16.647411,14,49.1951,16.6068,18.08,29.3
1763779404,49.811636,17.221995,8,49.5938,17.2509,24.31,39.7
2265027404,49.783879,15.177354,7,50.0343,15.7704,50.78,66.3
3504550732,49.8505,18.556414,12,49.8209,18.2625,21.33,34.0
1220727628,50.252155,17.222539,8,49.5938,17.2509,73.23,108.5
3048818252,49.18187,16.676243,14,49.1951,16.6068,5.26,10.6
3069637452,49.352648,16.655186,14,49.1951,16.6068,17.87,30.4
1110426444,49.474858,17.083047,8,49.5938,17.2509,17.93,22.5
1877787468,50.434407,14.887792,5,50.7671,15.0562,38.86,41.0
2605179724,50.041137,14.671101,11,50.0406,14.5567,8.17,19.2
532144972,49.84363,18.157675,12,49.8209,18.2625,7.93,14.1
129364812,49.731392,13.758349,2,49.7384,13.3736,27.66,39.6
753132364,50.393317,13.178399,3,50.2327,12.8712,28.19,35.6
963949388,50.108455,14.621602,11,50.0406,14.5567,8.85,20.1
410915660,50.579855,15.163412,5,50.7671,15.0562,22.15,21.7
2536145740,50.501243,13.700418,4,50.6607,14.0328,29.41,35.3
3231531596,50.815509,14.97051,5,50.7671,15.0562,8.08,11.5
466764364,49.315037,14.136145,1,48.9745,14.4743,45.15,51.5
4193325644,49.891775,15.469655,7,50.0343,15.7704,26.72,40.2
765747788,49.187273,16.633544,14,49.1951,16.6068,2.13,6.4
379871820,49.187273,16.633544,14,49.1951,16.6068,2.13,6.4
2512458316,49.889583,15.488528,7,50.0343,15.7704,25.8,39.3
4039184972,49.889583,15.488528,7,50.0343,15.7704,25.8,39.3
1508971084,49.889583,15.488528,7,50.0343,15.7704,25.8,39.3
1810960972,49.889583,15.488528,7,50.0343,15.7704,25.8,39.3
3683652428,49.988535,16.129934,7,50.0343,15.7704,26.19,33.2
1979978572,50.738891,15.301703,5,50.7671,15.0562,17.55,31.1
1741951820,50.413419,12.919695,3,50.2327,12.8712,20.39,30.4
2048483916,49.932991,17.882308,12,49.8209,18.2625,29.96,39.0
1126372172,48.980689,14.475395,1,48.9745,14.4743,0.69,2.7
1459884876,50.644027,13.855394,4,50.6607,14.0328,12.64,19.5
3221492556,50.090014,14.463717,10,50.088,14.4208,3.07,9.5
3859026764,49.962234,15.276185,7,50.0343,15.7704,36.22,49.6
3450082124,50.042962,14.312009,10,50.088,14.4208,9.24,20.8
3538293580,50.105908,14.387282,10,50.088,14.4208,3.11,10.9
467632972,50.077742,14.40767,10,50.088,14.4208,1.48,6.9
4266693452,50.771669,15.071843,5,50.7671,15.0562,1.21,2.8
4144239436,50.092355,14.482957,10,50.088,14.4208,4.46,12.3
2807378764,50.730261,15.611224,5,50.7671,15.0562,39.26,81.8
656376652,49.150738,17.002952,14,49.1951,16.6068,29.22,32.5
1932071756,50.141229,14.575347,11,50.0406,14.5567,11.27,24.6
2613953356,50.07065,14.449091,10,50.088,14.4208,2.79,12.3
1205408588,49.612451,16.680496,8,49.5938,17.2509,41.16,61.1
506729292,49.870426,13.947911,10,50.088,14.4208,41.58,43.5
2981901132,50.186014,15.846329,6,50.2104,15.8252,3.1,7.5
3727954764,49.954389,15.27858,7,50.0343,15.7704,36.26,49.5
2923279180,49.912237,15.385948,7,50.0343,15.7704,30.66,42.4
3153011532,49.67401,13.996433,2,49.7384,13.3736,45.36,66.2
3289125708,50.735202,15.056129,5,50.7671,15.0562,3.55,7.0
2385777484,49.571911,17.254171,8,49.5938,17.2509,2.45,6.3
1546916684,50.686159,13.881589,4,50.6607,14.0328,11.03,17.0
2889093964,50.030212,15.792431,7,50.0343,15.7704,1.64,5.8
2095034956,50.358714,12.823856,3,50.2327,12.8712,14.41,41.5
988541772,49.203913,16.622567,14,49.1951,16.6068,1.51,4.1
256889676,49.302291,16.528989,14,49.1951,16.6068,13.19,17.7
752857676,50.358714,12.823856,3,50.2327,12.8712,14.41,41.5
154080076,50.067568,15.850465,7,50.0343,15.7704,6.81,13.2
3236832076,49.485558,15.061709,13,49.3961,15.5904,39.5,50.7
2137006668,50.358714,12.823856,3,50.2327,12.8712,14.41,41.5
3755979340,50.358714,12.823856,3,50.2327,12.8712,14.41,41.5
819966540,50.358714,12.823856,3,50.2327,12.8712,14.41,41.5
316650060,50.358714,12.823856,3,50.2327,12.8712,14.41,41.5
601862732,50.358714,12.823856,3,50.2327,12.8712,14.41,41.5
2195698252,50.358714,12.823856,3,50.2327,12.8712,14.41,41.5
14660172,50.358714,12.823856,3,50.2327,12.8712,14.41,41.5
2480910924,50.358714,12.823856,3,50.2327,12.8712,14.41,41.5
1658827340,50.358714,12.823856,3,50.2327,12.8712,14.41,41.5
3823088204,50.358714,12.823856,3,50.2327,12.8712,14.41,41.5
1628443468,49.109684,16.063736,14,49.1951,16.6068,40.62,56.3
3537875532,50.358714,12.823856,3,50.2327,12.8712,14.41,41.5
3897889612,49.190016,16.253237,14,49.1951,16.6068,25.7,33.1
2135241548,49.2049,16.662254,14,49.1951,16.6068,4.17,11.8
3711177548,50.25607,14.51349,10,50.088,14.4208,19.82,31.1
4136637260,49.146209,16.992732,14,49.1951,16.6068,28.58,31.8
3154453324,49.168623,16.573477,14,49.1951,16.6068,3.81,9.9
4181201740,49.177443,16.597373,14,49.1951,16.6068,2.08,7.1
1577521996,50.20404,15.79334,6,50.2104,15.8252,2.38,4.1
403116876,50.20404,15.79334,6,50.2104,15.8252,2.38,4.1
3863688012,48.986398,14.44113,1,48.9745,14.4743,2.76,7.8
3134526284,49.548247,17.728508,8,49.5938,17.2509,34.81,33.7
134288204,49.405269,14.703242,1,48.9745,14.4743,50.71,35.4
2620461900,49.405269,14.703242,1,48.9745,14.4743,50.71,35.4
3894350668,49.649307,14.426968,11,50.0406,14.5567,44.49,60.8
2244526924,50.068793,14.452642,10,50.088,14.4208,3.12,10.9
4249129804,49.31457,14.142014,1,48.9745,14.4743,44.88,52.1
647152460,49.729101,13.391738,2,49.7384,13.3736,1.66,6.9
2924729164,49.732488,13.373592,2,49.7384,13.3736,0.66,2.0
1033311052,50.819839,14.970991,5,50.7671,15.0562,8.38,12.1
2951615308,50.229367,13.411917,3,50.2327,12.8712,38.46,48.5
452596556,50.215152,15.847706,6,50.2104,15.8252,1.69,3.2
1723274060,49.844925,18.285479,12,49.8209,18.2625,3.14,7.8
3087471436,50.20404,15.79334,6,50.2104,15.8252,2.38,4.1
1731408716,49.588079,18.13966,12,49.8209,18.2625,27.35,36.3
369038156,49.221275,15.894251,13,49.3961,15.5904,29.38,40.9
3472954188,50.234618,12.843396,3,50.2327,12.8712,1.99,3.9
1794061132,50.16208,14.332074,10,50.088,14.4208,10.39,24.2
3361592140,49.614171,17.256644,8,49.5938,17.2509,2.3,6.0
1858675532,49.86163,14.491657,11,50.0406,14.5567,20.44,34.0
3695231820,50.754746,14.56066,5,50.7671,15.0562,34.88,42.9
773923660,49.977373,17.726493,12,49.8209,18.2625,42.15,49.2
228602700,49.731158,13.405672,2,49.7384,13.3736,2.44,6.8
798434124,49.470162,17.108203,8,49.5938,17.2509,17.18,19.4
807146060,50.732968,15.066273,5,50.7671,15.0562,3.86,7.8
162865996,50.130561,14.729934,11,50.0406,14.5567,15.9,25.3
350561100,48.956593,14.469521,1,48.9745,14.4743,2.02,3.8
502076236,50.681096,14.536718,4,50.6607,14.0328,35.58,55.5
1111757644,49.794447,16.966085,8,49.5938,17.2509,30.29,31.9
4169482828,49.992109,14.366139,10,50.088,14.4208,11.35,24.5
209298252,50.79153,15.038991,5,50.7671,15.0562,2.97,7.9
679551820,49.212597,17.028095,14,49.1951,16.6068,30.67,37.4
1292358476,49.732488,13.373592,2,49.7384,13.3736,0.66,2.0
1664152396,50.234089,12.871804,3,50.2327,12.8712,0.16,0.8
2007765836,50.736076,15.061959,5,50.7671,15.0562,3.47,7.2
2393445196,49.163492,16.569758,14,49.1951,16.6068,4.43,10.7
413021004,49.412951,17.98712,9,49.2265,17.6625,31.36,53.4
1464546124,48.639323,14.229322,1,48.9745,14.4743,41.36,59.5
4049150796,49.775508,13.383491,2,49.7384,13.3736,4.19,9.7
3005141836,50.064729,14.735885,11,50.0406,14.5567,13.07,25.6
3199603532,49.368792,18.352338,12,49.8209,18.2625,50.69,62.7
2589201228,50.6007,13.652942,4,50.6607,14.0328,27.61,35.1
4051178316,50.223683,17.209317,8,49.5938,17.2509,70.1,103.2
1866404684,50.074539,14.381888,10,50.088,14.4208,3.15,13.1
4203942732,49.428753,13.875015,2,49.7384,13.3736,49.92,61.5
3928875852,50.370142,12.916381,3,50.2327,12.8712,15.62,21.3
2253787980,48.668581,14.162818,1,48.9745,14.4743,40.95,52.5
1019753292,50.188554,14.650079,11,50.0406,14.5567,17.75,29.2
4014289740,50.771294,15.045395,5,50.7671,15.0562,0.89,4.4
2404459340,49.603295,17.255424,8,49.5938,17.2509,1.1,4.3
2924745548,50.042765,14.493136,11,50.0406,14.5567,4.55,10.2
3909555020,50.20404,15.79334,6,50.2104,15.8252,2.38,4.1
1222337100,50.769996,15.058448,5,50.7671,15.0562,0.36,1.9
3140387660,50.18311,14.67695,11,50.0406,14.5567,18.02,28.1
483799884,48.888594,17.208265,9,49.2265,17.6625,50.07,60.0
1247023948,50.048479,14.302255,10,50.088,14.4208,9.53,21.9
3777762124,48.617064,14.3089,1,48.9745,14.4743,41.55,47.7
4018746188,50.772085,15.431413,5,50.7671,15.0562,26.39,49.1
4260545356,50.203048,14.550976,10,50.088,14.4208,15.8,27.8
1464210252,50.003419,14.352386,10,50.088,14.4208,10.6,22.4
863376204,50.184343,14.961924,11,50.0406,14.5567,33.02,43.8
1179095884,50.035001,15.777726,7,50.0343,15.7704,0.53,3.8
1144263500,50.147886,14.083469,10,50.088,14.4208,24.96,39.9
136581964,50.228907,14.082226,10,50.088,14.4208,28.76,38.2
1902711628,50.224375,12.883903,3,50.2327,12.8712,1.29,3.8
3400737612,49.978958,14.531013,11,50.0406,14.5567,7.1,16.3
1035146060,49.870152,18.431578,12,49.8209,18.2625,13.3,26.7
3394442060,49.640642,13.162622,2,49.7384,13.3736,18.67,24.2
1813206348,50.169077,14.768574,11,50.0406,14.5567,20.79,34.5
1949569868,50.179332,14.663488,11,50.0406,14.5567,17.2,26.9
2976170828,49.20934,16.60152,14,49.1951,16.6068,1.63,4.4
1313837900,48.957531,16.208902,14,49.1951,16.6068,39.21,50.4
3155477324,49.395934,15.587344,13,49.3961,15.5904,0.22,2.0
3557233484,49.677686,13.992892,2,49.7384,13.3736,45.04,65.3
1396511564,49.280919,17.007426,14,49.1951,16.6068,30.61,30.0
824361804,50.077325,14.378979,10,50.088,14.4208,3.21,12.7
3179139916,49.29809,17.398086,9,49.2265,17.6625,20.77,30.8
725476172,50.370142,12.916381,3,50.2327,12.8712,15.62,21.3
3324584780,49.851776,18.564913,12,49.8209,18.2625,21.96,35.5
4159910732,50.771202,15.253135,5,50.7671,15.0562,13.86,27.9
1931526988,49.826841,18.182467,12,49.8209,18.2625,5.78,10.9
2118976076,50.151048,14.115028,10,50.088,14.4208,22.9,38.2
2956464972,49.21717,16.518896,14,49.1951,16.6068,6.84,16.1
3877577548,49.014696,17.646986,9,49.2265,17.6625,23.58,36.0
2649511244,50.717989,15.16437,5,50.7671,15.0562,9.37,17.3
964039500,50.137731,12.802371,3,50.2327,12.8712,11.64,21.8
2077561676,49.200506,16.624559,14,49.1951,16.6068,1.42,5.0
3544634188,49.901326,18.188787,12,49.8209,18.2625,10.39,19.9
774574924,49.807844,18.245006,12,49.8209,18.2625,1.92,5.7
437719884,50.036655,14.49987,11,50.0406,14.5567,4.08,9.2
607392588,50.044699,14.517615,11,50.0406,14.5567,2.83,8.9
97194572,50.090263,14.325701,10,50.088,14.4208,6.79,16.3
1523323724,49.856249,18.538269,12,49.8209,18.2625,20.16,30.5
1166415180,50.002731,14.968457,11,50.0406,14.5567,29.72,46.5
2138706764,49.200506,16.624559,14,49.1951,16.6068,1.42,5.0
1792176716,49.009105,14.486729,1,48.9745,14.4743,3.95,8.2
2084713292,49.212385,16.601602,14,49.1951,16.6068,1.96,4.4
1122440012,50.416427,14.901392,5,50.7671,15.0562,40.5,39.2
1713926732,50.157537,14.75332,11,50.0406,14.5567,19.12,31.4
1738470220,49.471272,17.093779,8,49.5938,17.2509,17.73,21.3
3313316684,49.861336,18.539617,12,49.8209,18.2625,20.37,31.6
4197913420,49.218332,16.583613,14,49.1951,16.6068,3.08,8.9
2493846348,49.468454,17.068578,8,49.5938,17.2509,19.17,24.3
1675076428,50.415941,14.917321,5,50.7671,15.0562,40.26,38.2
3519943500,50.234089,12.871804,3,50.2327,12.8712,0.16,0.8
3368690508,50.07629,14.416727,10,50.088,14.4208,1.33,5.4
22885196,48.977899,14.435316,1,48.9745,14.4743,2.87,7.6
1117291340,49.849822,18.560633,12,49.8209,18.2625,21.62,35.0
4181136204,49.207959,16.603796,14,49.1951,16.6068,1.45,3.9
2081755980,49.732567,16.48595,8,49.5938,17.2509,57.18,60.7
2936918860,50.067783,14.7344,11,50.0406,14.5567,13.04,24.8
274301516,50.640682,13.838457,4,50.6607,14.0328,13.88,17.8
3185697612,50.06473,14.736106,11,50.0406,14.5567,13.09,25.5
3075744588,49.471272,17.093779,8,49.5938,17.2509,17.73,21.3
4061209420,49.830698,18.174611,12,49.8209,18.2625,6.4,10.7
1400836940,50.132249,14.725275,11,50.0406,14.5567,15.76,25.9
190059340,50.486025,15.509116,6,50.2104,15.8252,37.98,48.5
1617498956,50.224375,12.883903,3,50.2327,12.8712,1.29,3.8
405869388,50.516489,14.22837,4,50.6607,14.0328,21.16,37.7
1012974412,50.077869,14.301823,10,50.088,14.4208,8.56,18.9
198042444,48.978329,14.4433,1,48.9745,14.4743,2.3,6.2
1358807884,50.15371,14.581026,11,50.0406,14.5567,12.7,27.2
3453752140,50.436071,14.921947,5,50.7671,15.0562,38.01,35.6
1293030220,50.071381,14.409536,10,50.088,14.4208,2.02,7.5
1115108172,50.275084,16.095145,6,50.2104,15.8252,20.5,33.5
4266922828,50.042765,14.493136,11,50.0406,14.5567,4.55,10.2
118494028,49.203201,16.605844,14,49.1951,16.6068,0.9,3.1
4126028620,50.779035,15.423764,5,50.7671,15.0562,25.88,47.2
2056381260,49.121438,17.182567,9,49.2265,17.6625,36.79,53.5
2751669068,49.868613,18.556581,12,49.8209,18.2625,21.74,34.8
490677068,50.22828,12.863579,3,50.2327,12.8712,0.73,2.0
3461616460,50.042765,14.493136,11,50.0406,14.5567,4.55,10.2
2288173900,50.022142,14.456627,11,50.0406,14.5567,7.44,16.9
395060044,50.127356,14.27059,10,50.088,14.4208,11.57,24.3
254022476,49.752718,14.537365,11,50.0406,14.5567,32.04,45.9
2945262412,49.452165,17.473643,8,49.5938,17.2509,22.51,28.9
455553868,50.348141,14.481801,10,50.088,14.4208,29.25,43.6
557519692,50.738058,15.167866,5,50.7671,15.0562,8.49,15.5
1425941324,49.279049,17.005638,14,49.1951,16.6068,30.42,30.5
1214584140,50.002731,14.968457,11,50.0406,14.5567,29.72,46.5
3421967180,50.092355,14.482957,10,50.088,14.4208,4.46,12.3
759440204,49.77441,18.254272,12,49.8209,18.2625,5.2,11.6
1897780044,49.840163,13.910891,2,49.7384,13.3736,40.2,38.6
3101217612,49.213053,16.643586,14,49.1951,16.6068,3.34,8.3
1734677324,50.072969,14.474961,10,50.088,14.4208,4.21,12.3
1696805708,49.181873,16.67453,14,49.1951,16.6068,5.14,10.7
3761836876,49.811866,18.231434,12,49.8209,18.2625,2.44,8.3
2282165068,50.20404,15.79334,6,50.2104,15.8252,2.38,4.1
1043993420,50.103738,14.452739,10,50.088,14.4208,2.87,7.4
2231440204,49.405269,14.703242,1,48.9745,14.4743,50.71,35.4
1626481484,49.673633,13.985288,2,49.7384,13.3736,44.57,64.6
1638646604,49.862993,14.503386,11,50.0406,14.5567,20.11,32.2
3232052044,50.043457,14.496301,11,50.0406,14.5567,4.32,10.7
2012615500,50.06688,14.459147,10,50.088,14.4208,3.61,11.7
3691057996,49.405269,14.703242,1,48.9745,14.4743,50.71,35.4
2197885772,49.405269,14.703242,1,48.9745,14.4743,50.71,35.4
1022501708,49.673633,13.985288,2,49.7384,13.3736,44.57,64.6
2329027404,49.673633,13.985288,2,49.7384,13.3736,44.57,64.6
3661767500,48.639814,14.226622,1,48.9745,14.4743,41.4,58.0
1380303692,50.354385,14.480088,10,50.088,14.4208,29.92,43.2
629805900,50.686557,13.883396,4,50.6607,14.0328,10.91,17.4
2526094156,50.183943,14.715942,11,50.0406,14.5567,19.57,32.9
2018886476,49.403,15.603082,13,49.3961,15.5904,1.2,4.4
3291591500,49.88805,15.066526,11,50.0406,14.5567,40.22,54.3
526169932,49.477694,17.085416,8,49.5938,17.2509,17.59,21.4
3537445708,49.164113,16.603234,14,49.1951,16.6068,3.46,7.9
3193115468,50.285318,17.09612,8,49.5938,17.2509,77.69,107.4
747464012,49.427161,18.294173,12,49.8209,18.2625,43.84,57.9
3529773900,50.078481,14.864053,11,50.0406,14.5567,22.34,35.3
1180963660,50.078481,14.864053,11,50.0406,14.5567,22.34,35.3
471536460,50.233108,12.86268,3,50.2327,12.8712,0.61,1.6
3194495820,49.874217,18.433166,12,49.8209,18.2625,13.6,26.4
1867780940,50.070616,14.407781,10,50.088,14.4208,2.14,7.8
3752268620,50.661543,14.042432,4,50.6607,14.0328,0.69,1.7
2668348236,49.868613,18.556581,12,49.8209,18.2625,21.74,34.8
6558540,50.078481,14.864053,11,50.0406,14.5567,22.34,35.3
914539340,49.950131,12.705111,3,50.2327,12.8712,33.58,49.4
4160631628,49.87532,18.43893,12,49.8209,18.2625,14.02,27.4
1885545292,50.679334,14.106712,4,50.6607,14.0328,5.61,11.3
1378292556,49.723665,13.618755,2,49.7384,13.3736,17.7,25.1
3115643724,48.98513,14.433664,1,48.9745,14.4743,3.19,8.4
3512996684,50.078481,14.864053,11,50.0406,14.5567,22.34,35.3
675251020,50.099298,17.716757,12,49.8209,18.2625,49.82,58.3
3211006796,49.645493,14.094623,2,49.7384,13.3736,52.88,79.1
1566839628,50.078481,14.864053,11,50.0406,14.5567,22.34,35.3
540533580,49.809971,18.240608,12,49.8209,18.2625,1.99,7.0
2909016908,50.078481,14.864053,11,50.0406,14.5567,22.34,35.3
3202364236,49.11392,16.721561,14,49.1951,16.6068,12.29,20.2
308548428,50.078481,14.864053,11,50.0406,14.5567,22.34,35.3
593761100,50.078481,14.864053,11,50.0406,14.5567,22.34,35.3
3345224524,49.845817,18.168114,12,49.8209,18.2625,7.31,15.3
811864908,50.070581,14.864423,11,50.0406,14.5567,22.22,35.1
2407015244,49.197224,16.626997,14,49.1951,16.6068,1.49,5.5
2467799884,49.197224,16.626997,14,49.1951,16.6068,1.49,5.5
2092376908,50.023464,15.771589,7,50.0343,15.7704,1.21,2.0
2215744332,50.726368,15.596954,5,50.7671,15.0562,38.32,80.1
3205997388,49.197224,16.626997,14,49.1951,16.6068,1.49,5.5
376349516,50.634734,15.717002,6,50.2104,15.8252,47.8,66.7
1679270732,49.197224,16.626997,14,49.1951,16.6068,1.49,5.5
2722804556,50.755688,15.262921,5,50.7671,15.0562,14.6,29.5
4224828236,49.306711,14.157826,1,48.9745,14.4743,43.53,50.1
2341802828,50.736108,15.295424,5,50.7671,15.0562,17.18,31.4
3683980108,50.500255,13.432287,4,50.6607,14.0328,46.0,53.8
2866942796,49.197224,16.626997,14,49.1951,16.6068,1.49,5.5
3902083916,50.152964,15.131887,11,50.0406,14.5567,42.89,46.9
2845119308,50.079194,14.428524,10,50.088,14.4208,1.12,7.2
3830981452,49.197224,16.626997,14,49.1951,16.6068,1.49,5.5
2894713676,50.33045,12.508133,3,50.2327,12.8712,27.99,41.3
1553273676,49.746804,13.369826,2,49.7384,13.3736,0.97,3.2
2064958284,49.152785,16.50264,14,49.1951,16.6068,8.91,16.9
2999128908,50.434407,14.887792,5,50.7671,15.0562,38.86,41.0
1053704780,50.214974,15.845297,6,50.2104,15.8252,1.52,2.9
1546797644,49.757486,16.457556,7,50.0343,15.7704,58.05,70.2
3949888332,50.337324,12.93886,3,50.2327,12.8712,12.59,15.5
2895450956,50.75245,15.075632,5,50.7671,15.0562,2.13,7.1
1867916108,50.321529,13.544534,3,50.2327,12.8712,48.86,64.7
865407820,50.368432,12.816889,3,50.2327,12.8712,15.58,29.3
1708929868,49.825256,18.178753,12,49.8209,18.2625,6.03,11.5
2665751372,50.073614,14.438083,10,50.088,14.4208,2.02,9.3
4086633292,50.067345,14.409434,10,50.088,14.4208,2.44,8.1
4157207372,50.069364,14.374911,10,50.088,14.4208,3.88,11.7
2652451660,49.84649,18.156995,12,49.8209,18.2625,8.08,15.3
74433356,49.798895,18.397251,12,49.8209,18.2625,9.97,17.2
1874826060,49.774342,17.748957,12,49.8209,18.2625,37.22,47.0
1283269452,49.197224,16.626997,14,49.1951,16.6068,1.49,5.5
2245272396,49.197269,16.626949,14,49.1951,16.6068,1.48,5.5
3271086924,49.741907,13.387581,2,49.7384,13.3736,1.08,3.2
3098022732,50.032913,14.481425,11,50.0406,14.5567,5.44,11.8
1184977484,50.220057,12.88202,3,50.2327,12.8712,1.6,5.6
3174404940,50.623269,16.284329,6,50.2104,15.8252,56.27,78.5
1620382540,50.185475,12.555134,3,50.2327,12.8712,23.1,29.4
471995212,50.076078,14.088943,10,50.088,14.4208,23.72,33.8
3784643404,50.038502,14.341684,10,50.088,14.4208,7.89,20.3
946803532,50.016542,14.583332,11,50.0406,14.5567,3.28,8.0
2509513292,48.764748,14.958265,1,48.9745,14.4743,42.39,62.2
780473164,49.231368,17.687295,9,49.2265,17.6625,1.88,4.2
1667138380,49.745521,13.433879,2,49.7384,13.3736,4.4,10.2
634663756,49.963912,16.988291,8,49.5938,17.2509,45.27,49.2
1669665612,50.063242,14.425649,10,50.088,14.4208,2.77,8.5
196416332,50.341039,12.499124,3,50.2327,12.8712,29.05,43.2
1863820108,49.7307,13.391011,2,49.7384,13.3736,1.52,6.5
260379468,50.173289,14.648778,11,50.0406,14.5567,16.15,28.7
3481604940,50.173289,14.648778,11,50.0406,14.5567,16.15,28.7
1614881612,49.963912,16.988291,8,49.5938,17.2509,45.27,49.2
3971289932,50.046772,14.447568,10,50.088,14.4208,4.97,13.2
2265256780,48.854989,16.773954,14,49.1951,16.6068,39.73,43.8
415376204,49.76033,16.471779,7,50.0343,15.7704,58.75,69.4
327488332,50.173289,14.648778,11,50.0406,14.5567,16.15,28.7
2215318348,49.963912,16.988291,8,49.5938,17.2509,45.27,49.2
1446208844,50.151063,14.089626,10,50.088,14.4208,24.63,40.2
663032652,50.07873,16.461313,6,50.2104,15.8252,47.63,58.3
278983500,50.587753,14.637037,5,50.7671,15.0562,35.64,61.0
1884689228,50.128458,14.484086,10,50.088,14.4208,6.37,13.7
4052030284,50.607913,13.750625,4,50.6607,14.0328,20.75,26.2
2775696204,50.151063,14.089626,10,50.088,14.4208,24.63,40.2
1199903564,50.558694,13.77649,4,50.6607,14.0328,21.35,25.3
3477611340,49.197224,16.626997,14,49.1951,16.6068,1.49,5.5
1864700748,49.40523,15.56413,13,49.3961,15.5904,2.16,6.0
75830092,50.497223,13.658484,4,50.6607,14.0328,32.08,38.6
3045397324,50.434794,15.814498,6,50.2104,15.8252,24.96,33.0
2240090956,50.501246,13.698985,4,50.6607,14.0328,29.49,35.3
1418007372,50.239013,14.314067,10,50.088,14.4208,18.43,33.3
1253380940,50.493541,13.632428,4,50.6607,14.0328,33.83,41.4
2880770892,50.49674,13.653533,4,50.6607,14.0328,32.4,40.1
2931102540,49.786914,18.25474,12,49.8209,18.2625,3.82,8.1
2293568332,49.679155,18.681069,12,49.8209,18.2625,33.95,40.2
1874137932,50.503287,13.635366,4,50.6607,14.0328,33.07,40.7
2629112652,50.496764,13.635391,4,50.6607,14.0328,33.46,40.9
2240869196,49.591682,17.253588,8,49.5938,17.2509,0.3,2.4
1656034124,50.506403,13.63657,4,50.6607,14.0328,32.82,39.4
2998211404,50.503117,13.638257,4,50.6607,14.0328,32.91,40.5
3535082316,50.493288,13.651236,4,50.6607,14.0328,32.75,40.4
2192905036,50.493585,13.658743,4,50.6607,14.0328,32.29,40.5
1962947404,49.178445,16.625953,14,49.1951,16.6068,2.32,7.5
934613836,50.598697,13.594493,4,50.6607,14.0328,31.68,41.1
3870626636,50.598697,13.594493,4,50.6607,14.0328,31.68,41.1
3043566412,49.838141,18.290028,12,49.8209,18.2625,2.75,6.5
1639256908,50.497944,13.633833,4,50.6607,14.0328,33.48,41.9
3031765836,50.509814,13.627419,4,50.6607,14.0328,33.18,40.4
3350532940,50.513453,13.644814,4,50.6607,14.0328,31.91,39.1
632623948,48.854145,17.133897,14,49.1951,16.6068,53.99,56.5
454029900,49.216264,15.882853,13,49.3961,15.5904,29.15,37.4
3458200140,49.216264,15.882853,13,49.3961,15.5904,29.15,37.4
2560955212,49.036071,17.818894,9,49.2265,17.6625,24.04,42.8
2920690508,50.090538,14.29881,10,50.088,14.4208,8.71,19.2
134361932,50.146484,14.532371,10,50.088,14.4208,10.27,21.0
4185338700,50.111321,14.510686,10,50.088,14.4208,6.92,14.0
374154060,49.197224,16.626997,14,49.1951,16.6068,1.49,5.5
1545442124,50.239351,14.311632,10,50.088,14.4208,18.54,33.2
4002984780,50.239351,14.311632,10,50.088,14.4208,18.54,33.2
3181712204,49.991017,17.447274,8,49.5938,17.2509,46.36,60.4
735384396,49.746804,13.369826,2,49.7384,13.3736,0.97,3.2
2533430092,49.405269,14.703242,1,48.9745,14.4743,50.71,35.4
256971596,49.405269,14.703242,1,48.9745,14.4743,50.71,35.4
944837452,49.405269,14.703242,1,48.9745,14.4743,50.71,35.4
1599148876,49.405269,14.703242,1,48.9745,14.4743,50.71,35.4
1884361548,49.405269,14.703242,1,48.9745,14.4743,50.71,35.4
4129362764,49.405269,14.703242,1,48.9745,14.4743,50.71,35.4
1079055180,49.405269,14.703242,1,48.9745,14.4743,50.71,35.4
612971340,50.133708,14.141036,10,50.088,14.4208,20.59,35.7
1342706508,50.118716,12.529539,3,50.2327,12.8712,27.43,24.3
3083985484,50.363079,17.146378,8,49.5938,17.2509,85.87,124.5
44049228,49.847777,18.275456,12,49.8209,18.2625,3.13,8.0
1825051468,50.725139,15.214649,5,50.7671,15.0562,12.09,21.5
2986419020,49.24208,16.558809,14,49.1951,16.6068,6.28,13.3
4149744460,50.490811,13.645795,4,50.6607,14.0328,33.22,40.8
439697996,49.917523,14.24376,10,50.088,14.4208,22.79,37.1
1392566860,50.693449,15.733144,5,50.7671,15.0562,48.34,105.9
2418578252,49.957572,14.044159,10,50.088,14.4208,30.57,35.3
2236011340,50.367231,14.849785,11,50.0406,14.5567,41.88,47.5
3951833932,49.199921,16.615017,14,49.1951,16.6068,0.8,3.4
3210220364,50.726708,15.464309,5,50.7671,15.0562,29.06,54.0
295949132,49.206463,16.697768,14,49.1951,16.6068,6.73,14.6
2458894924,50.606424,15.833479,6,50.2104,15.8252,44.04,53.0
3117794124,49.197522,16.658122,14,49.1951,16.6068,3.74,10.1
2828899148,50.319924,12.739736,3,50.2327,12.8712,13.47,18.7
3489993548,48.988475,14.438561,1,48.9745,14.4743,3.04,7.6
3747922764,48.786184,13.959321,1,48.9745,14.4743,43.09,64.9
1090851660,49.23909,16.964223,14,49.1951,16.6068,26.42,30.3
1905034060,49.147161,16.993874,14,49.1951,16.6068,28.64,31.5
3344438092,50.778618,14.217677,4,50.6607,14.0328,18.47,27.7
2072580940,50.059693,14.498225,11,50.0406,14.5567,4.68,11.4
2302931788,48.903078,14.299959,1,48.9745,14.4743,15.01,24.6
3644134220,49.861336,18.539617,12,49.8209,18.2625,20.37,31.6
3107263308,49.595405,18.357527,12,49.8209,18.2625,25.99,23.4
2939491148,50.183762,12.548896,3,50.2327,12.8712,23.57,30.7
1203499852,50.673786,14.125756,4,50.6607,14.0328,6.71,9.9
2571117388,50.637428,13.799169,4,50.6607,14.0328,16.67,20.1
2854499148,50.852321,14.856435,5,50.7671,15.0562,16.94,20.7
3996455756,50.7288,15.179738,5,50.7671,15.0562,9.68,16.2
3881055052,49.438953,14.368051,1,48.9745,14.4743,52.22,64.8
993317708,50.1896,14.381499,10,50.088,14.4208,11.64,24.6
551752524,49.836895,18.247764,12,49.8209,18.2625,2.07,4.4
755372876,49.858918,18.272014,12,49.8209,18.2625,4.28,9.7
2637501260,50.607048,13.74258,4,50.6607,14.0328,21.32,27.1
3915846476,49.850018,18.275235,12,49.8209,18.2625,3.36,7.8
2169246540,49.830434,18.286673,12,49.8209,18.2625,2.03,6.9
3647923020,49.387231,14.688506,1,48.9745,14.4743,48.46,38.5
1405489996,50.749152,15.065194,5,50.7671,15.0562,2.09,7.1
3273442124,49.809365,18.231665,12,49.8209,18.2625,2.56,7.3
1760301900,49.805061,18.242751,12,49.8209,18.2625,2.26,6.4
2721387340,50.053755,14.481678,11,50.0406,14.5567,5.55,14.0
1977553740,49.788098,18.164731,12,49.8209,18.2625,7.91,18.3
3258258252,50.042179,14.325126,10,50.088,14.4208,8.52,19.6
825561932,48.858827,17.132263,14,49.1951,16.6068,53.53,57.0
800179020,50.130647,14.729075,11,50.0406,14.5567,15.86,25.0
3458536268,50.110435,14.509221,10,50.088,14.4208,6.78,13.6
3441168972,50.732968,15.066273,5,50.7671,15.0562,3.86,7.8
2727818060,50.130647,14.729075,11,50.0406,14.5567,15.86,25.0
3911521100,50.611452,13.742909,4,50.6607,14.0328,21.17,27.1
2015650380,50.770487,15.432582,5,50.7671,15.0562,26.47,49.8
2329482060,49.83944,18.299057,12,49.8209,18.2625,3.34,9.6
2959512396,49.842487,18.287325,12,49.8209,18.2625,2.99,8.1
3135501132,49.181677,16.621867,14,49.1951,16.6068,1.85,5.6
4176425804,50.686294,13.882612,4,50.6607,14.0328,10.96,17.2
2445595468,50.079959,14.281957,10,50.088,14.4208,9.95,20.6
4025742156,49.181677,16.621867,14,49.1951,16.6068,1.85,5.6
696726348,49.181677,16.621867,14,49.1951,16.6068,1.85,5.6
193409868,49.181677,16.621867,14,49.1951,16.6068,1.85,5.6
3213308748,49.181677,16.621867,14,49.1951,16.6068,1.85,5.6
1617437516,49.181677,16.621867,14,49.1951,16.6068,1.85,5.6
1835541324,49.181677,16.621867,14,49.1951,16.6068,1.85,5.6
1952981836,49.181677,16.621867,14,49.1951,16.6068,1.85,5.6
1498747724,49.906122,17.876929,12,49.8209,18.2625,29.22,36.7
3353416524,49.749659,13.377821,2,49.7384,13.3736,1.29,7.1
2106786380,50.140343,14.377232,10,50.088,14.4208,6.6,16.3
1760215884,50.131631,14.116351,10,50.088,14.4208,22.25,34.7
3394573132,49.592572,17.239383,8,49.5938,17.2509,0.84,3.5
605565772,49.577912,13.328319,2,49.7384,13.3736,18.14,17.3
4183102284,49.375588,18.276016,9,49.2265,17.6625,47.47,74.9
159847244,49.739952,13.363934,2,49.7384,13.3736,0.72,2.9
1662305100,50.779064,15.423818,5,50.7671,15.0562,25.88,47.4
2900788044,49.973036,14.506281,11,50.0406,14.5567,8.33,19.0
745247564,50.213793,15.845175,6,50.2104,15.8252,1.47,3.5
3075806028,49.865328,12.742477,3,50.2327,12.8712,41.87,57.1
2270499660,50.134431,14.284089,10,50.088,14.4208,11.03,24.9
521331532,49.742686,13.602989,2,49.7384,13.3736,16.49,21.4
2778927948,49.201748,16.604486,14,49.1951,16.6068,0.76,3.1
999306060,49.201748,16.604486,14,49.1951,16.6068,0.76,3.1
2731021132,49.759317,16.460546,7,50.0343,15.7704,58.13,69.6
2913346380,49.794259,18.233829,12,49.8209,18.2625,3.61,7.8
2873082700,49.842618,18.302962,12,49.8209,18.2625,3.78,9.0
820634444,48.853421,16.048644,14,49.1951,16.6068,55.68,59.5
3765748556,49.74265,13.332857,2,49.7384,13.3736,2.97,7.4
2924462924,49.808268,18.235347,12,49.8209,18.2625,2.4,7.4
951915340,49.676476,18.335541,12,49.8209,18.2625,16.89,17.2
927216460,49.676476,18.335541,12,49.8209,18.2625,16.89,17.2
1901474636,50.021976,15.759637,7,50.0343,15.7704,1.57,3.8
2273887052,49.790584,16.886949,8,49.5938,17.2509,34.12,28.6
2220208972,49.597296,17.26509,8,49.5938,17.2509,1.09,4.0
1262818124,50.067014,14.553333,11,50.0406,14.5567,2.95,8.9
1009619788,49.7931,18.233638,12,49.8209,18.2625,3.72,8.4
1766134604,50.78241,15.07523,5,50.7671,15.0562,2.17,6.3
3947172684,50.090732,14.476322,10,50.088,14.4208,3.97,11.1
2604995404,50.090732,14.476322,10,50.088,14.4208,3.97,11.1
208851788,50.200312,15.847345,6,50.2104,15.8252,1.93,5.1
2695414604,50.272195,14.326214,10,50.088,14.4208,21.56,30.4
491446860,50.197996,14.519916,10,50.088,14.4208,14.12,24.7
1598362444,50.412151,14.911401,5,50.7671,15.0562,40.77,36.3
1579074380,50.074234,14.430115,10,50.088,14.4208,1.67,7.6
4184875852,49.789128,18.227486,12,49.8209,18.2625,4.34,8.5
2722435916,49.807931,18.247441,12,49.8209,18.2625,1.8,5.7
2180715340,50.259259,14.517594,10,50.088,14.4208,20.25,31.5
3276153676,50.20338,15.790924,6,50.2104,15.8252,2.56,4.4
843387724,50.781914,15.231465,5,50.7671,15.0562,12.43,24.5
1163273036,50.20338,15.790924,6,50.2104,15.8252,2.56,4.4
4032176972,50.20338,15.790924,6,50.2104,15.8252,2.56,4.4
523219788,50.656529,15.909184,6,50.2104,15.8252,49.96,59.2
323294028,49.790436,18.264337,12,49.8209,18.2625,3.39,8.4
666665804,50.259259,14.517594,10,50.088,14.4208,20.25,31.5
1919095628,50.20338,15.790924,6,50.2104,15.8252,2.56,4.4
1485902668,49.752347,13.423115,2,49.7384,13.3736,3.88,8.6
307635020,50.20338,15.790924,6,50.2104,15.8252,2.56,4.4
541397836,49.777822,13.357049,2,49.7384,13.3736,4.54,10.0
2574586700,50.090732,14.476322,10,50.088,14.4208,3.97,11.1
1255154508,50.07129,14.406946,10,50.088,14.4208,2.1,7.7
2705658700,50.527785,14.973299,5,50.7671,15.0562,27.25,28.9
1363481420,50.781914,15.231465,5,50.7671,15.0562,12.43,24.5
2289374028,49.794443,18.257125,12,49.8209,18.2625,2.97,7.0
3642233676,48.620189,14.257467,1,48.9745,14.4743,42.48,52.5
2059735884,48.905257,15.598051,13,49.3961,15.5904,54.58,73.7
1616524108,49.85036,18.559675,12,49.8209,18.2625,21.56,34.1
4218753868,50.330851,15.270291,6,50.2104,15.8252,41.65,58.0
1195709260,50.498903,13.434475,4,50.6607,14.0328,45.92,55.5
1988121164,50.078364,14.432523,10,50.088,14.4208,1.36,7.7
3959165772,49.712327,13.198205,2,49.7384,13.3736,12.94,17.9
242553676,50.634744,13.842953,4,50.6607,14.0328,13.69,16.8
3083846476,50.313268,12.949293,3,50.2327,12.8712,10.54,14.3
1396802380,49.931706,17.923203,12,49.8209,18.2625,27.26,32.4
48313164,50.047673,14.558939,11,50.0406,14.5567,0.8,3.0
1839014732,50.200967,15.992231,6,50.2104,15.8252,11.93,17.7
2171347788,50.200967,15.992231,6,50.2104,15.8252,11.93,17.7
290591564,50.103276,14.451418,10,50.088,14.4208,2.77,7.2
594289484,50.200967,15.992231,6,50.2104,15.8252,11.93,17.7
777655116,50.200967,15.992231,6,50.2104,15.8252,11.93,17.7
806949708,50.65634,14.06257,4,50.6607,14.0328,2.15,4.4
3869344588,49.846733,18.28269,12,49.8209,18.2625,3.22,7.4
3454714700,49.922519,14.639342,11,50.0406,14.5567,14.4,19.4
3850515276,50.217627,12.19517,3,50.2327,12.8712,48.12,47.8
417121100,49.799366,16.781426,8,49.5938,17.2509,40.78,45.0
2964984652,49.966063,16.970551,8,49.5938,17.2509,46.03,49.1
2046915148,48.789276,14.779841,1,48.9745,14.4743,30.39,42.4
3609535308,48.927684,16.027821,14,49.1951,16.6068,51.61,65.9
3864183628,48.859211,16.059238,14,49.1951,16.6068,54.67,57.8
3981431628,48.790824,14.787857,1,48.9745,14.4743,30.71,41.9
714875724,50.772085,15.431413,5,50.7671,15.0562,26.39,49.1
3129398092,49.95584,14.044731,10,50.088,14.4208,30.62,35.8
495514444,50.072118,17.093378,8,49.5938,17.2509,54.37,70.3
1938297420,48.847581,16.056772,14,49.1951,16.6068,55.69,58.0
3205894732,48.974469,14.474342,1,48.9745,14.4743,0.0,1.4
4070060876,49.964842,12.701299,3,50.2327,12.8712,32.16,45.2
1932116812,49.87138,14.265184,10,50.088,14.4208,26.53,33.3
4249596748,49.558156,17.248324,8,49.5938,17.2509,3.97,10.3
2021638988,50.044611,14.499616,11,50.0406,14.5567,4.1,11.3
1923940940,49.374031,15.701934,13,49.3961,15.5904,8.44,13.8
3530888012,49.578263,17.237954,8,49.5938,17.2509,1.96,5.4
848482892,50.414723,14.888391,5,50.7671,15.0562,40.93,42.3
404939596,50.065483,14.930145,11,50.0406,14.5567,26.81,40.7
355857228,49.214755,16.582003,14,49.1951,16.6068,2.83,6.5
989401932,50.143356,14.118829,10,50.088,14.4208,22.39,34.8
2462454604,49.027551,17.65952,9,49.2265,17.6625,22.12,33.1
7672652,49.017085,17.126361,14,49.1951,16.6068,42.69,54.8
3849130828,49.017085,17.126361,14,49.1951,16.6068,42.69,54.8
1111831372,50.111253,14.737611,11,50.0406,14.5567,15.11,29.9
638989132,50.018839,14.522105,11,50.0406,14.5567,3.46,9.3
2183418444,50.111188,14.739038,11,50.0406,14.5567,15.2,29.4
4213625676,49.087986,17.873493,9,49.2265,17.6625,21.74,36.6
3418964556,50.111188,14.739038,11,50.0406,14.5567,15.2,29.4
1367917644,50.223281,17.090439,8,49.5938,17.2509,70.93,95.9
3140932940,50.223281,17.090439,8,49.5938,17.2509,70.93,95.9
3770664012,50.223281,17.090439,8,49.5938,17.2509,70.93,95.9
735429452,49.198172,16.695262,14,49.1951,16.6068,6.44,12.6
1002816332,49.198172,16.695262,14,49.1951,16.6068,6.44,12.6
1179071308,49.199634,16.620407,14,49.1951,16.6068,1.11,4.2
1727603532,50.097107,14.731707,11,50.0406,14.5567,13.98,31.8
3418190412,50.40804,12.977821,3,50.2327,12.8712,20.91,32.6
1303692108,49.198181,16.695321,14,49.1951,16.6068,6.44,12.6
1987056460,49.247587,16.583301,14,49.1951,16.6068,6.08,11.1
309601100,49.942236,17.901526,12,49.8209,18.2625,29.17,36.4
3892781900,49.751099,13.418283,2,49.7384,13.3736,3.51,8.5
3760505676,49.931252,17.910213,12,49.8209,18.2625,28.07,35.7
1280447308,49.150054,16.656141,14,49.1951,16.6068,6.16,14.7
24519500,49.746677,13.367893,2,49.7384,13.3736,1.01,3.8
3798053708,50.100098,13.384873,3,50.2327,12.8712,39.45,41.9
280085324,50.366368,12.774204,3,50.2327,12.8712,16.38,28.7
3171271500,50.720566,15.418615,5,50.7671,15.0562,26.02,49.2
602542924,50.456578,13.413965,3,50.2327,12.8712,45.86,55.7
4279313228,49.888708,14.283887,10,50.088,14.4208,24.23,32.1
2038502220,49.282544,16.983858,14,49.1951,16.6068,29.05,31.0
1360376652,50.140177,14.445348,10,50.088,14.4208,6.06,17.3
1362420556,50.090799,14.491722,10,50.088,14.4208,5.07,12.9
2525287244,50.099493,14.471977,10,50.088,14.4208,3.87,8.9
2284331852,48.853476,17.125358,14,49.1951,16.6068,53.6,55.8
3554476620,49.374031,15.701934,13,49.3961,15.5904,8.44,13.8
3549221708,49.760911,13.359885,2,49.7384,13.3736,2.69,6.9
2173735756,49.122405,16.334659,14,49.1951,16.6068,21.38,29.5
2607944524,48.974469,14.474342,1,48.9745,14.4743,0.0,1.4
2619347788,48.974469,14.474342,1,48.9745,14.4743,0.0,1.4
459608908,50.104707,12.360769,3,50.2327,12.8712,39.04,30.6
1962771276,49.180756,14.693861,1,48.9745,14.4743,27.96,22.3
141693772,48.974469,14.474342,1,48.9745,14.4743,0.0,1.4
1929515852,49.614696,16.677482,8,49.5938,17.2509,41.39,60.5
947000140,48.974469,14.474342,1,48.9745,14.4743,0.0,1.4
3128697676,49.056696,13.796792,1,48.9745,14.4743,50.25,57.8
2781946700,49.57191,17.254167,8,49.5938,17.2509,2.45,6.3
3950121804,48.974469,14.474342,1,48.9745,14.4743,0.0,1.4
3073688396,49.141331,16.551373,14,49.1951,16.6068,7.21,14.0
283804492,48.975924,14.444039,1,48.9745,14.4743,2.21,6.6
2082476876,48.974469,14.474342,1,48.9745,14.4743,0.0,1.4
3375678284,49.141331,16.551373,14,49.1951,16.6068,7.21,14.0
1989657420,50.185079,14.665612,11,50.0406,14.5567,17.84,26.8
3216905036,49.1445,13.552794,2,49.7384,13.3736,67.3,87.6
2558014284,48.974469,14.474342,1,48.9745,14.4743,0.0,1.4
113279820,50.054067,14.489308,11,50.0406,14.5567,5.04,10.8
4180984652,49.141331,16.551373,14,49.1951,16.6068,7.21,14.0
2433291084,49.761496,13.350012,2,49.7384,13.3736,3.08,8.0
1345819468,49.778886,14.692641,11,50.0406,14.5567,30.69,37.0
2896438092,49.760787,15.912532,7,50.0343,15.7704,32.07,39.5
1942733644,48.974469,14.474342,1,48.9745,14.4743,0.0,1.4
4064863052,50.146457,13.90675,10,50.088,14.4208,37.22,41.0
1499796300,50.664586,14.027909,4,50.6607,14.0328,0.55,1.3
2407211852,49.760893,13.354541,2,49.7384,13.3736,2.85,7.7
3113280332,49.296282,16.545267,14,49.1951,16.6068,12.11,15.5
2607821644,48.987309,14.453233,1,48.9745,14.4743,2.1,6.0
2881819468,50.123932,14.484861,10,50.088,14.4208,6.07,14.4
454505292,49.398113,13.27538,2,49.7384,13.3736,38.5,43.4
608187212,48.81789,14.320435,1,48.9745,14.4743,20.73,26.1
178725708,50.169077,14.768574,11,50.0406,14.5567,20.79,34.5
1268921164,48.765083,14.029716,1,48.9745,14.4743,40.0,51.9
1135878988,48.971181,14.502709,1,48.9745,14.4743,2.11,6.2
457782092,49.011763,14.753885,1,48.9745,14.4743,20.82,24.5
731784012,50.435509,14.880012,5,50.7671,15.0562,38.91,41.4
1596535628,48.998056,15.357062,13,49.3961,15.5904,47.4,60.5
1693434700,49.786379,14.688028,11,50.0406,14.5567,29.79,32.3
3409257292,50.765797,15.064749,5,50.7671,15.0562,0.62,1.6
112116556,50.038648,15.772511,7,50.0343,15.7704,0.51,2.2
1435026252,49.05754,17.480581,9,49.2265,17.6625,22.98,37.0
1438196556,48.835074,16.855321,14,49.1951,16.6068,43.94,38.0
1559372620,49.673633,13.985288,2,49.7384,13.3736,44.57,64.6
1759826764,50.123679,16.214328,6,50.2104,15.8252,29.35,35.9
702231372,49.949389,15.663661,7,50.0343,15.7704,12.14,18.6
1322550092,50.173314,14.648477,11,50.0406,14.5567,16.14,28.7
2981831500,50.233706,14.385283,10,50.088,14.4208,16.4,26.9
195760972,50.417969,14.900803,5,50.7671,15.0562,40.34,39.2
2350629708,49.464433,15.007917,13,49.3961,15.5904,42.8,56.5
131060556,49.218701,14.417538,1,48.9745,14.4743,27.47,33.5
3166495564,49.988991,14.208125,10,50.088,14.4208,18.76,31.1
2042958668,49.85121,18.562542,12,49.8209,18.2625,21.78,34.3
3384918860,48.848097,16.055167,14,49.1951,16.6068,55.74,59.0
2725892940,49.396021,15.588379,13,49.3961,15.5904,0.15,0.6
2932151116,50.117309,14.476148,10,50.088,14.4208,5.12,12.8
472761164,49.194186,16.895378,14,49.1951,16.6068,20.97,22.8
4285207116,50.825879,14.873807,5,50.7671,15.0562,14.39,18.2
3883463500,49.18565,16.60044,14,49.1951,16.6068,1.15,4.5
849355596,50.07129,14.406946,10,50.088,14.4208,2.1,7.7
3473810252,49.232427,16.649066,14,49.1951,16.6068,5.16,33.7
879244108,49.167608,16.586397,14,49.1951,16.6068,3.4,9.0
946139724,50.779761,15.421199,5,50.7671,15.0562,25.7,46.6
3467236172,49.091043,16.601916,14,49.1951,16.6068,11.58,15.9
3409978700,49.206201,17.680908,9,49.2265,17.6625,2.62,6.4
314905420,50.043457,14.4963,11,50.0406,14.5567,4.32,10.7
2503349068,50.047163,14.301941,10,50.088,14.4208,9.62,22.4
1245717836,49.203811,17.683923,9,49.2265,17.6625,2.96,5.3
125363020,50.029889,14.505243,11,50.0406,14.5567,3.86,8.6
3909886796,50.737641,15.297928,5,50.7671,15.0562,17.32,30.6
3089036108,49.192355,15.167624,13,49.3961,15.5904,38.12,53.2
3519353676,50.368542,12.820032,3,50.2327,12.8712,15.54,29.5
519627596,48.98329,14.44849,1,48.9745,14.4743,2.12,5.9
2605720396,49.970419,14.807048,11,50.0406,14.5567,19.52,34.3
2868187980,50.761183,15.032069,5,50.7671,15.0562,1.82,7.4
2801668940,50.772085,15.431413,5,50.7671,15.0562,26.39,49.1
2722857804,48.669031,14.163195,1,48.9745,14.4743,40.9,52.1
2024219468,50.683068,15.84806,6,50.2104,15.8252,52.58,67.1
471712588,49.844576,15.997571,7,50.0343,15.7704,26.63,34.1
3474834252,49.845185,16.001461,7,50.0343,15.7704,26.75,34.5
664736588,49.462,18.122786,12,49.8209,18.2625,41.16,57.5
3658167116,48.977659,14.488812,1,48.9745,14.4743,1.12,3.4
2862990156,50.102593,14.454424,10,50.088,14.4208,2.9,8.0
436941644,48.977112,14.486417,1,48.9745,14.4743,0.93,3.1
1665110860,50.766997,15.054674,5,50.7671,15.0562,0.11,4.3
1001067340,50.417969,14.900803,5,50.7671,15.0562,40.34,39.2
2752586572,48.823938,14.327386,1,48.9745,14.4743,19.89,24.2
777200460,48.977112,14.486417,1,48.9745,14.4743,0.93,3.1
685843276,48.978989,14.35705,1,48.9745,14.4743,8.57,13.6
3937080140,50.417969,14.900803,5,50.7671,15.0562,40.34,39.2
4030923340,50.176789,16.91108,8,49.5938,17.2509,69.25,84.8
2878653260,48.864438,13.910763,1,48.9745,14.4743,42.96,65.6
4228916044,48.745992,14.489323,1,48.9745,14.4743,25.43,25.0
2347438924,50.660949,13.845985,4,50.6607,14.0328,13.17,18.9
2029917004,48.98329,14.44849,1,48.9745,14.4743,2.12,5.9
2819289932,49.866043,15.400272,7,50.0343,15.7704,32.42,46.9
978203468,49.24163,17.668035,9,49.2265,17.6625,1.73,6.5
1517564748,50.067786,14.404334,10,50.088,14.4208,2.54,9.2
3227439948,50.66537,15.716772,5,50.7671,15.0562,47.86,97.7
4115469132,49.569695,17.252196,8,49.5938,17.2509,2.68,6.3
2280985420,50.644682,15.965816,6,50.2104,15.8252,49.31,63.1
1768690508,49.569695,17.252196,8,49.5938,17.2509,2.68,6.3
904008524,49.525747,16.247701,14,49.1951,16.6068,45.03,60.1
2399544140,50.636386,13.807664,4,50.6607,14.0328,16.1,19.0
503366476,49.844831,18.180943,12,49.8209,18.2625,6.43,13.4
3830256460,49.569695,17.252196,8,49.5938,17.2509,2.68,6.3
1480381260,48.8368,16.163374,14,49.1951,16.6068,51.31,52.8
2029011532,48.85997,16.051984,14,49.1951,16.6068,55.0,58.5
114192972,49.087186,13.480442,2,49.7384,13.3736,72.82,98.1
1649722188,49.204668,16.664807,14,49.1951,16.6068,4.35,12.5
116724556,49.747783,13.378349,2,49.7384,13.3736,1.1,5.4
2903626572,50.135934,14.114618,10,50.088,14.4208,22.47,35.1
1492915020,50.021169,14.452891,11,50.0406,14.5567,7.72,16.8
2920289100,50.001637,15.715115,7,50.0343,15.7704,5.37,10.4
3147830092,50.50274,13.698375,4,50.6607,14.0328,29.43,35.7
2571305548,50.176789,16.91108,8,49.5938,17.2509,69.25,84.8
688206668,48.744813,14.489301,1,48.9745,14.4743,25.56,25.0
3351843660,50.133549,14.116424,10,50.088,14.4208,22.29,34.1
3336315724,50.10556,14.379861,10,50.088,14.4208,3.51,10.3
3506901836,49.723665,13.618755,2,49.7384,13.3736,17.7,25.1
149230412,49.218806,13.304585,2,49.7384,13.3736,57.99,65.5
285676364,49.723665,13.618755,2,49.7384,13.3736,17.7,25.1
1339495244,48.850348,17.13673,14,49.1951,16.6068,54.43,58.6
805770060,49.723665,13.618755,2,49.7384,13.3736,17.7,25.1
2684818252,49.723665,13.618755,2,49.7384,13.3736,17.7,25.1
786633548,49.794872,18.398283,12,49.8209,18.2625,10.16,16.6
4062647116,49.723665,13.618755,2,49.7384,13.3736,17.7,25.1
317461324,49.180364,14.693718,1,48.9745,14.4743,27.92,22.6
423826252,49.852723,18.563305,12,49.8209,18.2625,21.86,34.2
3972928332,49.829818,18.183369,12,49.8209,18.2625,5.76,9.6
3754824524,49.771625,13.367203,2,49.7384,13.3736,3.72,8.2
3686536012,50.04711,15.760958,7,50.0343,15.7704,1.58,3.4
328995660,49.867521,18.425662,12,49.8209,18.2625,12.8,24.6
1951077196,49.836445,18.294384,12,49.8209,18.2625,2.87,7.1
4043645772,50.173289,14.648778,11,50.0406,14.5567,16.15,28.7
667620172,49.696236,12.74544,2,49.7384,13.3736,45.4,41.8
3053790028,50.173289,14.648778,11,50.0406,14.5567,16.15,28.7
3585807180,49.780346,18.225908,12,49.8209,18.2625,5.22,10.3
2718245708,50.173289,14.648778,11,50.0406,14.5567,16.15,28.7
2967278412,49.824491,18.194274,12,49.8209,18.2625,4.91,8.9
822420300,50.173289,14.648778,11,50.0406,14.5567,16.15,28.7
2491028300,49.724891,18.466191,12,49.8209,18.2625,18.11,31.2
3003458380,50.173289,14.648778,11,50.0406,14.5567,16.15,28.7
1118249804,49.066259,17.456251,9,49.2265,17.6625,23.29,35.1
2404127564,50.648581,14.05834,4,50.6607,14.0328,2.25,7.6
109777740,50.078978,16.768948,8,49.5938,17.2509,64.07,71.1
697484108,50.181921,12.550331,3,50.2327,12.8712,23.52,29.7
2645766988,50.537352,14.138901,4,50.6607,14.0328,15.63,29.0
850707276,50.173289,14.648778,11,50.0406,14.5567,16.15,28.7
3789169484,49.743849,16.62911,8,49.5938,17.2509,47.76,47.3
2820195148,49.845355,18.345059,12,49.8209,18.2625,6.52,16.1
3586532172,48.988848,14.471317,1,48.9745,14.4743,1.61,4.5
835101516,50.78001,15.176528,5,50.7671,15.0562,8.58,20.4
2636571468,49.206556,15.847606,13,49.3961,15.5904,28.14,36.1
1536475980,48.864438,13.910763,1,48.9745,14.4743,42.96,65.6
4030063436,49.745729,13.433889,2,49.7384,13.3736,4.41,10.2
3937575756,49.795502,17.630561,8,49.5938,17.2509,35.34,60.3
4085760844,49.799862,18.240115,12,49.8209,18.2625,2.84,7.2
750932556,49.755433,13.378911,2,49.7384,13.3736,1.93,5.1
1234441036,50.090732,14.29884,10,50.088,14.4208,8.71,19.1
2576618316,50.090732,14.29884,10,50.088,14.4208,8.71,19.1
3918795596,50.090732,14.29884,10,50.088,14.4208,8.71,19.1
3415479116,50.067548,14.554192,11,50.0406,14.5567,3.0,9.0
194253644,50.029889,14.505243,11,50.0406,14.5567,3.86,8.6
4074570316,49.36688,15.712742,13,49.3961,15.5904,9.43,17.4
2878608204,50.04706,14.302664,10,50.088,14.4208,9.58,22.2
1536430924,50.029889,14.505243,11,50.0406,14.5567,3.86,8.6
786764620,50.032737,15.560016,7,50.0343,15.7704,15.03,21.4
1192956748,50.771773,15.061727,5,50.7671,15.0562,0.65,3.7
280367948,48.764325,14.95852,1,48.9745,14.4743,42.43,62.1
3706000204,50.241053,12.738923,3,50.2327,12.8712,9.45,13.5
2263159628,50.110328,14.923119,11,50.0406,14.5567,27.27,36.8
3700962124,49.775241,18.449435,12,49.8209,18.2625,14.35,21.1
235737932,49.167441,16.555767,14,49.1951,16.6068,4.82,12.7
2430403148,49.374031,15.701934,13,49.3961,15.5904,8.44,13.8
2460811852,49.374031,15.701934,13,49.3961,15.5904,8.44,13.8
3051688780,49.74866,16.471344,8,49.5938,17.2509,58.68,59.0
3303347020,50.065842,14.365302,10,50.088,14.4208,4.66,14.0
2870285132,50.1006,14.398179,10,50.088,14.4208,2.14,7.8
1659073100,50.772085,15.431413,5,50.7671,15.0562,26.39,49.1
3407156044,50.104131,14.528247,11,50.0406,14.5567,7.35,14.9
3051795276,50.728388,15.599612,5,50.7671,15.0562,38.47,81.2
650064716,50.627694,15.136527,5,50.7671,15.0562,16.5,18.2
2439476556,50.367081,12.782861,3,50.2327,12.8712,16.21,27.0
3317002828,50.772085,15.431413,5,50.7671,15.0562,26.39,49.1
1578439500,50.672135,14.019123,4,50.6607,14.0328,1.6,3.2
3453358924,50.025387,14.432455,10,50.088,14.4208,7.01,16.3
1863652172,48.909882,13.885908,1,48.9745,14.4743,43.57,60.9
26186572,50.082931,16.762349,8,49.5938,17.2509,64.7,69.6
3036558156,50.202473,14.290054,10,50.088,14.4208,15.77,30.7
4027913036,49.219673,15.903924,13,49.3961,15.5904,30.03,41.3
602219340,50.130456,14.419103,10,50.088,14.4208,4.72,17.8
1562366796,49.771204,18.457814,12,49.8209,18.2625,15.07,23.4
2344891212,49.713527,17.901443,12,49.8209,18.2625,28.55,31.7
3376091980,49.798925,18.42025,12,49.8209,18.2625,11.58,19.2
868926284,49.163787,15.019854,1,48.9745,14.4743,44.97,50.9
2182419276,50.738906,15.295521,5,50.7671,15.0562,17.13,30.0
686285388,49.838383,18.285702,12,49.8209,18.2625,2.56,5.5
2970948428,49.301769,16.655508,14,49.1951,16.6068,12.38,39.1
4285993804,49.182723,16.488493,14,49.1951,16.6068,8.71,17.1
3716555596,49.220765,16.587518,14,49.1951,16.6068,3.18,6.6
2165642060,50.125614,14.503082,10,50.088,14.4208,7.21,15.6
1092358988,49.181493,16.599804,14,49.1951,16.6068,1.6,4.7
3943973452,50.185923,14.654751,11,50.0406,14.5567,17.61,28.8
1175786316,49.205663,16.602892,14,49.1951,16.6068,1.21,4.4
238687052,49.590903,17.236869,8,49.5938,17.2509,1.06,4.4
2517963596,50.060486,14.244136,10,50.088,14.4208,12.97,24.7
3340047180,49.59761,17.270741,8,49.5938,17.2509,1.49,4.6
924128076,50.047718,14.492527,11,50.0406,14.5567,4.65,11.3
408032076,50.022646,14.402095,10,50.088,14.4208,7.39,15.4
878256972,49.229836,16.620555,14,49.1951,16.6068,3.99,9.2
1510282060,50.086011,16.467376,6,50.2104,15.8252,47.8,57.6
105182028,49.210984,16.627431,14,49.1951,16.6068,2.32,6.5
2256089932,50.046763,14.175326,10,50.088,14.4208,18.11,30.7
2233070156,49.759811,18.003283,12,49.8209,18.2625,19.81,28.4
2873570124,49.15103,16.656815,14,49.1951,16.6068,6.1,12.7
3003958092,49.15103,16.656815,14,49.1951,16.6068,6.1,12.7
3093902156,50.046763,14.175326,10,50.088,14.4208,18.11,30.7
3296277324,50.046763,14.175326,10,50.088,14.4208,18.11,30.7
3579261772,49.15103,16.656815,14,49.1951,16.6068,6.1,12.7
3007189836,49.15074,16.997944,14,49.1951,16.6068,28.86,31.3
3333247564,49.210984,16.627431,14,49.1951,16.6068,2.32,6.5
3598267212,50.046763,14.175326,10,50.088,14.4208,18.11,30.7
151327564,50.853636,14.847624,5,50.7671,15.0562,17.53,20.5
4029297484,50.030841,15.791895,7,50.0343,15.7704,1.58,6.0
2439455564,50.053067,14.511506,11,50.0406,14.5567,3.51,8.6
2813600588,48.757197,16.88646,14,49.1951,16.6068,52.8,45.3
4177859404,49.422134,14.639398,1,48.9745,14.4743,51.2,41.2
2073682764,49.838593,18.305867,12,49.8209,18.2625,3.68,10.0
220590924,50.389095,13.269479,3,50.2327,12.8712,33.2,43.8
956633932,49.3961,15.591244,13,49.3961,15.5904,0.06,0.1
2835682124,49.775241,18.449435,12,49.8209,18.2625,14.35,21.1
648074060,49.189361,16.603246,14,49.1951,16.6068,0.69,3.2
4057019212,49.853035,18.279139,12,49.8209,18.2625,3.77,8.4
2213880652,50.627694,15.136527,5,50.7671,15.0562,16.5,18.2
2909279052,50.08006,14.447246,10,50.088,14.4208,2.08,7.9
2408153932,49.838593,18.305867,12,49.8209,18.2625,3.68,10.0
2540540748,49.248171,16.489943,14,49.1951,16.6068,10.34,18.9
4279116620,50.126711,14.434928,10,50.088,14.4208,4.42,16.1
1212146508,50.091231,17.690385,12,49.8209,18.2625,50.78,60.3
1881027404,50.738144,15.298866,5,50.7671,15.0562,17.37,31.0
1028555596,50.046534,14.309213,10,50.088,14.4208,9.2,21.8
1325732684,50.073867,14.859884,11,50.0406,14.5567,21.96,34.1
820777804,49.393744,15.589362,13,49.3961,15.5904,0.27,1.5
3171226444,50.105408,14.393548,10,50.088,14.4208,2.74,8.9
2566357836,49.822815,18.184143,12,49.8209,18.2625,5.63,10.5
4186166092,50.670087,14.078054,4,50.6607,14.0328,3.36,6.4
1277215564,48.975136,14.486577,1,48.9745,14.4743,0.9,3.6
645075788,50.084793,14.485733,10,50.088,14.4208,4.65,12.8
2844300108,50.323251,14.768226,11,50.0406,14.5567,34.85,45.0
2054861644,49.234017,16.590219,14,49.1951,16.6068,4.49,8.8
196723532,50.070581,14.864423,11,50.0406,14.5567,22.22,35.1
2117194572,49.829343,18.265932,12,49.8209,18.2625,0.97,2.4
2782081868,48.902496,16.660064,14,49.1951,16.6068,32.77,38.3
214971212,49.92476,14.303216,10,50.088,14.4208,20.0,30.2
3767931724,49.424298,14.676392,1,48.9745,14.4743,52.13,38.1
1020400460,50.770569,14.222481,4,50.6607,14.0328,18.1,28.4
316412748,50.249139,14.314978,10,50.088,14.4208,19.44,31.4
670831436,50.099493,14.471977,10,50.088,14.4208,3.87,8.9
4135371596,50.500164,13.63407,4,50.6607,14.0328,33.34,40.9
3430089292,50.176789,16.91108,8,49.5938,17.2509,69.25,84.8
3924833100,49.92476,14.303216,10,50.088,14.4208,20.0,30.2
2380096076,50.213486,15.8244,6,50.2104,15.8252,0.35,1.5
493163340,49.715109,13.195817,2,49.7384,13.3736,13.04,19.2
771494732,49.850543,18.55229,12,49.8209,18.2625,21.04,34.0
2367800140,49.396699,13.283539,2,49.7384,13.3736,38.55,42.3
2237600588,49.578752,17.247186,8,49.5938,17.2509,1.69,4.6
3958973260,49.164113,16.603234,14,49.1951,16.6068,3.46,7.9
107156300,50.472023,13.404048,3,50.2327,12.8712,46.23,55.6
1294209868,50.047661,14.494169,11,50.0406,14.5567,4.53,11.6
562856780,49.147161,16.993874,14,49.1951,16.6068,28.64,31.5
3799896908,50.233276,14.069558,10,50.088,14.4208,29.78,40.1
3451458380,50.503117,13.638257,4,50.6607,14.0328,32.91,40.5
1936654924,50.693449,15.733144,5,50.7671,15.0562,48.34,105.9
2750792524,49.974351,14.507905,11,50.0406,14.5567,8.15,19.5
108733004,49.167283,16.610169,14,49.1951,16.6068,3.1,9.5
635224908,49.811645,18.253595,12,49.8209,18.2625,1.21,3.5
3149534028,50.234722,12.877708,3,50.2327,12.8712,0.51,1.5
2409493324,49.83943,18.28703,12,49.8209,18.2625,2.71,6.0
3635204940,49.190481,16.626647,14,49.1951,16.6068,1.53,6.0
2266116940,49.828291,18.252365,12,49.8209,18.2625,1.1,2.3
2065371980,50.098235,14.371927,10,50.088,14.4208,3.67,11.3
2342789964,50.757073,15.060749,5,50.7671,15.0562,1.16,3.4
275059532,50.088254,14.483415,10,50.088,14.4208,4.47,12.5
560272204,50.665469,14.02024,4,50.6607,14.0328,1.03,2.7
2187137868,48.987024,14.463852,1,48.9745,14.4743,1.59,4.8
3046511436,50.047235,14.431149,10,50.088,14.4208,4.59,13.0
3713110860,49.426309,18.296405,12,49.8209,18.2625,43.94,57.0
3970483020,50.120729,16.215845,6,50.2104,15.8252,29.56,36.6
3205768012,48.910255,13.886492,1,48.9745,14.4743,43.52,60.2
4154311500,50.173289,14.648778,11,50.0406,14.5567,16.15,28.7
2073432908,48.978483,14.455651,1,48.9745,14.4743,1.43,5.1
245175116,49.82607,18.27621,12,49.8209,18.2625,1.14,3.9
713429836,49.333311,17.578323,9,49.2265,17.6625,13.35,23.2
280580684,50.292176,14.826826,11,50.0406,14.5567,33.95,37.4
2344358732,49.167446,16.553024,14,49.1951,16.6068,4.97,12.3
4290298700,49.594502,18.015542,12,49.8209,18.2625,30.81,35.4
3311735628,50.015899,14.656496,11,50.0406,14.5567,7.64,14.4
3013722956,49.87995,18.43882,12,49.8209,18.2625,14.25,28.3
4100977484,50.114386,14.201275,10,50.088,14.4208,15.93,27.1
4196012876,50.731141,15.184261,5,50.7671,15.0562,9.86,16.7
815330124,49.734037,18.615355,12,49.8209,18.2625,27.12,32.6
1442845516,49.543638,18.206032,12,49.8209,18.2625,31.1,41.7
3830125388,49.523582,14.541822,11,50.0406,14.5567,57.5,71.7
3515142988,50.251905,14.514756,10,50.088,14.4208,19.42,29.8
3002602316,49.550883,16.575844,14,49.1951,16.6068,39.62,44.4
3231847244,49.826652,18.194317,12,49.8209,18.2625,4.93,8.7
378934092,50.128664,14.50168,10,50.088,14.4208,7.33,15.9
3895923532,49.846094,18.177195,12,49.8209,18.2625,6.73,13.9
79962956,49.092447,17.872777,9,49.2265,17.6625,21.35,36.5
1818461004,49.334498,13.554168,2,49.7384,13.3736,46.76,62.3
2123764556,50.463287,13.395523,3,50.2327,12.8712,45.18,54.0
764810060,50.029982,14.355247,10,50.088,14.4208,7.97,19.1
3934655308,50.149074,13.963106,10,50.088,14.4208,33.33,37.6
3448116044,49.313467,17.469531,9,49.2265,17.6625,17.02,25.6
1930568524,50.601056,15.517158,5,50.7671,15.0562,37.36,61.3
562377548,50.267416,16.114796,6,50.2104,15.8252,21.55,33.6
2300650316,49.819501,18.188817,12,49.8209,18.2625,5.29,10.9
2675123020,49.698307,13.580211,2,49.7384,13.3736,15.51,23.9
808964940,50.405085,16.160514,6,50.2104,15.8252,32.18,40.6
677651276,50.352562,13.908183,4,50.6607,14.0328,35.38,51.2
2570683212,50.216684,13.665146,10,50.088,14.4208,55.71,55.2
2488910668,49.263536,17.723023,9,49.2265,17.6625,6.02,11.3
2856571724,49.747846,13.361385,2,49.7384,13.3736,1.37,4.6
4231934796,49.938805,17.89615,12,49.8209,18.2625,29.34,37.1
1475875660,49.593414,18.0091,12,49.8209,18.2625,31.18,35.8
137040716,50.388318,13.172992,3,50.2327,12.8712,27.54,33.4
2340459340,50.412961,16.15923,6,50.2104,15.8252,32.71,38.7
3081425740,49.748213,18.131492,12,49.8209,18.2625,12.4,21.2
3572749132,49.131999,16.614709,14,49.1951,16.6068,7.04,13.7
1013424972,50.77761,15.414172,5,50.7671,15.0562,25.2,45.8
4061799244,50.017061,14.400095,10,50.088,14.4208,8.03,16.3
898900812,50.242829,12.738127,3,50.2327,12.8712,9.53,14.0
458982220,49.932574,17.880087,12,49.8209,18.2625,30.09,38.8
781587276,49.965104,14.072939,10,50.088,14.4208,28.36,33.8
297669452,49.745757,13.331113,2,49.7384,13.3736,3.16,8.5
2971538252,49.203653,16.668402,14,49.1951,16.6068,4.58,11.8
1468404556,50.034933,15.76213,7,50.0343,15.7704,0.59,2.3
2857714252,49.84527,18.430111,12,49.8209,18.2625,12.32,20.6
2429166412,49.68723,18.362123,12,49.8209,18.2625,16.5,19.9
4192768844,49.293872,13.14353,2,49.7384,13.3736,52.15,57.9
3383898956,49.224292,17.667425,9,49.2265,17.6625,0.43,2.0
2727744332,50.112834,17.379766,8,49.5938,17.2509,58.45,85.0
640131916,50.77761,15.414172,5,50.7671,15.0562,25.2,45.8
3473380172,50.727096,15.119802,5,50.7671,15.0562,6.31,12.4
1173918540,49.293872,13.14353,2,49.7384,13.3736,52.15,57.9
3264615244,50.761284,15.384356,5,50.7671,15.0562,23.09,43.6
4121105228,49.939436,17.904774,12,49.8209,18.2625,28.82,35.5
4173480524,50.075355,14.426788,10,50.088,14.4208,1.47,7.0
1253716812,50.173289,14.648778,11,50.0406,14.5567,16.15,28.7
468226892,49.293872,13.14353,2,49.7384,13.3736,52.15,57.9
397071180,49.748213,18.131492,12,49.8209,18.2625,12.4,21.2
3267040076,49.939798,15.798144,7,50.0343,15.7704,10.69,16.6
1882497868,50.779415,15.425769,5,50.7671,15.0562,26.02,47.6
3415249740,50.210994,16.459013,6,50.2104,15.8252,45.1,68.3
3387462476,49.293872,13.14353,2,49.7384,13.3736,52.15,57.9
4030014284,50.784099,15.050375,5,50.7671,15.0562,1.93,5.9
2603102796,50.627694,15.136527,5,50.7671,15.0562,16.5,18.2
1077191500,50.779415,15.425769,5,50.7671,15.0562,26.02,47.6
2339578700,49.607254,13.102342,2,49.7384,13.3736,24.37,34.2
2758251340,50.210994,16.459013,6,50.2104,15.8252,45.1,68.3
2979799884,49.870597,18.556144,12,49.8209,18.2625,21.77,34.2
3602293580,49.688559,18.342915,12,49.8209,18.2625,15.81,18.4
2660635468,50.03847,14.562306,11,50.0406,14.5567,0.47,1.2
1676284492,48.829377,16.747963,14,49.1951,16.6068,41.95,52.1
2419368780,50.779415,15.425769,5,50.7671,15.0562,26.02,47.6
1092600652,49.607254,13.102342,2,49.7384,13.3736,24.37,34.2
312152908,50.193209,15.846519,6,50.2104,15.8252,2.44,7.4
3406324300,49.52318,18.755956,12,49.8209,18.2625,48.55,52.5
2743014220,49.778163,18.258672,12,49.8209,18.2625,4.76,10.2
1523368780,49.190481,16.626647,14,49.1951,16.6068,1.53,6.0
3651834700,50.779415,15.425769,5,50.7671,15.0562,26.02,47.6
2898834252,50.025702,15.975218,7,50.0343,15.7704,14.66,22.7
308224844,49.748616,13.41531,2,49.7384,13.3736,3.21,7.9
3282055756,49.838383,18.285702,12,49.8209,18.2625,2.56,5.5
2782237516,49.294303,13.14341,2,49.7384,13.3736,52.1,58.1
3333083980,49.748213,18.131492,12,49.8209,18.2625,12.4,21.2
2247435084,50.627694,15.136527,5,50.7671,15.0562,16.5,18.2
2626032460,48.858402,17.131871,14,49.1951,16.6068,53.55,57.1
1778783052,49.928486,14.278596,10,50.088,14.4208,20.44,33.5
4207620940,50.216684,13.665146,10,50.088,14.4208,55.71,55.2
3036189516,49.293872,13.14353,2,49.7384,13.3736,52.15,57.9
479597388,50.112834,17.379766,8,49.5938,17.2509,58.45,85.0
3877626700,49.190481,16.626647,14,49.1951,16.6068,1.53,6.0
3262583628,50.772085,15.431413,5,50.7671,15.0562,26.39,49.1
3463791180,49.84527,18.430111,12,49.8209,18.2625,12.32,20.6
38503244,50.163398,15.097778,11,50.0406,14.5567,40.94,45.4
867570508,49.842122,13.917542,2,49.7384,13.3736,40.72,39.3
3699622732,49.905563,12.975285,2,49.7384,13.3736,34.09,47.2
784700236,49.294303,13.14341,2,49.7384,13.3736,52.1,58.1
2455769932,49.294574,16.977253,14,49.1951,16.6068,29.08,33.0
3267826508,50.562671,15.904072,6,50.2104,15.8252,39.57,46.7
3652129612,50.026714,13.867867,10,50.088,14.4208,40.06,58.6
1093514060,49.769833,13.233959,2,49.7384,13.3736,10.62,15.7
3079439180,49.147161,16.993874,14,49.1951,16.6068,28.64,31.5
857043532,49.308796,14.147502,1,48.9745,14.4743,44.12,50.3
2411270988,50.631167,14.172714,4,50.6607,14.0328,10.4,19.6
931156556,50.606424,15.833479,6,50.2104,15.8252,44.04,53.0
2832581452,49.197522,16.658122,14,49.1951,16.6068,3.74,10.1
158520140,50.543296,16.232346,6,50.2104,15.8252,46.94,62.9
2663506764,50.184402,15.827058,6,50.2104,15.8252,2.89,7.2
668987980,49.637702,18.137751,12,49.8209,18.2625,22.26,28.3
3736474444,50.170697,12.361292,3,50.2327,12.8712,36.94,38.3
2945053516,50.535079,14.132911,4,50.6607,14.0328,15.65,28.7
1638683212,50.54371,14.130607,4,50.6607,14.0328,14.73,27.2
2142638924,50.199849,15.842919,6,50.2104,15.8252,1.72,6.4
3055686476,50.152746,14.088101,10,50.088,14.4208,24.79,40.8
1445835596,49.769833,13.233959,2,49.7384,13.3736,10.62,15.7
1955365708,49.147161,16.993874,14,49.1951,16.6068,28.64,31.5
4271575884,50.193209,15.846519,6,50.2104,15.8252,2.44,7.4
2732008268,49.84659,18.168571,12,49.8209,18.2625,7.32,13.8
1576866636,50.191868,15.857261,6,50.2104,15.8252,3.07,7.6
1622545228,50.077847,14.506516,11,50.0406,14.5567,5.48,12.6
774263372,48.985622,15.701407,13,49.3961,15.5904,46.35,60.5
1454773068,50.233872,12.857336,3,50.2327,12.8712,0.99,1.8
936977228,50.75248,15.07729,5,50.7671,15.0562,2.2,7.1
1683821388,50.131333,14.550338,11,50.0406,14.5567,10.1,21.7
3082163020,49.734542,18.61475,12,49.8209,18.2625,27.05,32.4
1437995852,49.217976,16.504741,14,49.1951,16.6068,7.84,18.6
3040355148,50.078174,14.466297,10,50.088,14.4208,3.43,10.3
431289164,50.111926,14.6852,11,50.0406,14.5567,12.12,26.5
3724460876,49.198814,16.575479,14,49.1951,16.6068,2.31,7.9
3651539788,50.084605,14.482681,10,50.088,14.4208,4.43,12.4
19927884,50.240152,12.744217,3,50.2327,12.8712,9.07,12.5
2601259852,49.39846,13.276528,2,49.7384,13.3736,38.44,43.5
1313018700,48.639323,14.229325,1,48.9745,14.4743,41.36,59.5
717230924,50.737924,15.293516,5,50.7671,15.0562,17.01,30.5
560210764,48.979349,16.516211,14,49.1951,16.6068,24.88,26.2
2309362508,50.067704,14.512153,11,50.0406,14.5567,4.38,10.9
129176396,49.960389,15.282408,7,50.0343,15.7704,35.84,48.6
1202852684,50.382982,13.265228,3,50.2327,12.8712,32.59,43.3
2077500236,50.677909,14.017567,4,50.6607,14.0328,2.19,6.0
4016317260,50.684981,14.023523,4,50.6607,14.0328,2.78,6.0
2019828556,50.718568,15.316736,5,50.7671,15.0562,19.11,35.5
1586897740,50.241091,12.884115,3,50.2327,12.8712,1.31,5.4
3774485324,50.037509,15.766279,7,50.0343,15.7704,0.46,1.4
4207223628,50.348729,16.127607,6,50.2104,15.8252,26.43,36.1
3701871436,49.248179,16.583038,14,49.1951,16.6068,6.15,11.2
2924028748,49.750913,13.004762,2,49.7384,13.3736,26.54,30.7
3208385356,49.878586,18.436346,12,49.8209,18.2625,14.02,27.3
3266716492,49.839667,18.286266,12,49.8209,18.2625,2.69,6.1
36053836,49.958671,12.69727,3,50.2327,12.8712,32.9,47.0
3121267532,50.378993,13.274294,3,50.2327,12.8712,32.93,44.1
1319506764,49.93153,17.912244,12,49.8209,18.2625,27.95,35.3
1482166860,49.940512,14.023654,10,50.088,14.4208,32.78,35.7
3782382412,48.917467,14.133616,1,48.9745,14.4743,25.68,38.7
1255777100,49.469209,18.15551,12,49.8209,18.2625,39.86,53.9
3529818956,50.42034,14.912544,5,50.7671,15.0562,39.87,37.1
1822823244,49.3095,16.981706,14,49.1951,16.6068,30.04,35.8
886248268,49.554251,17.744557,8,49.5938,17.2509,35.87,35.0
334115660,50.559922,15.917615,6,50.2104,15.8252,39.41,48.0
1299198796,50.097322,14.366785,10,50.088,14.4208,3.99,12.2
2208699212,50.432589,14.909203,5,50.7671,15.0562,38.62,37.3
4156756812,50.033898,15.777246,7,50.0343,15.7704,0.49,4.6
3886420812,50.658211,13.845162,4,50.6607,14.0328,13.23,19.5
558351180,50.025384,15.833777,7,50.0343,15.7704,4.63,9.6
3106485068,50.030185,14.361911,10,50.088,14.4208,7.68,18.6
1443218252,50.415133,16.167277,6,50.2104,15.8252,33.29,39.5
2242253644,50.654768,14.065797,4,50.6607,14.0328,2.42,5.1
1037439820,50.029873,14.606594,11,50.0406,14.5567,3.76,8.8
2798830412,49.549097,18.210785,12,49.8209,18.2625,30.45,41.1
4275442508,49.282826,16.999532,14,49.1951,16.6068,30.13,31.4
2299466572,50.23772,12.851341,3,50.2327,12.8712,1.52,4.0
2290561868,49.787931,14.691939,11,50.0406,14.5567,29.72,33.4
248910668,50.72418,14.324639,4,50.6607,14.0328,21.74,38.6
1591087948,50.734345,15.153462,5,50.7671,15.0562,7.75,13.5
3647738700,49.569695,17.252196,8,49.5938,17.2509,2.68,6.3
2452558668,50.037973,15.761167,7,50.0343,15.7704,0.78,2.0
1453921100,50.122084,14.468666,10,50.088,14.4208,5.1,12.8
2916488012,49.177075,16.559446,14,49.1951,16.6068,3.98,9.9
1356206924,49.56679,15.933673,13,49.3961,15.5904,31.23,44.8
3831501644,49.5649,15.928066,13,49.3961,15.5904,30.78,43.9
3235255116,48.856496,16.057013,14,49.1951,16.6068,55.0,57.6
2815824716,49.474858,17.083047,8,49.5938,17.2509,17.93,22.5
60805964,50.202708,15.815547,6,50.2104,15.8252,1.1,3.2
936776524,50.088623,14.427477,10,50.088,14.4208,0.48,3.5
3452506956,49.180063,16.601103,14,49.1951,16.6068,1.72,5.3
1952453452,50.243428,12.745842,3,50.2327,12.8712,8.99,13.4
3602240332,50.284238,14.822464,11,50.0406,14.5567,33.05,36.4
3347125068,50.648702,14.055681,4,50.6607,14.0328,2.09,7.2
1474237260,50.55504,13.788386,4,50.6607,14.0328,20.87,26.4
918295372,49.870254,18.433349,12,49.8209,18.2625,13.42,27.5
3856601932,50.389106,13.175043,3,50.2327,12.8712,27.71,33.9
1731048268,49.73056,15.17115,13,49.3961,15.5904,47.93,50.8
3540390732,49.693915,14.898849,11,50.0406,14.5567,45.69,54.1
3687191372,50.132856,14.406538,10,50.088,14.4208,5.09,18.7
1888691020,49.679065,13.999142,2,49.7384,13.3736,45.46,66.3
2563117900,49.226051,17.698565,9,49.2265,17.6625,2.62,6.1
157291340,49.801658,12.641647,3,50.2327,12.8712,50.66,68.1
177271628,49.88044,15.06118,11,50.0406,14.5567,40.24,52.2
1338381132,50.852615,14.847889,5,50.7671,15.0562,17.45,21.0
1239356236,50.08978,13.167657,3,50.2327,12.8712,26.43,30.1
289149772,50.392534,13.179163,3,50.2327,12.8712,28.18,35.8
1506153292,49.981692,17.457043,8,49.5938,17.2509,45.6,58.2
1120277324,48.856552,16.479504,14,49.1951,16.6068,38.77,37.1
4240839500,50.551806,13.786186,4,50.6607,14.0328,21.2,26.6
3905295180,48.848935,17.132446,14,49.1951,16.6068,54.32,57.4
1350443596,50.1641,14.740852,11,50.0406,14.5567,19.0,31.5
414827340,50.070581,14.864423,11,50.0406,14.5567,22.22,35.1
2117727052,48.788593,13.952772,1,48.9745,14.4743,43.38,63.5
4014674764,49.282373,14.152352,1,48.9745,14.4743,41.48,49.0
497619788,49.304948,14.154119,1,48.9745,14.4743,43.5,48.9
799609676,49.304948,14.154119,1,48.9745,14.4743,43.5,48.9
155104076,48.658367,14.169585,1,48.9745,14.4743,41.63,53.3
1476670284,49.311475,14.154749,1,48.9745,14.4743,44.09,49.9
1006187340,50.093761,14.804296,11,50.0406,14.5567,18.63,33.1
514397004,49.304948,14.154119,1,48.9745,14.4743,43.5,48.9
1581040460,50.437226,15.351623,6,50.2104,15.8252,42.03,47.8
2445677388,49.220447,17.633364,9,49.2265,17.6625,2.22,6.2
566629196,49.057382,17.4816,9,49.2265,17.6625,22.95,37.3
2024285004,50.752838,15.061942,5,50.7671,15.0562,1.64,4.4
2024190796,50.765296,15.061595,5,50.7671,15.0562,0.43,1.4
1149178700,50.177268,12.661146,3,50.2327,12.8712,16.17,16.1
2530988876,49.774182,13.369126,2,49.7384,13.3736,3.99,8.9
3052802892,50.200569,14.593384,10,50.088,14.4208,17.55,32.4
539104076,50.152746,14.088101,10,50.088,14.4208,24.79,40.8
769336140,49.740639,13.397467,2,49.7384,13.3736,1.73,4.8
3725661004,49.745135,13.411894,2,49.7384,13.3736,2.85,7.5
1192612684,50.046346,14.330097,10,50.088,14.4208,7.96,19.7
3714106188,49.70248,13.355936,2,49.7384,13.3736,4.19,8.5
3004552012,50.135323,14.38136,10,50.088,14.4208,5.97,14.7
1141895756,50.135323,14.38136,10,50.088,14.4208,5.97,14.7
1525785164,50.135323,14.38136,10,50.088,14.4208,5.97,14.7
2468782668,50.135323,14.38136,10,50.088,14.4208,5.97,14.7
4212400972,49.333456,17.575982,9,49.2265,17.6625,13.45,23.4
1067656012,50.786667,14.532916,5,50.7671,15.0562,36.86,46.1
2600022860,50.093761,14.804296,11,50.0406,14.5567,18.63,33.1
1682948940,49.474858,17.083047,8,49.5938,17.2509,17.93,22.5
4227486284,50.673978,14.537603,4,50.6607,14.0328,35.61,54.8
690824012,49.119149,17.691691,9,49.2265,17.6625,12.12,17.3
2079724364,50.619504,13.608638,4,50.6607,14.0328,30.26,42.2
4155122508,50.08854,14.342387,10,50.088,14.4208,5.59,13.8
4150575948,50.018684,14.445983,10,50.088,14.4208,7.91,17.9
3942200140,50.093761,14.804296,11,50.0406,14.5567,18.63,33.1
3733332812,50.49263,13.644847,4,50.6607,14.0328,33.16,40.8
1492521804,48.900554,17.316208,9,49.2265,17.6625,44.16,49.3
2488136524,50.250111,14.112604,10,50.088,14.4208,28.4,41.1
4156040012,49.732516,18.612737,12,49.8209,18.2625,27.0,33.4
4176876364,50.041418,14.567764,11,50.0406,14.5567,0.8,3.8
3801359180,49.210084,16.595756,14,49.1951,16.6068,1.85,5.1
4262343500,49.21475,15.881988,13,49.3961,15.5904,29.22,37.5
3155608140,48.641519,14.226464,1,48.9745,14.4743,41.23,58.5
3291857740,49.960362,15.283001,7,50.0343,15.7704,35.8,48.8
2417410636,48.639616,14.227403,1,48.9745,14.4743,41.39,58.0
2098643532,48.641302,14.226718,1,48.9745,14.4743,41.25,58.4
3861566284,48.641302,14.226718,1,48.9745,14.4743,41.25,58.4
1828066124,50.187342,14.653074,11,50.0406,14.5567,17.71,28.7
2172117836,50.071918,14.862176,11,50.0406,14.5567,22.08,34.8
4247442252,48.641302,14.226718,1,48.9745,14.4743,41.25,58.4
2412258124,48.640661,14.226792,1,48.9745,14.4743,41.31,58.4
280203852,48.641313,14.226805,1,48.9745,14.4743,41.24,58.4
2284720972,49.834377,18.28208,12,49.8209,18.2625,2.05,7.1
910566220,50.608895,15.506528,5,50.7671,15.0562,36.28,60.1
552997708,49.450767,17.467532,8,49.5938,17.2509,22.3,27.5
3473544012,49.181786,16.598976,14,49.1951,16.6068,1.59,5.2
4278850380,49.181786,16.598976,14,49.1951,16.6068,1.59,5.2
854987596,50.078104,14.253967,10,50.088,14.4208,11.95,23.4
3932341068,49.203322,16.599254,14,49.1951,16.6068,1.07,2.9
2717258572,50.04541,14.515093,11,50.0406,14.5567,3.02,9.3
1405883212,50.085269,14.419937,10,50.088,14.4208,0.31,4.2
1487786828,50.218527,15.854053,6,50.2104,15.8252,2.24,4.1
2987189068,48.993044,17.511737,9,49.2265,17.6625,28.18,49.1
570761804,50.629121,13.823927,4,50.6607,14.0328,15.14,18.3
1710625612,50.681134,15.784973,5,50.7671,15.0562,52.18,99.7
709485388,49.775373,18.442829,12,49.8209,18.2625,13.9,21.4
125158220,49.17506,16.555699,14,49.1951,16.6068,4.33,11.6
3080729164,49.838383,18.285702,12,49.8209,18.2625,2.56,5.5
2247496524,50.021421,14.525192,11,50.0406,14.5567,3.1,11.0
1812255308,49.368715,18.352535,12,49.8209,18.2625,50.7,62.7
3190166348,50.561246,15.899908,6,50.2104,15.8252,39.37,45.9
1541804876,49.83694,18.177029,12,49.8209,18.2625,6.38,11.4
4270924620,49.550223,17.729667,8,49.5938,17.2509,34.86,34.4
4256441164,49.879503,18.438582,12,49.8209,18.2625,14.21,28.5
496898892,49.354765,17.374338,9,49.2265,17.6625,25.3,35.3
1408090956,49.575677,17.229819,8,49.5938,17.2509,2.52,4.9
1932198476,49.592764,17.290192,8,49.5938,17.2509,2.83,7.5
243475276,50.052515,14.349042,10,50.088,14.4208,6.47,16.6
2605781836,50.22331,12.190294,3,50.2327,12.8712,48.45,49.5
3250324556,50.169205,14.766343,11,50.0406,14.5567,20.69,34.1
3001422668,48.76601,14.030575,1,48.9745,14.4743,39.88,51.5
1697588044,49.949921,14.315597,10,50.088,14.4208,17.09,27.8
1548214860,49.838383,18.285702,12,49.8209,18.2625,2.56,5.5
238363468,50.02671,14.5195,11,50.0406,14.5567,3.07,7.0
3022463820,50.507682,13.658598,4,50.6607,14.0328,31.42,37.1
2922980172,49.839004,18.280417,12,49.8209,18.2625,2.39,5.7
3276477260,49.73252,13.423596,2,49.7384,13.3736,3.65,8.8
1188827980,49.993447,14.648808,11,50.0406,14.5567,8.41,17.5
1142977868,49.991152,14.741547,11,50.0406,14.5567,14.31,26.0
630035276,49.590468,17.249162,8,49.5938,17.2509,0.39,1.1
1246106444,50.090732,14.476322,10,50.088,14.4208,3.97,11.1
1711346508,49.352901,16.654476,14,49.1951,16.6068,17.88,30.4
3689317196,49.58198,17.273255,8,49.5938,17.2509,2.08,4.4
1422295884,49.58198,17.273255,8,49.5938,17.2509,2.08,4.4
3306230604,50.026035,15.759004,7,50.0343,15.7704,1.23,3.1
2551583564,50.682122,15.527123,5,50.7671,15.0562,34.47,65.5
2682774092,49.838383,18.285702,12,49.8209,18.2625,2.56,5.5
2048385868,50.49375,15.514594,6,50.2104,15.8252,38.45,50.1
1209406284,50.305228,17.099902,8,49.5938,17.2509,79.84,110.5
400737100,49.58198,17.273255,8,49.5938,17.2509,2.08,4.4
4178973516,50.431878,14.911149,5,50.7671,15.0562,38.66,38.0
3893760844,50.306007,17.100247,8,49.5938,17.2509,79.92,111.1
3950502476,49.838383,18.285702,12,49.8209,18.2625,2.56,5.5
791614284,49.590653,13.109669,2,49.7384,13.3736,25.11,32.6
4123661132,49.774892,18.450212,12,49.8209,18.2625,14.41,21.3
2805338956,49.191022,16.661135,14,49.1951,16.6068,3.97,11.7
1370039116,49.400732,13.288696,2,49.7384,13.3736,38.04,41.4
269882188,49.776964,18.449905,12,49.8209,18.2625,14.31,20.9
128000844,50.747607,15.059172,5,50.7671,15.0562,2.18,5.7
2929828684,50.223375,15.81493,6,50.2104,15.8252,1.62,4.3
1228542796,49.798692,18.415673,12,49.8209,18.2625,11.27,17.9
4137800268,50.763095,15.039489,5,50.7671,15.0562,1.26,5.9
4180022092,49.578736,15.935694,13,49.3961,15.5904,32.16,46.0
1852707660,50.737887,15.292619,5,50.7671,15.0562,16.95,30.4
3746964300,50.232579,14.5886,10,50.088,14.4208,20.03,33.4
3023381324,50.024935,14.210897,10,50.088,14.4208,16.54,25.5
303100748,49.744046,13.413428,2,49.7384,13.3736,2.93,9.6
2415182668,49.763125,13.366264,2,49.7384,13.3736,2.8,7.0
82195276,50.111853,14.474501,10,50.088,14.4208,4.66,11.4
2915488588,49.143399,13.552228,2,49.7384,13.3736,67.41,88.4
4277154636,49.850332,13.378098,2,49.7384,13.3736,12.45,18.3
2882741836,49.67416,13.991106,2,49.7384,13.3736,44.98,65.7
1616909132,50.763309,15.038735,5,50.7671,15.0562,1.3,5.8
1880548172,50.135939,14.100091,10,50.088,14.4208,23.48,35.4
897037132,49.933893,14.510374,11,50.0406,14.5567,12.32,21.3
477041484,49.337164,18.004862,9,49.2265,17.6625,27.72,42.1
778380108,50.322728,12.728053,3,50.2327,12.8712,14.27,20.7
2766390092,50.004302,14.666144,11,50.0406,14.5567,8.8,17.2
1528963916,49.972438,14.508586,11,50.0406,14.5567,8.32,19.6
2543629132,50.780859,15.235591,5,50.7671,15.0562,12.71,25.0
2818970444,49.711809,13.19584,2,49.7384,13.3736,13.12,18.6
132780876,48.886166,16.638102,14,49.1951,16.6068,34.43,40.4
2114327372,50.077449,14.426589,10,50.088,14.4208,1.24,8.4
2364412748,50.116164,14.504305,10,50.088,14.4208,6.73,15.2
319951692,49.862825,12.741707,3,50.2327,12.8712,42.15,57.5
424948556,50.772085,15.431413,5,50.7671,15.0562,26.39,49.1
319165260,50.417845,14.900745,5,50.7671,15.0562,40.36,39.2
1661342540,50.781096,14.224686,4,50.6607,14.0328,19.02,28.0
3758494540,49.707618,17.07617,8,49.5938,17.2509,17.84,21.2
3993965388,50.421363,14.242577,4,50.6607,14.0328,30.46,33.8
3875935052,49.781134,14.167166,10,50.088,14.4208,38.65,42.4
369496908,50.098118,14.396426,10,50.088,14.4208,2.07,7.5
3037074252,49.96897,14.503198,11,50.0406,14.5567,8.84,18.8
523637580,49.664617,18.685149,12,49.8209,18.2625,34.99,38.8
2050364236,50.561649,14.646189,5,50.7671,15.0562,36.84,57.3
238424908,50.760488,15.071096,5,50.7671,15.0562,1.28,4.5
2954920780,49.3961,15.591244,13,49.3961,15.5904,0.06,0.1
2872447820,50.697601,14.813458,5,50.7671,15.0562,18.75,40.5
364258124,49.56525,12.914405,2,49.7384,13.3736,38.26,48.9
1998988108,49.92242,16.43513,7,50.0343,15.7704,49.13,69.8
2567734092,50.126938,14.272786,10,50.088,14.4208,11.41,23.6
1712235340,50.047572,14.299435,10,50.088,14.4208,9.76,22.7
3075408460,50.226843,12.874514,3,50.2327,12.8712,0.69,3.5
1188107084,49.817341,17.181856,8,49.5938,17.2509,25.35,40.0
655102796,49.914989,17.01494,8,49.5938,17.2509,39.53,47.5
2295341900,50.163531,12.576915,3,50.2327,12.8712,22.31,24.7
627016524,50.032293,15.559829,7,50.0343,15.7704,15.04,21.7
155329100,49.806391,18.249555,12,49.8209,18.2625,1.86,3.8
2006852428,49.732066,18.613416,12,49.8209,18.2625,27.06,34.0
2485003084,49.269836,16.431307,14,49.1951,16.6068,15.21,27.5
3562414924,49.886976,16.882738,8,49.5938,17.2509,41.98,39.2
4085289804,49.722308,18.029153,12,49.8209,18.2625,20.02,24.9
3360830284,49.245705,16.57646,14,49.1951,16.6068,6.04,11.6
3654755148,50.228681,12.181354,3,50.2327,12.8712,49.07,50.1
436323148,49.778743,18.254259,12,49.8209,18.2625,4.72,9.2
3359036236,50.355232,13.816437,4,50.6607,14.0328,37.25,50.7
2793419596,50.783936,14.221966,4,50.6607,14.0328,19.11,29.9
4030075724,50.094511,17.70619,12,49.8209,18.2625,50.09,59.9
3091936076,50.501244,13.700418,4,50.6607,14.0328,29.41,35.3
1162810188,50.671387,14.03753,4,50.6607,14.0328,1.23,3.1
296162124,50.334271,12.503894,3,50.2327,12.8712,28.44,42.0
1495667532,49.183015,16.492727,14,49.1951,16.6068,8.4,17.0
4155413324,49.800444,18.242105,12,49.8209,18.2625,2.7,5.9
203821900,49.467579,17.11369,8,49.5938,17.2509,17.18,19.0
2901549900,49.635046,16.224645,13,49.3961,15.5904,52.94,68.9
1273111372,49.635046,16.224645,13,49.3961,15.5904,52.94,68.9
1461916492,49.725779,13.373913,2,49.7384,13.3736,1.4,4.4
2406671180,49.181372,15.293323,13,49.3961,15.5904,32.16,46.9
3492156236,50.480843,16.085324,6,50.2104,15.8252,35.28,47.6
521282380,49.635046,16.224645,13,49.3961,15.5904,52.94,68.9
1093014348,50.480843,16.085324,6,50.2104,15.8252,35.28,47.6
3777368908,50.480843,16.085324,6,50.2104,15.8252,35.28,47.6
1831211852,49.204641,16.609883,14,49.1951,16.6068,1.08,3.6
1913049932,48.988099,14.450295,1,48.9745,14.4743,2.31,6.3
1613108044,50.480843,16.085324,6,50.2104,15.8252,35.28,47.6
449393484,49.762567,15.891759,7,50.0343,15.7704,31.44,36.6
1445335884,49.403384,14.7002,1,48.9745,14.4743,50.44,36.1
1062679372,49.753022,16.462364,7,50.0343,15.7704,58.61,71.5
937898828,49.258111,15.778338,13,49.3961,15.5904,20.52,28.6
3491767116,49.605692,17.256844,8,49.5938,17.2509,1.39,5.5
692368204,50.229893,12.875497,3,50.2327,12.8712,0.44,1.1
4149269324,49.475903,17.972843,9,49.2265,17.6625,35.7,59.2
3813745484,49.791482,18.241753,12,49.8209,18.2625,3.59,8.1
3033408076,49.930391,17.876887,12,49.8209,18.2625,30.2,39.3
1057301324,49.858002,18.562484,12,49.8209,18.2625,21.9,35.5
3872268876,49.930391,17.876887,12,49.8209,18.2625,30.2,39.3
2852627276,49.197224,16.626997,14,49.1951,16.6068,1.49,5.5
3530695500,49.014602,14.000142,1,48.9745,14.4743,34.88,44.1
2941653836,49.865606,16.307613,7,50.0343,15.7704,42.77,52.1
3646296908,49.908223,18.352856,12,49.8209,18.2625,11.67,17.4
827724620,50.783296,15.048726,5,50.7671,15.0562,1.88,5.6
3159757644,49.221915,17.680346,9,49.2265,17.6625,1.39,3.9
1599476556,48.751025,16.860999,14,49.1951,16.6068,52.75,48.5
3008762700,49.956308,12.707183,3,50.2327,12.8712,32.89,47.9
591795020,49.595676,17.237192,8,49.5938,17.2509,1.01,3.3
2126975820,50.189251,15.840384,6,50.2104,15.8252,2.59,6.8
2554565452,49.718493,12.778109,2,49.7384,13.3736,42.86,37.3
3610481484,49.718493,12.778109,2,49.7384,13.3736,42.86,37.3
1941508940,49.447836,17.453436,8,49.5938,17.2509,21.84,27.4
2084967244,50.047846,14.441754,10,50.088,14.4208,4.71,12.6
1933972300,50.079092,14.428248,10,50.088,14.4208,1.12,7.1
1663382348,49.595676,17.237192,8,49.5938,17.2509,1.01,3.3
1688035916,49.474858,17.083047,8,49.5938,17.2509,17.93,22.5
3343258444,49.782262,18.226714,12,49.8209,18.2625,5.01,10.4
4592460,50.682345,14.032894,4,50.6607,14.0328,2.41,5.8
2375226188,49.853181,13.981265,10,50.088,14.4208,40.86,45.2
2859864908,50.496556,13.635531,4,50.6607,14.0328,33.47,41.0
704258892,49.968071,14.060425,10,50.088,14.4208,28.99,35.3
4017492812,50.327778,13.538371,3,50.2327,12.8712,48.57,64.2
3853636428,49.71508,13.08943,2,49.7384,13.3736,20.59,24.6
3067679564,50.061366,15.753584,7,50.0343,15.7704,3.24,5.7
158733132,50.551757,13.790051,4,50.6607,14.0328,20.98,26.6
2021004108,49.595882,17.239029,8,49.5938,17.2509,0.89,3.2
1717965644,50.07258,14.395834,10,50.088,14.4208,2.47,10.3
3901727564,50.367614,12.935308,3,50.2327,12.8712,15.68,20.1
4235596620,50.327778,13.538371,3,50.2327,12.8712,48.57,64.2
2373157708,50.230742,12.871799,3,50.2327,12.8712,0.22,0.7
2457211724,49.769281,17.112416,8,49.5938,17.2509,21.91,31.3
1400247116,50.693449,15.733144,5,50.7671,15.0562,48.34,105.9
1619465036,50.038703,16.491165,6,50.2104,15.8252,51.17,66.1
2490766156,50.109395,14.475436,10,50.088,14.4208,4.57,11.1
1953895244,49.222956,16.751505,14,49.1951,16.6068,10.96,19.8
3236676428,50.345626,14.485854,10,50.088,14.4208,29.02,42.6
3127251788,49.758293,13.375172,2,49.7384,13.3736,2.21,6.9
4115055180,49.82425,13.78161,2,49.7384,13.3736,30.81,31.3
3465589580,49.790233,13.734436,2,49.7384,13.3736,26.55,26.4
3381072716,49.834645,18.282044,12,49.8209,18.2625,2.07,6.4
334320204,49.037368,16.960955,14,49.1951,16.6068,31.18,36.4
1315312460,49.740372,13.393397,2,49.7384,13.3736,1.44,4.3
3997176652,50.051499,13.698401,2,49.7384,13.3736,41.87,67.4
3196203596,48.986471,17.404828,9,49.2265,17.6625,32.62,46.4
528294732,49.197224,16.626997,14,49.1951,16.6068,1.49,5.5
3740275532,49.223622,16.626227,14,49.1951,16.6068,3.47,7.6
3834057548,50.133669,15.913176,6,50.2104,15.8252,10.59,15.2
3261469516,48.986471,17.404828,9,49.2265,17.6625,32.62,46.4
2867708748,50.161503,14.318551,10,50.088,14.4208,10.95,22.2
2821571404,50.161503,14.318551,10,50.088,14.4208,10.95,22.2
3314618956,50.72561,15.433573,5,50.7671,15.0562,26.95,51.4
2375094860,50.72561,15.433573,5,50.7671,15.0562,26.95,51.4
1667633996,50.406555,12.982332,3,50.2327,12.8712,20.88,32.3
543560524,50.406555,12.982332,3,50.2327,12.8712,20.88,32.3
879104844,50.108483,14.68016,11,50.0406,14.5567,11.6,27.4
1050088268,50.409371,12.982849,3,50.2327,12.8712,21.18,34.8
234042188,49.56163,18.371991,12,49.8209,18.2625,29.89,30.9
985682508,49.843713,18.316522,12,49.8209,18.2625,4.63,10.3
373343052,49.453915,17.440197,8,49.5938,17.2509,20.7,25.5
228004684,50.06194,15.757034,7,50.0343,15.7704,3.22,5.3
1133974348,50.672005,14.029758,4,50.6607,14.0328,1.28,3.8
1654068044,50.676728,14.098584,4,50.6607,14.0328,4.97,10.4
43049804,49.063766,17.487107,9,49.2265,17.6625,22.14,36.4
1317151564,50.92375,15.252134,5,50.7671,15.0562,22.2,38.9
1454383948,50.567624,14.657088,5,50.7671,15.0562,35.82,55.3
3786416972,50.567624,14.657088,5,50.7671,15.0562,35.82,55.3
4038206284,50.906142,14.618192,5,50.7671,15.0562,34.43,47.7
3762758476,50.042424,15.806723,7,50.0343,15.7704,2.75,7.9
36840268,49.743538,13.600503,2,49.7384,13.3736,16.32,21.0
2241864524,49.62735,16.52202,14,49.1951,16.6068,48.45,56.7
2267796300,49.809339,18.235336,12,49.8209,18.2625,2.33,7.3
3345208140,50.487589,13.433296,4,50.6607,14.0328,46.51,53.1
3868660556,50.125283,14.503638,10,50.088,14.4208,7.22,15.7
932647756,49.672732,18.346569,12,49.8209,18.2625,17.55,17.2
345445196,49.042428,17.464184,9,49.2265,17.6625,25.04,38.7
2223186764,49.15243,17.012509,14,49.1951,16.6068,29.87,32.6
1070011212,50.04541,14.515093,11,50.0406,14.5567,3.02,9.3
3348566860,48.756436,16.85578,14,49.1951,16.6068,52.05,48.7
1687622476,50.030764,14.536995,11,50.0406,14.5567,1.78,5.6
3119326028,49.780793,13.366465,2,49.7384,13.3736,4.74,10.4
1099371340,50.75581,15.312456,5,50.7671,15.0562,18.07,34.6
2156335948,49.952111,12.712657,3,50.2327,12.8712,33.19,49.1
3184599884,49.843305,18.282148,12,49.8209,18.2625,2.86,6.5
677520204,50.099428,13.740227,2,49.7384,13.3736,47.96,73.9
2738295628,49.398992,15.587542,13,49.3961,15.5904,0.38,2.0
1736905548,50.755196,15.064465,5,50.7671,15.0562,1.45,4.2
2988933964,49.572823,17.295512,8,49.5938,17.2509,3.97,8.6
2098139980,49.689135,18.33601,12,49.8209,18.2625,15.57,18.8
575148876,50.034989,15.76446,7,50.0343,15.7704,0.43,1.0
2596807500,49.797894,13.49432,2,49.7384,13.3736,10.91,18.4
3367441228,50.070006,14.381292,10,50.088,14.4208,3.46,11.2
3132560204,49.101444,16.377519,14,49.1951,16.6068,19.66,29.4
783688524,49.950684,15.788732,7,50.0343,15.7704,9.39,13.6
2541601612,50.192882,15.839769,6,50.2104,15.8252,2.21,7.1
2998346572,50.13,16.802807,8,49.5938,17.2509,67.72,79.6
938439244,48.865123,13.911219,1,48.9745,14.4743,42.9,66.7
3343315788,49.870152,18.431578,12,49.8209,18.2625,13.3,26.7
1387668300,49.940369,15.796847,7,50.0343,15.7704,10.61,16.7
4168991564,50.290016,16.165221,6,50.2104,15.8252,25.75,39.7
4004975436,50.657661,13.842586,4,50.6607,14.0328,13.41,19.6
1314571084,49.216366,16.614863,14,49.1951,16.6068,2.44,5.9
483861324,50.304644,16.350643,6,50.2104,15.8252,38.8,57.0
3413697356,49.842531,13.096413,2,49.7384,13.3736,23.02,34.0
286401356,50.14222,14.071298,10,50.088,14.4208,25.64,35.6
729617228,49.569695,17.252196,8,49.5938,17.2509,2.68,6.3
3128759116,49.569695,17.252196,8,49.5938,17.2509,2.68,6.3
4145161036,50.130918,14.136203,10,50.088,14.4208,20.85,34.3
947721036,49.569695,17.252196,8,49.5938,17.2509,2.68,6.3
138236492,49.713621,18.051668,12,49.8209,18.2625,19.28,26.7
371536716,50.143403,14.090118,10,50.088,14.4208,24.37,37.9
1320620876,50.045352,15.760149,7,50.0343,15.7704,1.43,5.6
3702985548,50.055591,14.444723,10,50.088,14.4208,3.99,12.2
2109150028,50.21103,15.817627,6,50.2104,15.8252,0.54,2.5
195498828,50.500907,13.637694,4,50.6607,14.0328,33.08,41.2
381096780,50.023843,14.432785,10,50.088,14.4208,7.19,17.3
2753041228,49.822108,18.19247,12,49.8209,18.2625,5.03,9.1
2209813324,50.091338,14.445187,10,50.088,14.4208,1.78,6.6
2761958220,49.778111,18.449074,12,49.8209,18.2625,14.21,21.8
953451340,49.944844,17.90795,12,49.8209,18.2625,28.9,36.4
3887600460,49.574883,17.233135,8,49.5938,17.2509,2.46,4.7
3097957196,49.605133,17.258789,8,49.5938,17.2509,1.38,5.1
1235686220,50.666897,14.013966,4,50.6607,14.0328,1.5,2.9
3280802636,49.197224,16.626997,14,49.1951,16.6068,1.49,5.5
3465909068,50.09874,14.424777,10,50.088,14.4208,1.23,5.6
2456195916,49.842487,18.287325,12,49.8209,18.2625,2.99,8.1
2625353036,49.422192,18.31982,12,49.8209,18.2625,44.53,55.5
2384749132,50.770487,15.432582,5,50.7671,15.0562,26.47,49.8
2215506764,49.004277,14.754544,1,48.9745,14.4743,20.71,24.6
4272362316,49.845042,18.164869,12,49.8209,18.2625,7.5,15.3
2361844556,50.071453,14.408455,10,50.088,14.4208,2.04,7.3
182915916,50.109957,14.33968,10,50.088,14.4208,6.28,15.9
3551839052,49.198181,16.695321,14,49.1951,16.6068,6.44,12.6
1716237644,49.422192,18.31982,12,49.8209,18.2625,44.53,55.5
3215397708,49.144387,14.994771,1,48.9745,14.4743,42.37,50.1
1999401548,50.149463,14.145994,10,50.088,14.4208,20.75,37.1
1130018124,49.422192,18.31982,12,49.8209,18.2625,44.53,55.5
1571230540,50.047591,14.30249,10,50.088,14.4208,9.57,22.3
1135022924,50.334966,12.503079,3,50.2327,12.8712,28.52,42.1
111743820,50.068065,14.304578,10,50.088,14.4208,8.58,19.3
1034359628,50.065702,14.428243,10,50.088,14.4208,2.54,8.6
2997293900,50.504768,13.656932,4,50.6607,14.0328,31.7,38.1
3305878860,49.422192,18.31982,12,49.8209,18.2625,44.53,55.5
2980516684,50.501669,13.66236,4,50.6607,14.0328,31.57,37.1
3196916556,49.73053,13.399186,2,49.7384,13.3736,2.04,6.4
2573607756,49.942003,17.913092,12,49.8209,18.2625,28.43,34.9
1652564812,50.772897,14.197711,4,50.6607,14.0328,17.04,26.8
933696332,49.19373,16.639764,14,49.1951,16.6068,2.4,7.5
784012108,49.837707,18.261696,12,49.8209,18.2625,1.87,3.7
2223051596,50.766806,14.191703,4,50.6607,14.0328,16.26,25.7
867447628,49.795027,18.258114,12,49.8209,18.2625,2.89,7.4
2462200652,49.576039,17.253956,8,49.5938,17.2509,1.99,5.1
346493772,50.655204,13.839623,4,50.6607,14.0328,13.63,20.2
3838448460,49.593779,17.233254,8,49.5938,17.2509,1.27,3.7
546378572,49.164973,16.56964,14,49.1951,16.6068,4.3,10.3
164295500,49.746118,13.366244,2,49.7384,13.3736,1.01,3.3
504312652,49.787874,14.689528,11,50.0406,14.5567,29.67,33.0
1785602892,49.697586,13.322656,2,49.7384,13.3736,5.83,9.7
557654604,49.422195,18.319828,12,49.8209,18.2625,44.53,55.5
2363171660,49.903158,14.584905,11,50.0406,14.5567,15.42,27.2
4241953612,49.832237,13.899131,2,49.7384,13.3736,39.15,39.7
1482687052,49.781624,14.686965,11,50.0406,14.5567,30.27,34.8
3023319884,48.91725,17.097004,14,49.1951,16.6068,47.23,61.1
97981260,50.029882,14.365334,10,50.088,14.4208,7.58,17.7
728638284,49.697586,13.322656,2,49.7384,13.3736,5.83,9.7
618074956,50.092355,14.482957,10,50.088,14.4208,4.46,12.3
1909920588,50.129387,14.1218,10,50.088,14.4208,21.81,32.9
795288396,49.777653,18.261374,12,49.8209,18.2625,4.81,11.0
1768755788,49.853022,18.550487,12,49.8209,18.2625,20.96,33.5
3788968780,49.101444,16.377519,14,49.1951,16.6068,19.66,29.4
3167163212,49.261004,15.241629,13,49.3961,15.5904,29.4,40.6
1649533772,49.787105,18.219977,12,49.8209,18.2625,4.84,12.7
3485930316,50.738703,14.304034,4,50.6607,14.0328,20.98,38.4
3955692364,49.3961,15.591244,13,49.3961,15.5904,0.06,0.1
3989246796,49.101444,16.377519,14,49.1951,16.6068,19.66,29.4
2698646348,49.280638,16.989272,14,49.1951,16.6068,29.35,29.9
3263218508,49.414412,14.657801,1,48.9745,14.4743,50.7,42.5
2428965708,49.29709,15.07482,13,49.3961,15.5904,38.94,51.8
115807052,49.462,18.122786,12,49.8209,18.2625,41.16,57.5
1861227340,49.25698,16.62081,14,49.1951,16.6068,6.96,13.4
483140428,49.106392,17.164332,9,49.2265,17.6625,38.6,55.6
3016168268,49.769533,13.23518,2,49.7384,13.3736,10.53,15.4
1673990988,49.681472,14.006804,2,49.7384,13.3736,45.97,67.5
1593250636,50.116063,14.494899,10,50.088,14.4208,6.14,13.8
3942060876,49.722235,13.372325,2,49.7384,13.3736,1.8,5.3
365368140,50.178853,15.027647,11,50.0406,14.5567,36.94,48.7
1542918988,50.111474,14.390314,10,50.088,14.4208,3.4,11.5
251073356,50.068685,14.470645,10,50.088,14.4208,4.15,12.9
1291260748,50.497582,13.635556,4,50.6607,14.0328,33.4,40.7
3220640588,50.497871,13.635759,4,50.6607,14.0328,33.37,40.6
540287820,49.467826,17.12335,8,49.5938,17.2509,16.76,17.3
884745036,49.475379,17.090972,8,49.5938,17.2509,17.51,20.6
603394892,50.081531,14.494475,10,50.088,14.4208,5.31,13.9
2316768076,50.078032,14.440697,10,50.088,14.4208,1.8,8.5
371446604,49.19891,16.621916,14,49.1951,16.6068,1.18,4.9
4035785548,49.686681,14.008131,2,49.7384,13.3736,45.98,67.1
715141964,49.674635,13.995499,2,49.7384,13.3736,45.28,66.3
3783078732,49.673559,13.981465,2,49.7384,13.3736,44.3,64.0
1471746892,49.343964,15.314045,13,49.3961,15.5904,20.83,32.5
3455521612,49.101444,16.377519,14,49.1951,16.6068,19.66,29.4
2958672716,49.907285,14.038716,10,50.088,14.4208,33.91,43.2
3233354572,49.343964,15.314045,13,49.3961,15.5904,20.83,32.5
2184459084,50.534665,15.362941,5,50.7671,15.0562,33.7,43.6
1995903820,49.72383,13.374484,2,49.7384,13.3736,1.62,4.2
1090523980,50.202426,15.98212,6,50.2104,15.8252,11.2,16.3
1700848460,49.337045,17.989354,9,49.2265,17.6625,26.71,38.2
1475810124,50.079656,14.455114,10,50.088,14.4208,2.62,9.5
16192332,50.491515,13.650295,4,50.6607,14.0328,32.92,40.8
3456934732,50.764743,15.049375,5,50.7671,15.0562,0.55,5.3
2616533836,50.638823,15.269365,5,50.7671,15.0562,20.71,30.0
2515997516,50.083913,12.365973,3,50.2327,12.8712,39.61,31.1
2542125900,50.035147,14.505832,11,50.0406,14.5567,3.68,8.5
2312610636,49.676356,13.990032,2,49.7384,13.3736,44.86,65.3
518460236,48.854973,17.137541,14,49.1951,16.6068,54.11,57.9
166138700,49.712054,17.899766,12,49.8209,18.2625,28.73,32.2
600191820,49.675755,13.992606,2,49.7384,13.3736,45.05,65.4
3068191308,49.363424,14.053457,1,48.9745,14.4743,52.98,57.2
1843860300,50.106958,14.510207,10,50.088,14.4208,6.72,16.2
3903509324,50.145289,14.097541,10,50.088,14.4208,23.91,37.6
2800161612,49.419032,14.646485,1,48.9745,14.4743,50.99,41.7
3622245196,50.199127,14.302656,10,50.088,14.4208,14.95,30.4
409850956,50.230105,12.866589,3,50.2327,12.8712,0.44,1.0
619123532,49.939769,17.895312,12,49.8209,18.2625,29.44,36.7
99029836,49.530713,14.808008,13,49.3961,15.5904,58.49,71.3
3136299852,50.281372,14.311798,10,50.088,14.4208,22.86,33.0
3470455628,50.023016,14.227967,10,50.088,14.4208,15.55,27.6
1076892492,50.147359,13.961327,10,50.088,14.4208,33.42,37.9
3448054604,48.984817,14.437326,1,48.9745,14.4743,2.93,8.3
1268014172,50.147335,14.10285,10,50.088,14.4208,23.61,36.8
285267020,50.230105,12.866589,3,50.2327,12.8712,0.44,1.0
1172533836,50.749417,15.067144,5,50.7671,15.0562,2.11,6.7
1763160652,50.749417,15.067144,5,50.7671,15.0562,2.11,6.7
695063628,50.230105,12.866589,3,50.2327,12.8712,0.44,1.0
715633228,50.749417,15.067144,5,50.7671,15.0562,2.11,6.7
1759298380,49.579912,17.221163,8,49.5938,17.2509,2.64,6.2
2262156108,49.198172,16.695262,14,49.1951,16.6068,6.44,12.6
2037240908,50.230105,12.866589,3,50.2327,12.8712,0.44,1.0
1081988172,50.230105,12.866589,3,50.2327,12.8712,0.44,1.0
242078796,50.230105,12.866589,3,50.2327,12.8712,0.44,1.0
2514711116,50.749417,15.067144,5,50.7671,15.0562,2.11,6.7
1961341516,50.769996,15.058448,5,50.7671,15.0562,0.36,1.9
1307398732,49.037368,16.960955,14,49.1951,16.6068,31.18,36.4
675254860,50.749417,15.067144,5,50.7671,15.0562,2.11,6.7
2564272716,50.749417,15.067144,5,50.7671,15.0562,2.11,6.7
4181693004,50.749417,15.067144,5,50.7671,15.0562,2.11,6.7
327078732,50.147335,14.10285,10,50.088,14.4208,23.61,36.8
545231436,50.769996,15.058448,5,50.7671,15.0562,0.36,1.9
2775196748,50.230105,12.866589,3,50.2327,12.8712,0.44,1.0
1794736972,50.749417,15.067144,5,50.7671,15.0562,2.11,6.7
1274643276,50.749417,15.067144,5,50.7671,15.0562,2.11,6.7
4261467212,50.230105,12.866589,3,50.2327,12.8712,0.44,1.0
2141881164,50.230105,12.866589,3,50.2327,12.8712,0.44,1.0
2757481292,50.749417,15.067144,5,50.7671,15.0562,2.11,6.7
3136914252,50.749417,15.067144,5,50.7671,15.0562,2.11,6.7
1505829452,49.579651,17.222026,8,49.5938,17.2509,2.61,6.4
4111405644,49.579651,17.222026,8,49.5938,17.2509,2.61,6.4
531268428,50.230105,12.866589,3,50.2327,12.8712,0.44,1.0
1017807692,50.230105,12.866589,3,50.2327,12.8712,0.44,1.0
786207564,50.786523,15.073999,5,50.7671,15.0562,2.5,5.7
2806461260,49.199634,16.620407,14,49.1951,16.6068,1.11,4.2
3268789068,49.198172,16.695262,14,49.1951,16.6068,6.44,12.6
1134924620,50.786516,15.074181,5,50.7671,15.0562,2.5,5.7
1272746828,50.786523,15.073999,5,50.7671,15.0562,2.5,5.7
999658316,50.78657,15.074127,5,50.7671,15.0562,2.51,5.7
3055166284,50.607925,15.32571,5,50.7671,15.0562,25.96,37.5
129053516,50.551757,13.790051,4,50.6607,14.0328,20.98,26.6
1293357900,50.417999,16.170058,6,50.2104,15.8252,33.65,39.7
3176268364,50.176789,16.91108,8,49.5938,17.2509,69.25,84.8
3628278604,50.560941,15.903205,6,50.2104,15.8252,39.37,45.4
4175987532,49.113666,17.175624,9,49.2265,17.6625,37.55,53.9
823595852,49.676498,18.372519,12,49.8209,18.2625,17.9,20.3
2786562892,50.491433,13.642833,4,50.6607,14.0328,33.36,41.2
18289484,50.074406,15.982445,7,50.0343,15.7704,15.78,23.0
2050437964,49.209125,16.662239,14,49.1951,16.6068,4.32,11.3
3591836492,49.250214,17.209944,9,49.2265,17.6625,32.96,44.7
2082939724,48.851868,17.134755,14,49.1951,16.6068,54.21,57.7
368059212,49.715788,13.405586,2,49.7384,13.3736,3.41,7.3
1977623372,49.407211,14.68264,1,48.9745,14.4743,50.44,38.2
2370056780,49.732117,13.392854,2,49.7384,13.3736,1.55,5.4
1100976972,49.680075,13.228302,2,49.7384,13.3736,12.3,16.3
2768855628,49.654196,13.197006,2,49.7384,13.3736,15.78,20.5
2080498508,50.797804,14.417671,4,50.6607,14.0328,31.08,44.2
889807436,49.655734,13.199672,2,49.7384,13.3736,15.52,20.1
2013270860,49.970002,14.503043,11,50.0406,14.5567,8.74,18.8
2998297164,50.850841,14.846236,5,50.7671,15.0562,17.45,21.5
498721612,49.399192,13.275826,2,49.7384,13.3736,38.37,43.4
2366202444,49.654196,13.197006,2,49.7384,13.3736,15.78,20.5
3070960460,49.780002,13.37433,2,49.7384,13.3736,4.63,9.9
1883837260,49.731204,13.757973,2,49.7384,13.3736,27.64,39.6
1693238092,49.873238,18.425294,12,49.8209,18.2625,13.04,25.3
2861241164,50.66857,15.617894,5,50.7671,15.0562,41.03,74.8
1217012556,49.722359,13.404921,2,49.7384,13.3736,2.87,6.3
1645220684,50.669626,14.032668,4,50.6607,14.0328,0.99,2.9
238818124,50.709717,15.193457,5,50.7671,15.0562,11.58,19.6
4101706572,50.046008,15.754864,7,50.0343,15.7704,1.71,4.0
2155615052,49.751952,13.004192,2,49.7384,13.3736,26.59,32.0
3472692044,49.872986,15.577863,7,50.0343,15.7704,22.62,32.5
828965452,50.542752,14.42047,4,50.6607,14.0328,30.34,46.6
4066968140,50.542752,14.42047,4,50.6607,14.0328,30.34,46.6
3703120460,49.402285,15.574524,13,49.3961,15.5904,1.34,4.3
1454519116,50.03769,15.785574,7,50.0343,15.7704,1.15,5.3
3859813196,49.586219,17.245873,8,49.5938,17.2509,0.92,3.2
3122299724,49.736369,13.369435,2,49.7384,13.3736,0.37,2.2
894407244,48.599843,14.421672,1,48.9745,14.4743,41.84,45.7
3339719500,49.496491,16.604117,14,49.1951,16.6068,33.51,37.2
3249877836,50.687414,15.726582,5,50.7671,15.0562,48.01,107.6
1980023628,49.957568,14.044147,10,50.088,14.4208,30.57,35.3
2077401932,49.943674,17.912897,12,49.8209,18.2625,28.53,35.2
3389002572,50.429017,14.904755,5,50.7671,15.0562,39.08,38.6
3051602764,49.956819,14.041338,10,50.088,14.4208,30.78,35.7
3674215244,49.851033,13.38518,2,49.7384,13.3736,12.55,17.8
101196620,50.617655,15.708338,6,50.2104,15.8252,46.04,69.4
2892243788,49.948705,17.897287,12,49.8209,18.2625,29.78,37.3
4009759564,50.11612,14.126263,10,50.088,14.4208,21.24,30.1
3974341452,49.523731,16.259478,14,49.1951,16.6068,44.36,57.6
3348030028,49.204191,16.630672,14,49.1951,16.6068,2.01,5.9
553653068,49.146554,16.973456,14,49.1951,16.6068,27.2,29.4
855642956,50.495179,13.652803,4,50.6607,14.0328,32.54,39.5
569516876,50.643896,13.856668,4,50.6607,14.0328,12.56,19.1
1883231052,49.524544,16.258645,14,49.1951,16.6068,44.47,57.9
1833345868,49.524544,16.258645,14,49.1951,16.6068,44.47,57.9
1241977676,49.190647,16.630978,14,49.1951,16.6068,1.83,6.0
865276748,49.853181,13.981265,10,50.088,14.4208,40.86,45.2
57742156,49.853181,13.981265,10,50.088,14.4208,40.86,45.2
1324708428,48.768118,14.032589,1,48.9745,14.4743,39.63,51.8
787837516,48.768118,14.032589,1,48.9745,14.4743,39.63,51.8
2821722956,49.171614,16.559995,14,49.1951,16.6068,4.29,11.3
754062156,49.179985,16.687595,14,49.1951,16.6068,6.11,13.0
1306370892,49.215075,16.753535,14,49.1951,16.6068,10.89,21.3
36705100,49.790263,18.169437,12,49.8209,18.2625,7.5,19.2
2666885708,48.768118,14.032589,1,48.9745,14.4743,39.63,51.8
3739751244,49.849691,18.279392,12,49.8209,18.2625,3.42,7.7
538383180,49.168629,16.727314,14,49.1951,16.6068,9.24,16.8
3996128076,50.365427,14.795715,11,50.0406,14.5567,39.92,46.6
2252481356,49.057002,17.478864,9,49.2265,17.6625,23.1,37.4
1378882380,50.166337,12.572666,3,50.2327,12.8712,22.49,24.1
4096791372,49.781434,16.927021,8,49.5938,17.2509,31.28,26.5
2704282444,49.089698,16.60295,14,49.1951,16.6068,11.72,15.7
532615756,49.191213,16.695802,14,49.1951,16.6068,6.48,11.4
1047532364,50.494706,13.649856,4,50.6607,14.0328,32.74,40.4
2251297612,49.397962,17.673783,9,49.2265,17.6625,19.08,33.6
3291485004,49.170311,16.566307,14,49.1951,16.6068,4.03,10.3
3859084108,49.592418,17.281979,8,49.5938,17.2509,2.25,7.0
2830844492,50.378904,15.79424,6,50.2104,15.8252,18.87,30.1
2201264972,50.626238,16.237952,6,50.2104,15.8252,54.71,78.7
2606875468,49.583701,17.257735,8,49.5938,17.2509,1.23,3.1
529851212,50.514574,16.005384,6,50.2104,15.8252,36.16,50.1
1592398668,49.724177,13.369744,2,49.7384,13.3736,1.61,4.2
2203849548,50.632465,13.84667,4,50.6607,14.0328,13.49,16.3
2932589388,50.710911,15.078152,5,50.7671,15.0562,6.44,10.8
4058719052,49.724177,13.369744,2,49.7384,13.3736,1.61,4.2
1226838860,49.334639,18.013341,9,49.2265,17.6625,28.15,41.9
1811821388,50.623641,13.599514,4,50.6607,14.0328,30.83,42.8
759100236,50.599466,13.604188,4,50.6607,14.0328,30.99,39.6
954958668,50.494932,13.642683,4,50.6607,14.0328,33.15,40.8
3943244620,50.62054,13.606762,4,50.6607,14.0328,30.37,41.1
2209751884,48.876863,16.287276,14,49.1951,16.6068,42.36,46.1
2310415180,50.006285,16.74435,8,49.5938,17.2509,58.53,59.1
2400842572,49.210528,16.618886,14,49.1951,16.6068,1.93,6.4
4176622412,50.42633,14.910675,5,50.7671,15.0562,39.26,37.3
639636300,48.984828,14.437766,1,48.9745,14.4743,2.9,8.3
3525317452,50.62602,13.686785,4,50.6607,14.0328,24.7,31.2
4077810252,50.721451,15.596879,5,50.7671,15.0562,38.38,82.9
2904560460,49.404386,15.59811,13,49.3961,15.5904,1.08,4.1
3394245452,49.991953,14.204509,10,50.088,14.4208,18.78,30.4
940102476,49.829343,18.265932,12,49.8209,18.2625,0.97,2.4
3540177484,50.629102,15.610181,5,50.7671,15.0562,41.93,67.4
274856028,50.224932,12.880402,3,50.2327,12.8712,1.08,4.2
3679458124,49.393199,15.57362,13,49.3961,15.5904,1.26,3.8
2457519436,50.220849,12.882258,3,50.2327,12.8712,1.53,5.6
127451980,49.222997,16.589723,14,49.1951,16.6068,3.34,7.2
2242540108,50.757739,15.105729,5,50.7671,15.0562,3.64,7.2
3243950924,49.839798,18.262436,12,49.8209,18.2625,2.1,4.5
476566348,49.82266,18.188357,12,49.8209,18.2625,5.32,9.9
2837562188,49.793044,18.234744,12,49.8209,18.2625,3.68,8.4
4182774604,49.606822,18.1407,12,49.8209,18.2625,25.36,34.1
3916436300,49.679789,18.342369,12,49.8209,18.2625,16.71,17.6
2279690828,50.757741,15.105729,5,50.7671,15.0562,3.64,7.2
3192918860,48.990844,17.721031,9,49.2265,17.6625,26.55,40.0
969421644,49.967692,14.510295,11,50.0406,14.5567,8.76,19.0
1827562060,50.174683,14.360692,10,50.088,14.4208,10.55,26.5
3163669324,49.813419,18.226848,12,49.8209,18.2625,2.69,7.6
1685066572,49.679789,18.342369,12,49.8209,18.2625,16.71,17.6
4234777420,49.550883,16.575844,14,49.1951,16.6068,39.62,44.4
1638257484,50.174683,14.360692,10,50.088,14.4208,10.55,26.5
793776972,50.634326,13.814671,4,50.6607,14.0328,15.66,17.6
2216047436,48.980864,14.439697,1,48.9745,14.4743,2.62,7.7
2270171980,49.172253,16.564297,14,49.1951,16.6068,4.0,10.5
3661632332,50.55914,13.778124,4,50.6607,14.0328,21.22,25.1
2985722700,50.130647,14.729075,11,50.0406,14.5567,15.86,25.0
2524193612,49.967135,14.072116,10,50.088,14.4208,28.3,34.4
4164948812,50.190173,15.02525,11,50.0406,14.5567,37.32,48.4
2202014540,49.753058,13.412557,2,49.7384,13.3736,3.24,8.0
1061163852,50.490415,13.646806,4,50.6607,14.0328,33.19,40.6
2097161036,49.192451,16.635439,14,49.1951,16.6068,2.1,8.0
2722108236,49.535098,18.391645,12,49.8209,18.2625,33.11,31.5
658510668,49.224336,16.529334,14,49.1951,16.6068,6.5,13.2
1195381580,50.094738,17.691629,12,49.8209,18.2625,50.94,60.9
1719341900,48.79679,14.614875,1,48.9745,14.4743,22.27,33.5
2126693196,48.816547,14.671836,1,48.9745,14.4743,22.74,31.9
1234924108,48.769004,14.9698,1,48.9745,14.4743,42.84,61.1
409998156,50.229638,12.869926,3,50.2327,12.8712,0.35,1.1
3512406860,49.617159,15.574525,13,49.3961,15.5904,24.61,27.4
2281288268,50.367919,12.776846,3,50.2327,12.8712,16.46,27.9
3815773004,50.604123,15.505651,5,50.7671,15.0562,36.48,60.0
2926580556,50.29456,13.988223,10,50.088,14.4208,38.42,46.7
2188383052,49.899394,15.932741,7,50.0343,15.7704,18.97,25.0
1045173068,49.763857,17.124485,8,49.5938,17.2509,20.98,30.9
3012629324,50.301924,15.830358,6,50.2104,15.8252,10.18,15.7
2442842956,49.201508,16.623514,14,49.1951,16.6068,1.41,5.3
1970279244,49.603295,17.255424,8,49.5938,17.2509,1.1,4.3
2971865932,49.763857,17.124485,8,49.5938,17.2509,20.98,30.9
174068556,50.668943,14.066275,4,50.6607,14.0328,2.53,5.3
1232323404,50.052607,15.76116,7,50.0343,15.7704,2.14,3.8
2002309964,49.780067,18.226683,12,49.8209,18.2625,5.22,10.4
3525514060,49.763857,17.124485,8,49.5938,17.2509,20.98,30.9
2858423116,49.775255,18.253424,12,49.8209,18.2625,5.12,10.8
1139008332,50.040174,15.728927,7,50.0343,15.7704,3.03,7.6
4202509132,50.040174,15.728927,7,50.0343,15.7704,3.03,7.6
4017959756,50.040174,15.728927,7,50.0343,15.7704,3.03,7.6
2807440204,50.504677,16.025315,6,50.2104,15.8252,35.67,50.1
492835660,49.265041,13.895867,1,48.9745,14.4743,53.06,60.3
861934412,50.506403,13.63657,4,50.6607,14.0328,32.82,39.4
2673873740,50.832454,14.868203,5,50.7671,15.0562,15.08,20.1
2153780044,49.634522,14.638782,11,50.0406,14.5567,45.54,49.2
1668268876,49.310533,14.127009,1,48.9745,14.4743,45.1,51.1
2939691852,49.342831,14.213796,1,48.9745,14.4743,45.13,54.8
2328302412,49.101444,16.377519,14,49.1951,16.6068,19.66,29.4
1902121804,50.493585,13.658743,4,50.6607,14.0328,32.29,40.5
1686688588,49.356364,14.095413,1,48.9745,14.4743,50.61,60.2
1919533900,49.309586,14.153058,1,48.9745,14.4743,43.98,50.3
2774537036,50.428216,15.581409,6,50.2104,15.8252,29.77,38.9
227853132,50.398378,15.121678,5,50.7671,15.0562,41.26,48.6
3523679052,49.21654,16.617084,14,49.1951,16.6068,2.5,7.8
1821446988,49.294532,17.388203,9,49.2265,17.6625,21.29,32.1
1385239372,50.187297,14.044433,10,50.088,14.4208,29.01,39.7
2106659660,49.685923,14.007742,2,49.7384,13.3736,45.97,67.2
1194775116,49.177616,16.598982,14,49.1951,16.6068,2.03,6.0
3075027788,49.957961,14.044881,10,50.088,14.4208,30.5,35.3
3949298508,49.780814,18.27472,12,49.8209,18.2625,4.54,8.7
2674987852,49.204618,16.680732,14,49.1951,16.6068,5.47,13.4
2424841036,50.459738,13.413915,3,50.2327,12.8712,46.05,55.5
1418793804,50.434407,14.887792,5,50.7671,15.0562,38.86,41.0
2760971084,50.434407,14.887792,5,50.7671,15.0562,38.86,41.0
243340108,49.217218,17.514336,9,49.2265,17.6625,10.81,19.5
1585517388,49.224605,17.509316,9,49.2265,17.6625,11.13,20.0
3004633932,49.168629,16.727314,14,49.1951,16.6068,9.24,16.8
2744243020,49.828904,14.438089,11,50.0406,14.5567,25.02,55.1
2169639756,50.700109,14.800975,5,50.7671,15.0562,19.45,39.0
3587978060,50.751764,15.616402,5,50.7671,15.0562,39.44,93.0
3476808524,49.851093,14.405426,11,50.0406,14.5567,23.69,41.6
2855482188,48.639323,14.229322,1,48.9745,14.4743,41.36,59.5
3044811596,50.086899,17.722736,12,49.8209,18.2625,48.64,57.0
1662456652,49.168629,16.727314,14,49.1951,16.6068,9.24,16.8
2172719948,50.434407,14.887792,5,50.7671,15.0562,38.86,41.0
456069964,49.730134,13.407736,2,49.7384,13.3736,2.62,6.7
1374999372,49.988978,14.154307,10,50.088,14.4208,21.99,28.7
1827459916,50.780325,14.232111,4,50.6607,14.0328,19.33,28.0
3816887116,50.434407,14.887792,5,50.7671,15.0562,38.86,41.0
3501265740,50.647402,13.848508,4,50.6607,14.0328,13.08,20.0
3699123020,49.875197,17.358307,8,49.5938,17.2509,32.23,47.3
320279372,49.168629,16.727314,14,49.1951,16.6068,9.24,16.8
1968517964,50.769868,14.227467,4,50.6607,14.0328,18.31,28.9
3764446028,49.01456,14.614348,1,48.9745,14.4743,11.15,15.5
2260706124,49.296245,14.387329,1,48.9745,14.4743,36.33,44.5
2222928716,48.755477,16.877091,14,49.1951,16.6068,52.71,46.2
637559372,49.977814,12.708536,3,50.2327,12.8712,30.62,46.4
1844945740,50.781265,14.153853,4,50.6607,14.0328,15.89,29.7
1219564364,50.412827,14.909502,5,50.7671,15.0562,40.73,36.6
1907430220,50.434407,14.887792,5,50.7671,15.0562,38.86,41.0
242373196,50.604201,15.835918,6,50.2104,15.8252,43.8,53.3
2859414348,49.958641,16.985325,8,49.5938,17.2509,44.83,49.0
2204361548,49.977556,12.707255,3,50.2327,12.8712,30.69,46.1
3480937036,50.077333,12.365421,3,50.2327,12.8712,39.96,32.0
3864347724,49.952836,14.208632,10,50.088,14.4208,21.35,40.0
242815820,49.208886,16.661858,14,49.1951,16.6068,4.28,11.3
2036142924,49.597611,17.269535,8,49.5938,17.2509,1.41,4.5
90125132,50.131976,14.13418,10,50.088,14.4208,21.02,34.8
1169240908,49.789664,14.697744,11,50.0406,14.5567,29.67,34.2
144773964,49.634618,14.638873,11,50.0406,14.5567,45.53,49.2
2094076748,49.012872,17.13669,14,49.1951,16.6068,43.57,56.3
4168946508,49.597611,17.269535,8,49.5938,17.2509,1.41,4.5
3696177996,50.753986,15.049251,5,50.7671,15.0562,1.54,5.2
2892968780,49.315548,14.140433,1,48.9745,14.4743,45.03,51.6
1880560460,49.168629,16.727314,14,49.1951,16.6068,9.24,16.8
3252151116,50.238108,15.085839,11,50.0406,14.5567,43.64,55.0
355873612,49.219639,16.526122,14,49.1951,16.6068,6.46,14.1
3744383820,49.782848,18.256086,12,49.8209,18.2625,4.26,10.1
776942412,49.763795,13.252103,2,49.7384,13.3736,9.17,13.2
395330124,50.061492,14.366331,10,50.088,14.4208,4.88,14.9
1973109324,49.965166,12.708625,3,50.2327,12.8712,31.93,47.4
3601322828,50.41714,16.176986,6,50.2104,15.8252,33.95,41.6
3316724300,49.196872,16.593944,14,49.1951,16.6068,0.95,2.6
1938559820,49.790347,18.443105,12,49.8209,18.2625,13.4,19.6
10281804,50.580016,15.741115,6,50.2104,15.8252,41.53,62.0
990372428,49.813119,18.271705,12,49.8209,18.2625,1.09,2.7
3245388620,49.144192,13.548229,2,49.7384,13.3736,67.27,87.9
1621529420,49.975834,12.704589,3,50.2327,12.8712,30.94,44.0
3670266700,49.779016,18.255568,12,49.8209,18.2625,4.68,9.4
1477542732,50.34609,12.824949,3,50.2327,12.8712,13.03,22.5
525321036,49.745138,13.328376,2,49.7384,13.3736,3.33,8.3
1665340236,49.822144,18.172783,12,49.8209,18.2625,6.44,12.4
2817323852,49.940993,17.89916,12,49.8209,18.2625,29.26,36.3
3312399180,50.622478,13.824402,4,50.6607,14.0328,15.3,19.2
2081719116,49.947749,12.70758,3,50.2327,12.8712,33.77,49.0
2288067404,50.791086,15.14246,5,50.7671,15.0562,6.63,15.5
886547276,48.932234,14.744129,1,48.9745,14.4743,20.26,35.3
1222120268,48.765594,14.028741,1,48.9745,14.4743,40.02,52.1
2018243404,49.209057,16.627142,14,49.1951,16.6068,2.14,5.9
3832492876,50.609406,13.629291,4,50.6607,14.0328,29.02,36.3
4156052044,49.975834,12.704589,3,50.2327,12.8712,30.94,44.0
2454049612,50.500429,13.437044,4,50.6607,14.0328,45.68,53.7
3736146764,49.201466,16.616793,14,49.1951,16.6068,1.01,4.4
2721174348,48.980672,14.467579,1,48.9745,14.4743,0.84,3.7
2658997068,49.597611,17.269535,8,49.5938,17.2509,1.41,4.5
3414025036,49.221766,16.597122,14,49.1951,16.6068,3.05,7.1
3553547084,50.029425,15.774026,7,50.0343,15.7704,0.6,2.9
3146453836,50.66857,15.617894,5,50.7671,15.0562,41.03,74.8
845624140,50.497168,13.635915,4,50.6607,14.0328,33.41,40.8
1339827020,50.607572,13.624153,4,50.6607,14.0328,29.42,37.5
3650630476,50.129223,14.73172,11,50.0406,14.5567,15.91,26.1
407823180,49.967028,12.701018,3,50.2327,12.8712,31.94,45.0
3461403468,49.309635,17.473958,9,49.2265,17.6625,16.51,26.4
1502286668,50.66857,15.617894,5,50.7671,15.0562,41.03,74.8
2024870732,49.747783,13.378349,2,49.7384,13.3736,1.1,5.4
1500750668,50.264592,14.028045,10,50.088,14.4208,34.17,42.7
106754636,49.470656,17.106557,8,49.5938,17.2509,17.2,20.3
3621114700,49.222118,16.512486,14,49.1951,16.6068,7.48,16.1
2780353356,50.212881,15.824925,6,50.2104,15.8252,0.28,1.3
4072534860,49.950989,12.713127,3,50.2327,12.8712,33.29,49.7
3991753292,49.037368,16.960955,14,49.1951,16.6068,31.18,36.4
1558496076,50.411352,14.903184,5,50.7671,15.0562,41.01,38.0
261370700,48.975469,14.48424,1,48.9745,14.4743,0.73,4.5
131142476,49.220425,13.955808,1,48.9745,14.4743,46.61,54.6
2449146444,49.18842,16.607519,14,49.1951,16.6068,0.74,2.9
2139939404,49.204191,16.630672,14,49.1951,16.6068,2.01,5.9
3323323212,49.973649,12.702885,3,50.2327,12.8712,31.21,44.6
1969828684,50.774033,14.179855,4,50.6607,14.0328,16.31,28.4
867242828,49.789688,14.695106,11,50.0406,14.5567,29.61,34.1
1777906508,48.982243,14.484259,1,48.9745,14.4743,1.13,4.2
2605511244,49.470656,17.106557,8,49.5938,17.2509,17.2,20.3
3095343948,50.729536,15.146703,5,50.7671,15.0562,7.62,15.2
832058188,50.55185,13.789025,4,50.6607,14.0328,21.03,26.6
3895386956,49.971163,12.700925,3,50.2327,12.8712,31.52,44.1
1672532812,50.686385,13.879688,4,50.6607,14.0328,11.16,16.7
1391284812,49.037368,16.960955,14,49.1951,16.6068,31.18,36.4
1554420556,50.781265,15.420634,5,50.7671,15.0562,25.67,46.5
4070642508,49.866694,18.557659,12,49.8209,18.2625,21.77,34.7
3696030284,49.470656,17.106557,8,49.5938,17.2509,17.2,20.3
732742476,49.200576,16.593725,14,49.1951,16.6068,1.13,3.7
2251892300,50.220849,12.882258,3,50.2327,12.8712,1.53,5.6
243807052,50.762221,14.248216,4,50.6607,14.0328,18.91,32.2
1721832268,49.634466,14.638788,11,50.0406,14.5567,45.54,49.2
2558202444,49.470363,17.107841,8,49.5938,17.2509,17.18,19.4
1296143180,49.74238,13.367753,2,49.7384,13.3736,0.61,2.6
2266747724,50.10634,14.54628,11,50.0406,14.5567,7.35,18.2
1304740684,48.858615,17.127624,14,49.1951,16.6068,53.31,56.6
1138242380,50.115795,16.293286,6,50.2104,15.8252,34.96,44.2
2391479116,50.66857,15.617894,5,50.7671,15.0562,41.03,74.8
919122764,48.982243,14.484259,1,48.9745,14.4743,1.13,4.2
1227694924,49.959371,16.985205,8,49.5938,17.2509,44.9,48.8
30655308,50.159027,14.743501,11,50.0406,14.5567,18.73,30.4
3600077644,50.206163,15.820136,6,50.2104,15.8252,0.59,2.2
2312934220,50.214467,15.844573,6,50.2104,15.8252,1.45,2.6
3973550924,49.136157,13.234498,2,49.7384,13.3736,67.72,77.6
3626627916,50.127818,16.145726,6,50.2104,15.8252,24.61,29.6
3687330636,49.231106,17.659987,9,49.2265,17.6625,0.54,4.1
2273129292,49.066542,17.02573,14,49.1951,16.6068,33.67,42.4
1622217548,49.634618,14.638873,11,50.0406,14.5567,45.53,49.2
3371017036,48.865608,17.11659,14,49.1951,16.6068,52.19,54.8
956285772,49.580781,17.230445,8,49.5938,17.2509,2.07,5.6
3447665484,50.585333,16.331574,6,50.2104,15.8252,55.01,77.6
4253561676,50.337629,13.537061,3,50.2327,12.8712,48.73,65.9
3950367564,49.830007,18.179778,12,49.8209,18.2625,6.02,11.4
414389068,49.172527,16.687329,14,49.1951,16.6068,6.37,13.0
2489369420,49.589704,17.276204,8,49.5938,17.2509,1.88,4.7
1746916172,50.226168,14.895298,11,50.0406,14.5567,31.75,44.2
2108088908,49.977855,12.707154,3,50.2327,12.8712,30.66,46.2
2516435788,50.024461,15.191239,7,50.0343,15.7704,41.38,51.1
3912155980,50.390771,17.002711,6,50.2104,15.8252,86.01,124.2
3556553292,50.078197,14.864236,11,50.0406,14.5567,22.35,35.3
4117828428,49.746687,13.3671,2,49.7384,13.3736,1.03,3.6
2455712588,50.263553,14.568215,10,50.088,14.4208,22.16,38.5
3867095884,49.219496,17.65665,9,49.2265,17.6625,0.89,2.5
3028456268,49.975817,12.700303,3,50.2327,12.8712,31.06,44.5
367780684,49.951907,14.035348,10,50.088,14.4208,31.42,37.3
3565228876,49.634618,14.638873,11,50.0406,14.5567,45.53,49.2
3586659148,50.491403,15.51946,6,50.2104,15.8252,38.04,49.8
1211634508,50.150187,16.810854,8,49.5938,17.2509,69.44,81.9
46113612,49.448827,17.457892,8,49.5938,17.2509,21.98,28.0
976417612,49.778883,13.365599,2,49.7384,13.3736,4.54,9.5
80900684,50.070845,16.012841,7,50.0343,15.7704,17.78,26.4
2803905100,50.177185,12.659614,3,50.2327,12.8712,16.27,16.4
752366412,50.774374,14.196072,4,50.6607,14.0328,17.09,27.0
1079850316,50.151063,14.089626,10,50.088,14.4208,24.63,40.2
373211980,49.479862,17.120746,8,49.5938,17.2509,15.77,16.3
1353192268,50.076583,14.089644,10,50.088,14.4208,23.66,33.5
2781979468,49.598857,17.236101,8,49.5938,17.2509,1.21,3.7
3013423948,49.745547,13.433002,2,49.7384,13.3736,4.34,10.3
3220706124,49.98938,14.645191,11,50.0406,14.5567,8.51,16.9
1549476684,49.750368,17.306819,8,49.5938,17.2509,17.87,27.1
1397232460,49.004348,16.610394,14,49.1951,16.6068,21.21,29.0
3629777484,48.766008,14.030572,1,48.9745,14.4743,39.88,51.9
3029017164,49.167283,16.610169,14,49.1951,16.6068,3.1,9.5
920830796,49.117807,16.334197,14,49.1951,16.6068,21.61,31.3
2341937996,50.187773,15.048115,11,50.0406,14.5567,38.67,47.5
2821858124,50.640768,13.846367,4,50.6607,14.0328,13.33,19.7
146682700,49.91177,16.616236,8,49.5938,17.2509,57.7,67.5
4217447244,50.791086,15.14246,5,50.7671,15.0562,6.63,15.5
3269960524,50.048784,15.75714,7,50.0343,15.7704,1.87,4.5
3691262796,50.632403,13.846882,4,50.6607,14.0328,13.48,16.3
251138892,49.788966,18.253279,12,49.8209,18.2625,3.61,8.3
3375022924,50.365301,14.468426,10,50.088,14.4208,31.02,42.2
2071466828,50.480269,13.424084,4,50.6607,14.0328,47.44,52.8
1751196492,50.791086,15.14246,5,50.7671,15.0562,6.63,15.5
4245099340,49.220772,16.633656,14,49.1951,16.6068,3.46,8.4
4031828812,50.680602,14.532155,4,50.6607,14.0328,35.26,56.5
587666252,50.423073,14.243049,4,50.6607,14.0328,30.31,33.4
1118503500,49.938638,14.020553,10,50.088,14.4208,33.07,35.3
408359756,50.56467,15.91875,6,50.2104,15.8252,39.95,48.0
2776556364,50.680602,14.532155,4,50.6607,14.0328,35.26,56.5
4143330124,49.267141,13.896707,1,48.9745,14.4743,53.16,60.6
2527642444,50.103126,14.477758,10,50.088,14.4208,4.4,9.8
2733806412,49.593155,17.252216,8,49.5938,17.2509,0.12,0.1
1336480588,50.198246,15.852841,6,50.2104,15.8252,2.39,5.6
2329264972,49.197522,16.658122,14,49.1951,16.6068,3.74,10.1
3654665036,49.197522,16.658122,14,49.1951,16.6068,3.74,10.1
509985612,49.375588,18.276016,9,49.2265,17.6625,47.47,74.9
413541196,50.642862,13.994491,4,50.6607,14.0328,3.35,6.9
26948428,49.452663,17.467725,8,49.5938,17.2509,22.16,28.4
3157730124,50.783337,14.177679,4,50.6607,14.0328,17.03,29.8
2161054540,49.165709,16.356062,14,49.1951,16.6068,18.52,27.2
1916134732,50.418577,12.981488,3,50.2327,12.8712,22.1,34.8
2855736140,50.223944,12.88442,3,50.2327,12.8712,1.35,4.0
2419864396,49.459374,17.447968,8,49.5938,17.2509,20.63,25.0
773948236,50.608899,15.505567,5,50.7671,15.0562,36.22,59.9
2637878092,49.474858,17.083047,8,49.5938,17.2509,17.93,22.5
3529970508,49.407705,14.654155,1,48.9745,14.4743,49.91,41.6
1669337932,49.863965,16.30958,7,50.0343,15.7704,42.98,52.0
4028707660,50.472175,13.402516,3,50.2327,12.8712,46.15,55.9
2303730508,50.7397,15.267429,5,50.7671,15.0562,15.17,26.4
1029116748,49.368083,16.649467,14,49.1951,16.6068,19.48,31.7
105321292,50.218632,12.890782,3,50.2327,12.8712,2.09,4.9
2473005900,49.464539,17.122462,8,49.5938,17.2509,17.1,19.0
2236031820,49.23008,16.589873,14,49.1951,16.6068,4.08,8.1
3278279500,49.842487,18.287325,12,49.8209,18.2625,2.99,8.1
2500268876,49.911954,16.609955,8,49.5938,17.2509,58.07,68.6
4165460812,50.234066,12.872235,3,50.2327,12.8712,0.17,0.8
1145508684,49.733,13.373823,2,49.7384,13.3736,0.6,1.8
2976322380,49.925595,14.762652,11,50.0406,14.5567,19.5,28.8
155132748,50.355955,13.78871,4,50.6607,14.0328,38.03,48.5
3183219532,49.961784,14.07235,10,50.088,14.4208,28.58,34.8
1193743180,49.16478,16.718592,14,49.1951,16.6068,8.8,16.6
2266510156,50.280486,12.171178,3,50.2327,12.8712,50.05,58.4
142021452,50.769433,14.203547,4,50.6607,14.0328,17.05,26.0
3718001484,48.8368,16.163374,14,49.1951,16.6068,51.31,52.8
1452282700,49.976878,16.407661,7,50.0343,15.7704,45.99,64.5
1407591244,49.238943,14.103664,1,48.9745,14.4743,39.91,48.1
1919325004,49.842487,18.287325,12,49.8209,18.2625,2.99,8.1
1798771532,49.90477,16.440448,7,50.0343,15.7704,50.04,65.7
2291087180,50.228336,12.871397,3,50.2327,12.8712,0.49,2.6
2275152460,49.311425,14.163198,1,48.9745,14.4743,43.77,49.4
3076068172,49.783769,14.401695,11,50.0406,14.5567,30.64,58.5
3523121996,48.978329,14.4433,1,48.9745,14.4743,2.3,6.2
1463821132,49.553063,18.340634,12,49.8209,18.2625,30.31,28.5
3838972748,50.610983,13.63826,4,50.6607,14.0328,28.37,35.4
3568309068,49.826903,18.163216,12,49.8209,18.2625,7.15,13.6
3602883404,49.212218,16.571973,14,49.1951,16.6068,3.17,6.8
959910732,50.083718,17.090109,8,49.5938,17.2509,55.68,71.0
992224076,50.161458,14.135164,10,50.088,14.4208,21.94,34.6
2064069452,48.801231,14.307776,1,48.9745,14.4743,22.79,29.5
2008818508,50.770851,14.214999,4,50.6607,14.0328,17.74,27.8
1073980236,48.737966,14.110538,1,48.9745,14.4743,37.42,43.2
287449932,50.239978,14.306981,10,50.088,14.4208,18.74,33.3
2553746252,49.76656,17.114288,8,49.5938,17.2509,21.58,29.7
399446860,49.827834,18.275333,12,49.8209,18.2625,1.2,3.7
1565987660,50.000554,14.154186,10,50.088,14.4208,21.38,30.8
1198986060,50.290853,14.823431,11,50.0406,14.5567,33.69,38.8
1508807500,48.978329,14.4433,1,48.9745,14.4743,2.3,6.2
410518092,49.192643,16.617063,14,49.1951,16.6068,0.79,5.0
743904076,50.187658,15.030185,11,50.0406,14.5567,37.51,47.6
1984111436,50.427492,14.903566,5,50.7671,15.0562,39.27,38.9
4102034252,50.135613,14.098384,10,50.088,14.4208,23.59,36.1
3460178764,50.509714,13.654883,4,50.6607,14.0328,31.52,37.5
2446730060,50.642862,13.994491,4,50.6607,14.0328,3.35,6.9
659587916,50.72864,15.171675,5,50.7671,15.0562,9.18,15.5
1470423884,50.043274,15.358385,7,50.0343,15.7704,29.44,37.9
110007116,50.411352,14.903184,5,50.7671,15.0562,41.01,38.0
988713804,48.978329,14.4433,1,48.9745,14.4743,2.3,6.2
3160683340,49.155106,16.886328,14,49.1951,16.6068,20.8,24.6
752165708,49.674127,13.982221,2,49.7384,13.3736,44.35,64.1
3814134604,50.778812,15.062426,5,50.7671,15.0562,1.37,3.7
943297356,50.402174,14.951968,5,50.7671,15.0562,41.24,36.5
436446028,48.737966,14.110538,1,48.9745,14.4743,37.42,43.2
729813836,49.267394,13.900575,1,48.9745,14.4743,52.95,61.1
2930774860,50.616143,15.606707,5,50.7671,15.0562,42.26,66.1
2170372684,50.003453,14.562307,11,50.0406,14.5567,4.15,10.1
2589397836,49.678642,18.336908,12,49.8209,18.2625,16.7,16.2
2121913164,50.082906,16.767171,8,49.5938,17.2509,64.51,69.7
3970437964,48.977899,14.435316,1,48.9745,14.4743,2.87,7.6
2440901452,49.115251,16.723336,14,49.1951,16.6068,12.27,20.7
1787695948,49.746453,13.322865,2,49.7384,13.3736,3.75,9.5
296100684,50.609533,13.629779,4,50.6607,14.0328,28.99,36.3
928453452,50.181302,14.66352,11,50.0406,14.5567,17.4,27.0
426513228,49.569695,17.252196,8,49.5938,17.2509,2.68,6.3
470000460,48.737966,14.110538,1,48.9745,14.4743,37.42,43.2
3802141516,49.939514,17.883646,12,49.8209,18.2625,30.18,38.9
3795260236,49.72169,13.375443,2,49.7384,13.3736,1.86,4.7
4149678924,50.313027,12.521382,3,50.2327,12.8712,26.42,38.9
1829970764,49.900964,16.444026,7,50.0343,15.7704,50.41,66.4
4222096204,48.977899,14.435316,1,48.9745,14.4743,2.87,7.6
3287819084,49.698401,14.887965,11,50.0406,14.5567,44.85,53.9
278926156,49.939514,17.883646,12,49.8209,18.2625,30.18,38.9
3469513548,50.563786,15.499743,5,50.7671,15.0562,38.58,61.1
212407116,49.218064,16.559868,14,49.1951,16.6068,4.26,8.3
726283084,49.411625,16.583829,14,49.1951,16.6068,24.13,28.1
2006070092,50.131788,14.232916,10,50.088,14.4208,14.26,26.5
4093125452,49.698401,14.887965,11,50.0406,14.5567,44.85,53.9
4240499532,50.22258,12.881132,3,50.2327,12.8712,1.33,5.1
1110905676,49.761963,13.386995,2,49.7384,13.3736,2.79,6.5
1389503308,50.535345,14.127528,4,50.6607,14.0328,15.46,28.1
3344372556,50.507923,13.635178,4,50.6607,14.0328,32.81,40.3
3185668684,50.42048,14.274698,4,50.6607,14.0328,31.71,35.3
630723404,48.977899,14.435316,1,48.9745,14.4743,2.87,7.6
3927118668,50.090732,14.29884,10,50.088,14.4208,8.71,19.1
3626115916,50.13509,14.118602,10,50.088,14.4208,22.18,34.2
155652940,49.187235,16.386057,14,49.1951,16.6068,16.07,21.2
2875659084,49.176217,16.678953,14,49.1951,16.6068,5.65,11.2
884478796,48.977899,14.435316,1,48.9745,14.4743,2.87,7.6
3011515212,49.788461,18.432636,12,49.8209,18.2625,12.73,19.4
3581940556,49.788461,18.432636,12,49.8209,18.2625,12.73,19.4
1738543948,49.939514,17.883646,12,49.8209,18.2625,30.18,38.9
3257340748,49.540695,16.582639,14,49.1951,16.6068,38.47,43.4
1299260236,50.166327,12.572651,3,50.2327,12.8712,22.5,24.1
860296012,50.687161,13.882076,4,50.6607,14.0328,11.02,17.4
4092130124,49.199767,16.61455,14,49.1951,16.6068,0.77,3.4
4169143116,49.857928,18.556032,12,49.8209,18.2625,21.45,33.4
589304652,50.66697,14.017064,4,50.6607,14.0328,1.31,2.8
2399216460,49.942764,17.03304,8,49.5938,17.2509,41.84,53.7
619189068,49.298672,16.540127,14,49.1951,16.6068,12.49,15.9
3815183180,49.905492,18.188352,12,49.8209,18.2625,10.8,21.2
965743436,49.964389,12.695839,3,50.2327,12.8712,32.35,46.1
1783173964,50.05266,15.75153,7,50.0343,15.7704,2.45,5.9
1928864588,50.221371,15.843138,6,50.2104,15.8252,1.77,3.7
3161920332,49.898755,14.499485,11,50.0406,14.5567,16.29,28.5
3227980620,49.875101,18.440073,12,49.8209,18.2625,14.09,26.6
2066297676,49.745959,13.322223,2,49.7384,13.3736,3.79,8.7
1495556684,50.770487,15.432582,5,50.7671,15.0562,26.47,49.8
713503564,49.791099,18.244164,12,49.8209,18.2625,3.57,7.5
3622892364,50.551757,13.790051,4,50.6607,14.0328,20.98,26.6
2633503564,50.739658,15.067958,5,50.7671,15.0562,3.16,7.1
1215505228,50.72222,15.167678,5,50.7671,15.0562,9.3,15.9
1862218572,49.849184,14.551071,11,50.0406,14.5567,21.29,38.7
1792394060,49.197522,16.658122,14,49.1951,16.6068,3.74,10.1
2759406412,50.046763,14.175326,10,50.088,14.4208,18.11,30.7
3853521740,50.426307,14.910907,5,50.7671,15.0562,39.26,37.4
2818052940,50.49929,13.638198,4,50.6607,14.0328,33.14,40.0
2335707980,50.530623,15.373408,5,50.7671,15.0562,34.52,43.5
4173644620,49.103051,16.514083,14,49.1951,16.6068,12.26,22.6
2971173708,49.375339,16.653259,14,49.1951,16.6068,20.32,33.2
1995969356,49.42421,14.64604,1,48.9745,14.4743,51.54,41.1
3174568780,49.436636,12.933293,2,49.7384,13.3736,46.19,58.8
1244451660,49.78795,18.233273,12,49.8209,18.2625,4.22,9.1
1118159692,49.579848,17.219361,8,49.5938,17.2509,2.75,5.7
2950021964,49.197522,16.658122,14,49.1951,16.6068,3.74,10.1
1702441804,50.046763,14.175326,10,50.088,14.4208,18.11,30.7
1956647756,50.217572,15.85493,6,50.2104,15.8252,2.26,4.2
449844044,49.939514,17.883646,12,49.8209,18.2625,30.18,38.9
3772707660,49.965887,14.072078,10,50.088,14.4208,28.37,33.9
147854156,49.939514,17.883646,12,49.8209,18.2625,30.18,38.9
3134198604,49.939514,17.883646,12,49.8209,18.2625,30.18,38.9
953160524,49.939514,17.883646,12,49.8209,18.2625,30.18,38.9
4174385996,50.683258,13.998466,4,50.6607,14.0328,3.49,5.9
248103756,50.152277,15.412992,7,50.0343,15.7704,28.67,32.7
1389368140,49.948151,16.161899,7,50.0343,15.7704,29.58,37.7
298173260,49.7902,18.233096,12,49.8209,18.2625,4.01,8.8
1374557004,49.787633,18.228643,12,49.8209,18.2625,4.43,9.9
2085241420,49.44147,14.370646,1,48.9745,14.4743,52.47,64.0
2400392012,50.227403,14.863686,11,50.0406,14.5567,30.17,44.8
1515270988,49.781889,18.258141,12,49.8209,18.2625,4.35,8.7
462828364,49.292566,13.142407,2,49.7384,13.3736,52.31,59.2
2998932300,49.736753,17.259514,8,49.5938,17.2509,15.91,25.4
4087817036,49.6186,18.6433,12,49.8209,18.2625,35.43,44.2
1491080012,49.768919,13.36755,2,49.7384,13.3736,3.42,7.6
916923212,49.6186,18.6433,12,49.8209,18.2625,35.43,44.2
4051817292,49.936014,14.030358,10,50.088,14.4208,32.62,37.9
3790279500,49.216047,16.574415,14,49.1951,16.6068,3.31,6.7
3261862732,49.824475,18.269556,12,49.8209,18.2625,0.64,3.5
770577228,49.781889,18.258141,12,49.8209,18.2625,4.35,8.7
2844730188,49.19561,16.609498,14,49.1951,16.6068,0.2,4.6
3655340876,50.616279,15.606549,5,50.7671,15.0562,42.24,66.1
1264325452,50.024385,15.185922,7,50.0343,15.7704,41.76,51.2
2307334988,49.85409,18.261637,12,49.8209,18.2625,3.69,9.8
2078282572,50.241113,12.832493,3,50.2327,12.8712,2.91,5.9
2128614220,50.616279,15.606549,5,50.7671,15.0562,42.24,66.1
1269900108,49.178113,16.539858,14,49.1951,16.6068,5.22,15.2
847717196,49.85409,18.261637,12,49.8209,18.2625,3.69,9.8
2077533004,49.178137,16.539705,14,49.1951,16.6068,5.23,15.2
57447244,49.178148,16.539732,14,49.1951,16.6068,5.23,15.2
188056396,49.178171,16.539877,14,49.1951,16.6068,5.22,15.2
1287426892,49.17812,16.539759,14,49.1951,16.6068,5.23,15.2
2806879052,49.178156,16.539729,14,49.1951,16.6068,5.23,15.2
656642892,49.178142,16.539893,14,49.1951,16.6068,5.22,15.2
1209017164,49.178041,16.539654,14,49.1951,16.6068,5.24,15.2
1631753036,49.178104,16.53978,14,49.1951,16.6068,5.22,15.2
1829557068,49.178139,16.539882,14,49.1951,16.6068,5.22,15.2
704496460,49.1755,16.525223,14,49.1951,16.6068,6.32,14.0
2493289292,49.177155,16.535309,14,49.1951,16.6068,5.57,13.3
2991821644,49.178183,16.539839,14,49.1951,16.6068,5.22,15.2
836768588,49.732688,13.401368,2,49.7384,13.3736,2.09,5.5
2246054732,49.675833,13.982483,2,49.7384,13.3736,44.33,63.4
1071096652,49.720413,13.37587,2,49.7384,13.3736,2.01,4.8
4057994060,49.843117,18.180269,12,49.8209,18.2625,6.39,12.2
376513356,50.499485,13.432074,4,50.6607,14.0328,46.05,54.0
3174961740,49.183015,16.492727,14,49.1951,16.6068,8.4,17.0
576795468,49.801332,12.638731,3,50.2327,12.8712,50.76,67.7
871580236,49.291168,16.221111,14,49.1951,16.6068,29.97,30.4
1723933516,50.037184,14.563857,11,50.0406,14.5567,0.64,1.7
947589964,49.801548,12.643703,3,50.2327,12.8712,50.62,68.5
1725961036,49.742471,13.326832,2,49.7384,13.3736,3.39,7.7
239280972,50.133927,14.141323,10,50.088,14.4208,20.57,35.8
1505960780,49.756454,13.27269,2,49.7384,13.3736,7.52,14.1
3988448076,50.077411,14.472054,10,50.088,14.4208,3.84,12.1
3535999820,50.434407,14.887792,5,50.7671,15.0562,38.86,41.0
2011468364,49.957083,14.044307,10,50.088,14.4208,30.58,35.3
3498763084,50.077411,14.472054,10,50.088,14.4208,3.84,12.1
3569554252,50.024157,15.770613,7,50.0343,15.7704,1.13,3.0
3508806476,50.059693,14.498225,11,50.0406,14.5567,4.68,11.4
2697139020,50.434407,14.887792,5,50.7671,15.0562,38.86,41.0
3032683340,50.434407,14.887792,5,50.7671,15.0562,38.86,41.0
2120557388,49.7415,13.39391,2,49.7384,13.3736,1.5,4.3
2566067020,50.579355,16.329518,6,50.2104,15.8252,54.42,78.9
633541452,49.027118,17.649271,9,49.2265,17.6625,22.19,34.0
2347963212,50.027637,14.419114,10,50.088,14.4208,6.71,16.7
3883070284,50.641551,15.608983,5,50.7671,15.0562,41.36,66.6
2151928652,50.161628,14.135324,10,50.088,14.4208,21.94,34.6
4092793676,50.328834,13.54059,3,50.2327,12.8712,48.75,64.9
1441272652,50.105269,14.562911,11,50.0406,14.5567,7.2,17.7
2898166604,48.639594,14.226995,1,48.9745,14.4743,41.41,57.9
836883276,50.161614,14.135625,10,50.088,14.4208,21.92,34.5
1644401484,49.951465,12.705732,3,50.2327,12.8712,33.43,48.2
4287832908,50.132442,14.508632,10,50.088,14.4208,7.98,17.1
2112500556,50.030185,14.361911,10,50.088,14.4208,7.68,18.6
475583308,50.233851,12.858717,3,50.2327,12.8712,0.9,1.6
427999820,50.237753,12.864752,3,50.2327,12.8712,0.73,2.9
1044366156,49.827029,18.271353,12,49.8209,18.2625,0.93,3.5
160776780,50.308641,12.945702,3,50.2327,12.8712,9.97,13.6
78602828,50.087686,12.381127,3,50.2327,12.8712,38.45,31.5
434312012,49.591482,18.359607,12,49.8209,18.2625,26.45,24.5
3264533324,50.235,12.189344,3,50.2327,12.8712,48.5,52.3
53728076,50.024855,15.77341,7,50.0343,15.7704,1.07,2.8
1323504460,50.030688,14.361439,10,50.088,14.4208,7.65,19.2
2133668684,49.211876,16.598995,14,49.1951,16.6068,1.95,5.1
718459468,50.401936,12.973761,3,50.2327,12.8712,20.18,30.9
77779532,50.401936,12.973761,3,50.2327,12.8712,20.18,30.9
3457356620,48.976199,14.485855,1,48.9745,14.4743,0.86,3.3
3094336332,49.577879,17.254899,8,49.5938,17.2509,1.79,4.2
3401765708,49.451077,17.447359,8,49.5938,17.2509,21.28,25.5
1459725132,49.172651,16.68472,14,49.1951,16.6068,6.19,12.7
3426227020,49.465132,17.122256,8,49.5938,17.2509,17.06,19.2
4093674316,49.759183,16.47336,8,49.5938,17.2509,58.89,58.3
2832393036,50.104896,14.458312,10,50.088,14.4208,3.27,8.9
969069388,49.45108,17.44736,8,49.5938,17.2509,21.28,25.5
2618495820,48.638739,14.229591,1,48.9745,14.4743,41.41,59.4
1209783116,50.613351,15.706454,6,50.2104,15.8252,45.59,68.7
33518156,50.594943,15.588545,5,50.7671,15.0562,42.11,66.8
247010124,50.200836,15.994291,6,50.2104,15.8252,12.08,18.0
2903708492,50.090732,14.29884,10,50.088,14.4208,8.71,19.1
3035587148,49.896652,14.492752,11,50.0406,14.5567,16.65,27.5
590029644,50.2349,14.860265,11,50.0406,14.5567,30.58,44.0
2016940876,50.530623,15.373408,5,50.7671,15.0562,34.52,43.5
1484264268,50.206705,15.817828,6,50.2104,15.8252,0.67,1.9
2643141452,49.218688,16.615617,14,49.1951,16.6068,2.7,6.1
1645417292,50.594886,15.588529,5,50.7671,15.0562,42.11,66.9
637150028,50.10156,14.569568,11,50.0406,14.5567,6.84,18.5
3402179404,50.048479,14.302255,10,50.088,14.4208,9.53,21.9
2543240012,49.748649,13.415605,2,49.7384,13.3736,3.23,7.9
663737164,49.364111,16.644466,14,49.1951,16.6068,18.99,30.6
2524123980,50.634641,15.7174,6,50.2104,15.8252,47.79,67.0
2372080460,49.219055,16.578244,14,49.1951,16.6068,3.38,7.7
1823200076,50.036428,15.766168,7,50.0343,15.7704,0.38,1.1
1456526156,49.781432,13.511061,2,49.7384,13.3736,10.97,19.8
2483229516,50.053755,14.481676,11,50.0406,14.5567,5.55,14.0
3658408780,50.119326,14.507049,10,50.088,14.4208,7.07,15.3
151528268,50.101852,14.486118,10,50.088,14.4208,4.91,11.9
3648852812,49.569695,17.252196,8,49.5938,17.2509,2.68,6.3
2940347212,50.042404,14.327124,10,50.088,14.4208,8.39,19.6
1557824332,49.636442,17.986926,12,49.8209,18.2625,28.51,31.7
4276359756,49.237413,16.527327,14,49.1951,16.6068,7.45,13.9
3814245196,49.048931,16.311695,14,49.1951,16.6068,26.93,40.6
2899190604,49.772126,13.371873,2,49.7384,13.3736,3.75,8.4
422880076,50.233263,17.206581,8,49.5938,17.2509,71.18,104.5
3663246156,48.677134,14.115103,1,48.9745,14.4743,42.25,52.6
4126671436,50.088987,14.425909,10,50.088,14.4208,0.38,2.6
1828918092,49.850006,18.556176,12,49.8209,18.2625,21.31,33.8
21640012,50.068589,14.311677,10,50.088,14.4208,8.08,18.6
2352157516,50.106086,14.709976,11,50.0406,14.5567,13.14,28.1
2411537228,50.085295,14.553416,11,50.0406,14.5567,4.98,16.2
806556492,50.453849,14.372279,4,50.6607,14.0328,33.23,50.8
2491405132,50.273026,17.253726,8,49.5938,17.2509,75.53,113.6
2913576012,49.237413,16.527327,14,49.1951,16.6068,7.45,13.9
3688718924,50.781265,15.420634,5,50.7671,15.0562,25.67,46.5
108663628,49.198929,16.618198,14,49.1951,16.6068,0.93,4.3
264897100,48.752274,14.063663,1,48.9745,14.4743,38.9,47.9
3579839052,50.671137,15.727166,5,50.7671,15.0562,48.43,106.7
733885260,49.7564,13.423523,2,49.7384,13.3736,4.11,9.4
4110619468,50.102325,14.530171,11,50.0406,14.5567,7.12,15.8
3694306124,50.06338,14.475249,10,50.088,14.4208,4.75,14.7
355410764,49.772746,18.248627,12,49.8209,18.2625,5.45,10.8
933921612,50.118023,17.383634,8,49.5938,17.2509,59.06,83.7
2822968140,49.998778,15.950553,7,50.0343,15.7704,13.46,22.9
5583692,50.118818,14.50803,10,50.088,14.4208,7.1,14.8
2113807180,50.627873,13.690908,4,50.6607,14.0328,24.38,31.2
873251660,50.737009,15.295302,5,50.7671,15.0562,17.15,31.2
62464844,50.636576,13.813555,4,50.6607,14.0328,15.69,18.2
3476230988,49.822966,18.174302,12,49.8209,18.2625,6.33,12.7
2252612428,48.965997,16.606604,14,49.1951,16.6068,25.48,32.7
2759844428,49.204191,16.630672,14,49.1951,16.6068,2.01,5.9
654517068,50.082699,14.574045,11,50.0406,14.5567,4.84,13.1
2066944844,49.181037,16.589786,14,49.1951,16.6068,1.99,5.7
1293652812,50.054723,14.398905,10,50.088,14.4208,4.02,14.2
3056800588,50.142012,14.434709,10,50.088,14.4208,6.09,18.2
1215083340,50.239064,17.209852,8,49.5938,17.2509,71.81,106.2
3606369100,49.196975,16.591466,14,49.1951,16.6068,1.13,3.0
2634814284,50.033788,14.53282,11,50.0406,14.5567,1.87,5.4
3470529356,50.066563,14.73493,11,50.0406,14.5567,13.05,25.4
2013467468,50.044167,14.551715,11,50.0406,14.5567,0.53,4.4
2619937612,50.075456,14.438059,10,50.088,14.4208,1.86,8.7
2656580428,49.597296,17.26509,8,49.5938,17.2509,1.09,4.0
3961721676,49.780613,13.257458,2,49.7384,13.3736,9.57,17.1
3685229388,50.110654,13.758623,10,50.088,14.4208,47.3,51.4
372912972,50.678328,13.792594,4,50.6607,14.0328,17.04,24.7
757723724,49.671086,15.400202,13,49.3961,15.5904,33.52,44.7
2506498892,50.275555,14.507493,10,50.088,14.4208,21.75,32.3
53027660,50.078775,14.455454,10,50.088,14.4208,2.68,9.7
638784332,50.749106,15.066511,5,50.7671,15.0562,2.13,6.9
2773873484,49.451289,16.533071,14,49.1951,16.6068,28.98,34.3
620507980,49.972942,16.404567,7,50.0343,15.7704,45.83,64.9
248628044,50.198348,15.843795,6,50.2104,15.8252,1.88,6.0
3372598092,50.076362,14.430333,10,50.088,14.4208,1.46,7.2
3837125452,49.520596,14.479244,11,50.0406,14.5567,58.09,74.0
1733497676,49.832548,18.250016,12,49.8209,18.2625,1.57,3.5
242422604,50.777326,15.413843,5,50.7671,15.0562,25.18,45.2
638260044,49.595025,17.240225,8,49.5938,17.2509,0.78,2.4
3246540108,49.211108,15.983367,13,49.3961,15.5904,35.14,45.6
1853432652,49.141208,13.22975,2,49.7384,13.3736,67.21,78.7
842453836,50.035633,15.417551,7,50.0343,15.7704,25.2,32.2
2125013836,50.195829,15.840609,6,50.2104,15.8252,1.96,6.3
3575526220,49.800444,18.242105,12,49.8209,18.2625,2.7,5.9
706941772,50.136664,14.504957,10,50.088,14.4208,8.08,16.1
2670367564,49.209057,16.627142,14,49.1951,16.6068,2.14,5.9
4031325004,49.141208,13.22975,2,49.7384,13.3736,67.21,78.7
2952991564,50.090968,14.329552,10,50.088,14.4208,6.52,15.8
1206309708,50.092677,14.458364,10,50.088,14.4208,2.73,8.3
1900548940,50.640801,13.830291,4,50.6607,14.0328,14.45,18.9
2284000076,50.628703,15.611663,5,50.7671,15.0562,42.04,67.7
288695116,50.112833,17.379763,8,49.5938,17.2509,58.45,85.0
977965644,49.631134,17.339784,8,49.5938,17.2509,7.63,16.0
598262604,48.72166,14.095385,1,48.9745,14.4743,39.49,45.7
2867057484,50.161628,14.135324,10,50.088,14.4208,21.94,34.6
892789580,48.642376,14.221028,1,48.9745,14.4743,41.33,58.8
3732480844,49.141208,13.22975,2,49.7384,13.3736,67.21,78.7
1459278668,50.756102,14.185639,4,50.6607,14.0328,15.11,23.2
1698210636,50.779798,15.419054,5,50.7671,15.0562,25.55,46.1
4223210316,50.640801,13.830291,4,50.6607,14.0328,14.45,18.9
3481375564,49.209057,16.627142,14,49.1951,16.6068,2.14,5.9
1514197836,50.138621,14.426516,10,50.088,14.4208,5.64,17.4
3878155084,49.724025,17.298711,8,49.5938,17.2509,14.88,22.3
2764575564,50.041432,14.555253,11,50.0406,14.5567,0.14,1.4
3939971916,50.087143,14.451851,10,50.088,14.4208,2.22,7.6
3072832332,50.062737,14.45005,10,50.088,14.4208,3.5,10.8
122233676,49.912435,12.802095,3,50.2327,12.8712,35.95,60.5
641016652,50.112833,17.379763,8,49.5938,17.2509,58.45,85.0
1293497164,50.085363,14.447667,10,50.088,14.4208,1.94,7.6
3059356492,49.229559,17.68485,9,49.2265,17.6625,1.66,5.3
1078326092,49.104036,13.377866,2,49.7384,13.3736,70.54,91.5
555488076,50.675298,14.107032,4,50.6607,14.0328,5.48,9.3
4164096844,50.657049,13.840648,4,50.6607,14.0328,13.55,19.8
1785627468,49.73936,13.366897,2,49.7384,13.3736,0.49,1.9
1956041548,49.59057,18.359749,12,49.8209,18.2625,26.55,24.6
1483023180,49.402548,15.589024,13,49.3961,15.5904,0.72,2.4
1078137676,50.067869,14.339086,10,50.088,14.4208,6.25,15.7
1501111116,49.141208,13.22975,2,49.7384,13.3736,67.21,78.7
2385937228,49.743189,16.926152,8,49.5938,17.2509,28.67,25.7
2017486156,50.02847,14.360102,10,50.088,14.4208,7.91,18.7
1164448588,50.640801,13.830291,4,50.6607,14.0328,14.45,18.9
1112740684,49.775173,18.254326,12,49.8209,18.2625,5.12,11.0
3315700556,49.209057,16.627142,14,49.1951,16.6068,2.14,5.9
1030951756,50.251512,14.519397,10,50.088,14.4208,19.49,29.8
1447760716,49.73252,13.423596,2,49.7384,13.3736,3.65,8.8
158933836,49.141208,13.22975,2,49.7384,13.3736,67.21,78.7
3998937932,49.210743,16.500177,14,49.1951,16.6068,7.94,17.4
2485461836,50.752483,15.077291,5,50.7671,15.0562,2.2,7.1
147112780,50.13668,14.132456,10,50.088,14.4208,21.26,34.2
2018710348,50.073609,14.434263,10,50.088,14.4208,1.87,8.3
3238990668,50.076942,14.506286,11,50.0406,14.5567,5.41,12.6
2875577164,49.783764,18.443537,12,49.8209,18.2625,13.63,20.6
2474754892,50.298537,17.321546,8,49.5938,17.2509,78.53,112.6
1685263180,50.140395,13.430665,3,50.2327,12.8712,41.13,41.6
1006834508,50.586191,15.885474,6,50.2104,15.8252,42.0,50.1
2729259852,50.764224,14.240827,4,50.6607,14.0328,18.63,30.9
25727820,50.03793,14.430023,10,50.088,14.4208,5.61,15.1
199742284,50.675621,14.054826,4,50.6607,14.0328,2.27,7.7
2284528460,50.187047,15.029248,11,50.0406,14.5567,37.42,48.1
474157900,50.067238,15.706473,7,50.0343,15.7704,5.85,11.4
2188579660,50.777326,15.413843,5,50.7671,15.0562,25.18,45.2
2152403788,49.73252,13.423596,2,49.7384,13.3736,3.65,8.8
1264104268,48.677134,14.115103,1,48.9745,14.4743,42.25,52.6
263131980,49.404386,15.59811,13,49.3961,15.5904,1.08,4.1
1666904908,49.210743,16.500177,14,49.1951,16.6068,7.94,17.4
3634545484,50.061142,14.451582,10,50.088,14.4208,3.71,11.3
478745420,50.640801,13.830291,4,50.6607,14.0328,14.45,18.9
2152928076,49.775255,18.253424,12,49.8209,18.2625,5.12,10.8
1682752332,50.161628,14.135324,10,50.088,14.4208,21.94,34.6
824963916,50.634596,15.717781,6,50.2104,15.8252,47.78,66.7
182981452,49.171185,16.567685,14,49.1951,16.6068,3.89,10.9
1266160460,49.380385,13.935837,2,49.7384,13.3736,56.83,69.6
193434444,49.318555,17.477571,9,49.2265,17.6625,16.88,24.7
3134571340,49.197522,16.658122,14,49.1951,16.6068,3.74,10.1
148095820,49.237786,17.666647,9,49.2265,17.6625,1.29,4.5
2601067340,49.877057,18.434739,12,49.8209,18.2625,13.84,27.8
2967999308,50.042333,15.753875,7,50.0343,15.7704,1.48,4.0
3440911180,50.48017,13.424641,4,50.6607,14.0328,47.41,52.7
3147936588,49.465971,17.083988,8,49.5938,17.2509,18.63,22.9
3673998156,49.189349,16.644589,14,49.1951,16.6068,2.82,8.0
450216780,49.197522,16.658122,14,49.1951,16.6068,3.74,10.1
2219172684,49.21615,16.598168,14,49.1951,16.6068,2.42,5.5
842806092,49.756691,13.381234,2,49.7384,13.3736,2.11,5.3
3940958796,49.571775,17.252352,8,49.5938,17.2509,2.45,6.4
1053217356,50.763095,15.039489,5,50.7671,15.0562,1.26,5.9
3080250188,49.940143,17.898815,12,49.8209,18.2625,29.24,36.5
2077606732,49.197522,16.658122,14,49.1951,16.6068,3.74,10.1
75051852,50.046763,14.175326,10,50.088,14.4208,18.11,30.7
2019758924,49.312029,14.151809,1,48.9745,14.4743,44.26,50.2
1213125452,49.734666,13.594561,2,49.7384,13.3736,15.88,21.8
3659981644,48.642469,14.220074,1,48.9745,14.4743,41.35,58.6
280568652,50.083042,14.486808,10,50.088,14.4208,4.74,13.7
586601292,49.901491,16.440528,7,50.0343,15.7704,50.15,65.4
1072202572,48.829908,16.402708,14,49.1951,16.6068,43.25,43.6
2771399500,49.462,18.122786,12,49.8209,18.2625,41.16,57.5
3734250316,50.039599,14.569008,11,50.0406,14.5567,0.89,3.2
2918568780,50.074904,17.300536,8,49.5938,17.2509,53.61,73.1
1724388172,49.832671,16.033135,7,50.0343,15.7704,29.26,38.7
3019776844,50.127303,14.501482,10,50.088,14.4208,7.23,15.4
1103172428,48.756538,16.881286,14,49.1951,16.6068,52.72,46.9
936190796,49.619493,18.137274,12,49.8209,18.2625,24.14,31.0
3169915724,49.948114,14.677445,11,50.0406,14.5567,13.43,18.6
1146233676,50.694829,14.546096,4,50.6607,14.0328,36.37,57.2
1083970380,50.133309,14.505231,10,50.088,14.4208,7.85,17.1
1516835660,50.080792,14.260256,10,50.088,14.4208,11.48,22.2
2965115724,50.170123,14.53789,10,50.088,14.4208,12.37,23.3
315130700,49.849105,18.276102,12,49.8209,18.2625,3.28,8.0
2540966732,48.980086,14.499787,1,48.9745,14.4743,1.96,4.9
379327308,49.856664,18.561919,12,49.8209,18.2625,21.84,34.8
3768201804,48.637513,14.226006,1,48.9745,14.4743,41.65,57.7
2495353676,50.697601,14.813458,5,50.7671,15.0562,18.75,40.5
4246594380,49.747226,13.359644,2,49.7384,13.3736,1.4,5.0
2883326796,49.774465,18.244671,12,49.8209,18.2625,5.32,9.3
1455493964,48.853157,17.122988,14,49.1951,16.6068,53.5,55.3
3304784716,50.03278,14.540366,11,50.0406,14.5567,1.45,4.2
77337420,50.023934,15.186723,7,50.0343,15.7704,41.71,51.4
344724300,50.060254,14.42788,10,50.088,14.4208,3.13,11.0
3003130700,50.033724,14.53434,11,50.0406,14.5567,1.77,5.5
1037833036,50.725139,15.214649,5,50.7671,15.0562,12.09,21.5
953078604,49.95584,14.044731,10,50.088,14.4208,30.62,35.8
1307644748,49.530319,16.753941,8,49.5938,17.2509,36.53,57.7
1573331788,49.242851,17.667813,9,49.2265,17.6625,1.86,6.2
2839159628,50.065391,14.363627,10,50.088,14.4208,4.79,15.3
1686901580,49.868613,18.556581,12,49.8209,18.2625,21.74,34.8
901518156,50.234987,14.077728,10,50.088,14.4208,29.4,39.4
4151608140,49.975077,16.390359,7,50.0343,15.7704,44.79,62.9
1841369932,50.170897,13.482459,3,50.2327,12.8712,44.05,47.4
1827287884,49.342075,16.432753,14,49.1951,16.6068,20.65,27.6
2475209548,50.774176,15.067473,5,50.7671,15.0562,1.12,3.6
3298431820,49.57674,17.230112,8,49.5938,17.2509,2.42,4.7
2829849420,49.616108,15.576859,13,49.3961,15.5904,24.48,27.7
2464097100,50.738727,15.240588,5,50.7671,15.0562,13.35,22.8
3795223372,49.72973,13.401726,2,49.7384,13.3736,2.24,6.1
1759146572,50.757739,15.105729,5,50.7671,15.0562,3.64,7.2
3944420172,50.043979,14.564109,11,50.0406,14.5567,0.65,2.7
646714188,49.79356,18.398331,12,49.8209,18.2625,10.21,16.0
4172026700,49.602715,15.582156,13,49.3961,15.5904,22.98,25.2
3873182540,49.227309,14.427034,1,48.9745,14.4743,28.32,36.0
3334542156,48.750971,16.862561,14,49.1951,16.6068,52.8,48.3
2625704780,49.634618,14.638873,11,50.0406,14.5567,45.53,49.2
1171206988,49.030856,17.657173,9,49.2265,17.6625,21.76,34.0
2154517068,50.72864,15.171675,5,50.7671,15.0562,9.18,15.5
1085879116,50.037567,15.787009,7,50.0343,15.7704,1.24,3.7
4226536268,50.651295,13.844182,4,50.6607,14.0328,13.34,19.0
684376908,49.479735,17.815427,9,49.2265,17.6625,30.26,54.6
3611824972,50.767732,14.192186,4,50.6607,14.0328,16.36,26.1
1733083724,49.350803,18.251803,9,49.2265,17.6625,44.92,67.9
409326412,50.037844,14.342818,10,50.088,14.4208,7.88,20.3
680956748,49.580373,17.288999,8,49.5938,17.2509,3.13,6.6
987611980,49.206199,16.553715,14,49.1951,16.6068,4.05,11.2
2354328396,50.241257,12.878789,3,50.2327,12.8712,1.09,4.6
95757132,49.29709,17.392692,9,49.2265,17.6625,21.09,31.6
4220261196,49.041088,16.488782,14,49.1951,16.6068,19.16,30.3
699847500,50.099082,14.403458,10,50.088,14.4208,1.75,7.1
4159542092,50.484399,15.510922,6,50.2104,15.8252,37.76,48.9
872166220,49.594716,18.360427,12,49.8209,18.2625,26.12,24.2
4041282380,49.582122,17.255695,8,49.5938,17.2509,1.34,3.3
1996559180,50.238639,12.751559,3,50.2327,12.8712,8.53,13.0
1527038796,49.732811,13.37122,2,49.7384,13.3736,0.64,2.2
2525569868,49.734499,13.372012,2,49.7384,13.3736,0.45,2.0
3651933004,50.216303,13.310954,3,50.2327,12.8712,31.34,46.6
1821692748,49.809684,18.241035,12,49.8209,18.2625,1.98,7.0
1206981452,49.263702,13.908367,1,48.9745,14.4743,52.25,58.5
183771980,49.222975,17.675546,9,49.2265,17.6625,1.03,3.1
2169430860,49.225831,15.878402,13,49.3961,15.5904,28.18,40.0
4190946124,50.075475,14.649672,11,50.0406,14.5567,7.69,18.0
2932265548,50.763095,15.039489,5,50.7671,15.0562,1.26,5.9
2772644684,50.096523,17.681306,12,49.8209,18.2625,51.65,61.4
888443724,49.799787,18.419396,12,49.8209,18.2625,11.5,18.7
992076,49.523582,14.541822,11,50.0406,14.5567,57.5,71.7
1228493388,50.439125,13.015668,3,50.2327,12.8712,25.14,37.0
3170890572,50.125936,14.433245,10,50.088,14.4208,4.31,15.9
626602828,50.069824,14.408005,10,50.088,14.4208,2.22,7.2
201028172,49.856009,14.557355,11,50.0406,14.5567,20.53,37.9
3667661644,50.236341,12.839392,3,50.2327,12.8712,2.3,5.4
2124157772,49.304639,16.532584,14,49.1951,16.6068,13.32,18.2
2728006476,50.830115,15.053749,5,50.7671,15.0562,7.01,14.4
814486348,50.586702,15.887431,6,50.2104,15.8252,42.07,50.6
1770427212,50.68993,14.548625,4,50.6607,14.0328,36.49,57.2
3064730444,48.75756,16.852247,14,49.1951,16.6068,51.85,49.8
2649822028,49.530319,16.753941,8,49.5938,17.2509,36.53,57.7
3828904524,50.164078,15.095441,11,50.0406,14.5567,40.8,45.4
4034143052,50.769996,15.058448,5,50.7671,15.0562,0.36,1.9
4003205964,49.782982,18.256638,12,49.8209,18.2625,4.24,10.1
373633612,49.530491,12.928886,2,49.7384,13.3736,39.5,48.5
1216783180,50.301166,15.178729,6,50.2104,15.8252,47.06,60.4
1549005644,50.773226,15.066024,5,50.7671,15.0562,0.97,3.4
2803147596,49.209057,16.627142,14,49.1951,16.6068,2.14,5.9
1928799052,49.69308,18.348477,12,49.8209,18.2625,15.5,19.0
3253801804,50.558694,13.77649,4,50.6607,14.0328,21.35,25.3
2491009628,50.074904,17.300536,8,49.5938,17.2509,53.61,73.1
3126375244,48.677134,14.115103,1,48.9745,14.4743,42.25,52.6
1107702604,50.668968,14.066886,4,50.6607,14.0328,2.57,5.4
1604793164,49.732254,13.416596,2,49.7384,13.3736,3.16,7.5
2439435084,50.595681,13.607801,4,50.6607,14.0328,30.84,39.1
4110091084,50.058281,14.410919,10,50.088,14.4208,3.38,8.8
4027523916,49.523582,14.541822,11,50.0406,14.5567,57.5,71.7
3639350092,50.215102,15.84198,6,50.2104,15.8252,1.3,2.5
3609076556,49.808061,18.240508,12,49.8209,18.2625,2.13,6.9
1541149516,48.981219,14.48223,1,48.9745,14.4743,0.95,4.4
1599701836,48.829908,16.402708,14,49.1951,16.6068,43.25,43.6
600056652,50.307812,12.953448,3,50.2327,12.8712,10.19,14.4
3675329356,50.764941,15.036698,5,50.7671,15.0562,1.39,6.2
1746412364,50.241296,12.840493,3,50.2327,12.8712,2.38,5.5
2023309900,48.669369,14.16723,1,48.9745,14.4743,40.7,51.6
363598668,50.608222,13.742612,4,50.6607,14.0328,21.28,27.5
643351372,49.826926,18.186976,12,49.8209,18.2625,5.46,9.7
3161707340,49.471141,17.11148,8,49.5938,17.2509,16.95,19.5
1593905996,49.606822,18.1407,12,49.8209,18.2625,25.36,34.1
2164122444,50.714329,15.581886,5,50.7671,15.0562,37.45,76.8
3277267788,50.031135,14.370996,10,50.088,14.4208,7.25,17.1
3392525132,50.079524,14.424125,10,50.088,14.4208,0.97,6.9
2844693324,50.402336,14.956994,5,50.7671,15.0562,41.16,36.7
1111106380,50.215128,15.856191,6,50.2104,15.8252,2.27,4.3
639312716,50.063899,14.452855,10,50.088,14.4208,3.52,10.8
3819770700,50.238622,12.744274,3,50.2327,12.8712,9.05,12.8
201687628,49.100073,17.759624,9,49.2265,17.6625,15.73,29.3
1446515532,50.450273,14.376575,4,50.6607,14.0328,33.72,50.8
1984639820,48.669922,14.647651,1,48.9745,14.4743,36.17,47.2
2398397260,50.777522,14.634672,5,50.7671,15.0562,29.66,34.2
191443788,50.046763,14.175326,10,50.088,14.4208,18.11,30.7
854659916,50.475184,13.412289,3,50.2327,12.8712,46.91,55.5
3304133452,50.498404,13.433555,4,50.6607,14.0328,46.0,53.4
1094185804,49.598928,17.224187,8,49.5938,17.2509,2.01,5.1
774378316,49.443843,14.368802,1,48.9745,14.4743,52.75,64.0
428680012,49.7461,13.318915,2,49.7384,13.3736,4.02,9.9
1859822412,50.22242,17.210237,8,49.5938,17.2509,69.96,103.2
2614993740,50.134835,14.113694,10,50.088,14.4208,22.51,34.7
2880938828,50.738492,15.292937,5,50.7671,15.0562,16.96,30.1
3974173516,50.083434,12.775012,3,50.2327,12.8712,17.96,32.9
458572364,50.34604,12.826772,3,50.2327,12.8712,12.99,23.4
3034649420,50.482535,13.427971,4,50.6607,14.0328,47.08,52.6
2136293964,50.34604,12.826772,3,50.2327,12.8712,12.99,23.4
2195788620,49.916776,17.868994,12,49.8209,18.2625,30.15,36.6
2371174988,50.34604,12.826772,3,50.2327,12.8712,12.99,23.4
1722446412,50.757739,15.105729,5,50.7671,15.0562,3.64,7.2
1977684812,50.147971,13.906456,10,50.088,14.4208,37.27,40.4
3373339468,50.636271,13.806252,4,50.6607,14.0328,16.2,19.6
2450592588,48.938058,16.732033,14,49.1951,16.6068,30.0,28.5
1860809548,49.433372,15.230092,13,49.3961,15.5904,26.39,30.9
303416140,49.414412,14.657801,1,48.9745,14.4743,50.7,42.5
525214540,50.729987,15.263366,5,50.7671,15.0562,15.15,26.0
2936083276,50.186596,15.827266,6,50.2104,15.8252,2.65,6.7
2570130252,50.235585,12.851354,3,50.2327,12.8712,1.45,3.4
1340520012,49.201508,16.623514,14,49.1951,16.6068,1.41,5.3
3304592972,49.201508,16.623514,14,49.1951,16.6068,1.41,5.3
3667808844,49.226291,16.601468,14,49.1951,16.6068,3.49,7.9
352686668,50.031335,15.199871,7,50.0343,15.7704,40.75,48.6
741413708,49.227346,14.431011,1,48.9745,14.4743,28.29,36.4
2376931932,49.274566,16.593901,14,49.1951,16.6068,8.89,15.7
148073052,49.274566,16.593901,14,49.1951,16.6068,8.89,15.7
3895715148,49.201508,16.623514,14,49.1951,16.6068,1.41,5.3
3204502092,49.223682,16.611785,14,49.1951,16.6068,3.2,7.9
2937115212,49.226291,16.601468,14,49.1951,16.6068,3.49,7.9
150386252,49.201508,16.623514,14,49.1951,16.6068,1.41,5.3
1146308172,49.201508,16.623514,14,49.1951,16.6068,1.41,5.3
2454905676,49.3411,16.432048,14,49.1951,16.6068,20.6,27.2
3855561548,49.971837,16.95916,8,49.5938,17.2509,46.97,49.5
187487052,49.593191,17.269896,8,49.5938,17.2509,1.37,5.2
2459288396,49.002045,16.615141,14,49.1951,16.6068,21.48,29.9
3858248268,49.226291,16.601468,14,49.1951,16.6068,3.49,7.9
2814591564,49.963037,16.984929,8,49.5938,17.2509,45.28,48.0
3501482572,49.206613,16.630879,14,49.1951,16.6068,2.17,6.9
1338593868,49.212487,16.631307,14,49.1951,16.6068,2.63,7.2
1928721228,49.3411,16.432048,14,49.1951,16.6068,20.6,27.2
3212071500,49.212487,16.631307,14,49.1951,16.6068,2.63,7.2
2535097164,49.200139,16.633185,14,49.1951,16.6068,2.0,7.0
322880332,49.216966,16.496241,14,49.1951,16.6068,8.39,18.9
868078412,49.200139,16.633185,14,49.1951,16.6068,2.0,7.0
3888362316,49.19123,16.577519,14,49.1951,16.6068,2.17,5.3
4022195020,50.686159,13.881589,4,50.6607,14.0328,11.03,17.0
110093132,49.170846,16.570106,14,49.1951,16.6068,3.79,9.9
4259193676,48.902882,16.549571,14,49.1951,16.6068,32.76,33.2
4029748044,48.842493,16.056925,14,49.1951,16.6068,56.08,58.8
67769164,49.298158,17.402648,9,49.2265,17.6625,20.47,30.6
3008836428,49.176158,16.638013,14,49.1951,16.6068,3.1,9.2
1297560396,49.176158,16.638013,14,49.1951,16.6068,3.1,9.2
3001623372,49.189954,16.537701,14,49.1951,16.6068,5.05,12.4
1456653132,49.219639,16.526122,14,49.1951,16.6068,6.46,14.1
642462540,49.461145,14.485451,1,48.9745,14.4743,54.12,56.4
2552599116,50.031335,15.199871,7,50.0343,15.7704,40.75,48.6
3425014348,50.031335,15.199871,7,50.0343,15.7704,40.75,48.6
2038244172,50.411954,14.918127,5,50.7671,15.0562,40.68,35.9
1244815948,50.031329,15.199716,7,50.0343,15.7704,40.76,48.6
2525483852,50.12472,12.522367,3,50.2327,12.8712,27.59,26.0
3559985996,50.434407,14.887792,5,50.7671,15.0562,38.86,41.0
3851105100,50.077325,12.343798,3,50.2327,12.8712,41.36,34.6
3740865356,50.12472,12.522367,3,50.2327,12.8712,27.59,26.0
2273653580,49.169173,16.584296,14,49.1951,16.6068,3.31,9.3
1797329740,49.064358,17.468777,9,49.2265,17.6625,22.88,34.7
2508927820,50.07282,12.37521,3,50.2327,12.8712,39.56,31.6
3812692812,48.85628,16.590995,14,49.1951,16.6068,37.69,40.1
3730514764,49.5649,15.928066,13,49.3961,15.5904,30.78,43.9
1545671500,50.725963,15.591503,5,50.7671,15.0562,37.94,80.0
908137292,49.948266,15.289309,7,50.0343,15.7704,35.7,50.2
3793818444,49.974695,14.507212,11,50.0406,14.5567,8.14,19.5
52499276,49.837707,18.261696,12,49.8209,18.2625,1.87,3.7
3922007116,48.976208,14.485806,1,48.9745,14.4743,0.86,3.3
3146642252,50.714459,15.171487,5,50.7671,15.0562,10.0,17.7
980489036,48.85628,16.590995,14,49.1951,16.6068,37.69,40.1
3662746444,50.501243,13.700417,4,50.6607,14.0328,29.41,35.3
825291596,50.402435,16.14478,6,50.2104,15.8252,31.16,37.9
2110047052,49.957568,14.044147,10,50.088,14.4208,30.57,35.3
2656113484,50.239013,14.314067,10,50.088,14.4208,18.43,33.3
3696300876,49.126937,17.796409,9,49.2265,17.6625,14.74,27.4
57054028,49.842487,18.287325,12,49.8209,18.2625,2.99,8.1
2421232460,49.201748,16.637874,14,49.1951,16.6068,2.38,6.6
1453572940,50.415118,14.90372,5,50.7671,15.0562,40.59,37.8
3908383820,50.367067,12.918642,3,50.2327,12.8712,15.32,20.4
3763409740,49.298656,17.38846,9,49.2265,17.6625,21.44,30.7
898643020,50.367067,12.918642,3,50.2327,12.8712,15.32,20.4
2638381900,50.368432,12.816892,3,50.2327,12.8712,15.58,29.3
3905843788,50.409371,12.982849,3,50.2327,12.8712,21.18,34.8
1554159436,50.409735,12.924457,3,50.2327,12.8712,20.05,27.5
2001335116,50.366345,12.81675,3,50.2327,12.8712,15.36,29.9
1906778956,49.582635,17.243213,8,49.5938,17.2509,1.36,5.0
3773686604,49.204671,16.614652,14,49.1951,16.6068,1.21,4.1
65221452,49.200221,16.607841,14,49.1951,16.6068,0.57,2.2
1764078412,50.305211,16.3498,6,50.2104,15.8252,38.76,57.3
4292531020,49.169995,13.234042,2,49.7384,13.3736,64.0,78.9
2034307916,49.1755,16.525223,14,49.1951,16.6068,6.32,14.0
3628143436,50.773626,15.068386,5,50.7671,15.0562,1.12,3.3
2372997964,50.150572,15.789213,6,50.2104,15.8252,7.13,9.9
1307825484,48.976199,14.485855,1,48.9745,14.4743,0.86,3.3
2322019148,49.48791,16.656833,14,49.1951,16.6068,32.76,41.6
4000195404,49.1755,16.525223,14,49.1951,16.6068,6.32,14.0
3085091660,48.976201,14.485932,1,48.9745,14.4743,0.87,3.3
3809153868,50.23893,14.313689,10,50.088,14.4208,18.44,33.3
2253460300,49.200221,16.607841,14,49.1951,16.6068,0.57,2.2
971035468,49.844317,18.166065,12,49.8209,18.2625,7.39,13.8
158405452,49.395014,13.307313,2,49.7384,13.3736,38.48,42.4
3225490252,49.338709,17.996197,9,49.2265,17.6625,27.23,39.8
3637785420,49.229675,16.633156,14,49.1951,16.6068,4.29,9.4
2168525644,49.1755,16.525223,14,49.1951,16.6068,6.32,14.0
3897422668,50.408367,15.696584,6,50.2104,15.8252,23.83,33.1
4268561228,49.211309,16.693697,14,49.1951,16.6068,6.57,15.2
1148261196,50.248406,14.31549,10,50.088,14.4208,19.35,31.4
2035028812,49.774581,18.256648,12,49.8209,18.2625,5.17,11.4
4242674508,49.812845,18.254386,12,49.8209,18.2625,1.07,3.4
3312522060,50.898663,14.624049,5,50.7671,15.0562,33.69,46.3
1482756940,49.87268,18.255214,12,49.8209,18.2625,5.78,12.9
3217302348,49.225204,17.704066,9,49.2265,17.6625,3.02,7.6
531519836,49.100073,17.759624,9,49.2265,17.6625,15.73,29.3
2303402828,50.780945,15.234448,5,50.7671,15.0562,12.63,25.2
1751651148,49.840818,18.284342,12,49.8209,18.2625,2.71,8.5
1259463500,48.981187,16.524455,14,49.1951,16.6068,24.53,25.3
1272300364,49.197522,16.658122,14,49.1951,16.6068,3.74,10.1
292107084,49.181447,16.669742,14,49.1951,16.6068,4.82,10.3
476123980,49.827605,18.229984,12,49.8209,18.2625,2.45,8.4
34480972,50.158225,14.133241,10,50.088,14.4208,21.94,34.7
1818301260,50.209713,15.813859,6,50.2104,15.8252,0.81,2.4
4284552012,49.87268,18.255214,12,49.8209,18.2625,5.78,12.9
235844428,49.578675,17.298993,8,49.5938,17.2509,3.85,7.7
3982562124,49.165351,16.729423,14,49.1951,16.6068,9.51,17.1
2083251020,50.485954,13.480505,4,50.6607,14.0328,43.57,52.9
1277944652,50.485954,13.480505,4,50.6607,14.0328,43.57,52.9
1844978508,49.577939,17.2404,8,49.5938,17.2509,1.92,5.7
2080100940,50.655403,15.546165,5,50.7671,15.0562,36.67,64.9
3952743244,50.226804,12.876759,3,50.2327,12.8712,0.77,4.4
1251017292,50.671137,15.727166,5,50.7671,15.0562,48.43,106.7
528736844,50.655403,15.546165,5,50.7671,15.0562,36.67,64.9
2523619916,50.655403,15.546165,5,50.7671,15.0562,36.67,64.9
2620121932,50.485954,13.480505,4,50.6607,14.0328,43.57,52.9
2119529804,50.128459,14.119454,10,50.088,14.4208,21.96,33.3
2664198732,49.781624,14.686965,11,50.0406,14.5567,30.27,34.8
2120507980,50.227734,12.859341,3,50.2327,12.8712,1.01,2.5
766833484,50.207403,12.823634,3,50.2327,12.8712,4.4,8.4
3576128844,50.220849,12.882258,3,50.2327,12.8712,1.53,5.6
1164301132,50.77049,15.432583,5,50.7671,15.0562,26.47,49.8
1145226060,50.610983,13.63826,4,50.6607,14.0328,28.37,35.4
660673356,49.853181,13.981265,10,50.088,14.4208,40.86,45.2
3120706380,49.836338,18.287432,12,49.8209,18.2625,2.48,6.9
1956455244,49.7461,13.318915,2,49.7384,13.3736,4.02,9.9
2134696780,49.846218,18.159936,12,49.8209,18.2625,7.88,15.2
152212300,49.834645,18.282044,12,49.8209,18.2625,2.07,6.4
1486750284,49.587166,17.24362,8,49.5938,17.2509,0.91,1.8
2843423564,50.65567,13.855499,4,50.6607,14.0328,12.51,17.4
692835148,50.389884,12.770925,3,50.2327,12.8712,18.87,30.0
1505665868,50.389884,12.770925,3,50.2327,12.8712,18.87,30.0
3143762508,50.389884,12.770925,3,50.2327,12.8712,18.87,30.0
2878477132,50.603289,13.608069,4,50.6607,14.0328,30.63,39.4
1345196876,49.489641,16.654822,14,49.1951,16.6068,32.94,40.7
3214021452,50.422779,14.905606,5,50.7671,15.0562,39.74,39.0
1586631500,49.777529,13.360643,2,49.7384,13.3736,4.45,10.5
3995857740,49.237023,17.644048,9,49.2265,17.6625,1.78,4.0
1032983372,49.634722,14.638796,11,50.0406,14.5567,45.51,49.2
2314543948,48.987301,14.442339,1,48.9745,14.4743,2.73,7.7
3671581516,48.801296,14.308465,1,48.9745,14.4743,22.76,28.9
3640210252,50.093761,14.804296,11,50.0406,14.5567,18.63,33.1
4282852172,50.431222,14.909567,5,50.7671,15.0562,38.76,37.5
3135438428,49.952951,14.042491,10,50.088,14.4208,30.92,35.6
2298032972,50.093761,14.804296,11,50.0406,14.5567,18.63,33.1
3472438092,50.093761,14.804296,11,50.0406,14.5567,18.63,33.1
3542872908,49.237023,17.644048,9,49.2265,17.6625,1.78,4.0
9573196,48.687208,14.12133,1,48.9745,14.4743,41.09,50.5
762843980,49.774669,18.454241,12,49.8209,18.2625,14.69,21.5
2155799372,49.453278,17.441398,8,49.5938,17.2509,20.81,24.7
2095133260,49.997325,14.550417,11,50.0406,14.5567,4.83,11.3
501257036,50.479816,13.41701,3,50.2327,12.8712,47.48,55.9
380912204,49.583118,17.255256,8,49.5938,17.2509,1.23,3.2
3900838732,48.84074,16.063676,14,49.1951,16.6068,55.87,57.3
3397522252,49.597611,17.269535,8,49.5938,17.2509,1.41,4.5
321647436,49.237023,17.644048,9,49.2265,17.6625,1.78,4.0
495723340,50.488089,13.646565,4,50.6607,14.0328,33.35,42.4
539751244,49.237023,17.644048,9,49.2265,17.6625,1.78,4.0
1311503180,49.237023,17.644048,9,49.2265,17.6625,1.78,4.0
2653680460,49.237023,17.644048,9,49.2265,17.6625,1.78,4.0
1015157580,50.22109,15.843654,6,50.2104,15.8252,1.77,3.8
2039206476,50.415787,14.909636,5,50.7671,15.0562,40.41,37.7
3297583948,49.593567,17.272874,8,49.5938,17.2509,1.58,4.6
276960076,50.50297,13.439278,4,50.6607,14.0328,45.43,53.3
3132232524,50.453611,14.372052,4,50.6607,14.0328,33.24,50.7
4172419916,50.228298,14.860425,11,50.0406,14.5567,30.07,43.3
2408305228,50.415787,14.909636,5,50.7671,15.0562,40.41,37.7
399909708,50.069789,14.505972,11,50.0406,14.5567,4.86,11.5
2334761804,50.726149,15.609441,5,50.7671,15.0562,39.19,80.8
2093818700,49.981974,13.483198,2,49.7384,13.3736,28.2,43.3
4004647756,50.174072,12.646977,3,50.2327,12.8712,17.24,17.6
4114555724,49.574923,17.249268,8,49.5938,17.2509,2.1,4.9
1213145932,50.211025,15.819825,6,50.2104,15.8252,0.39,1.9
1605505868,50.317184,12.74613,3,50.2327,12.8712,12.93,18.6
2360480588,49.291904,17.863012,9,49.2265,17.6625,16.27,29.0
2324468556,50.156165,13.895454,10,50.088,14.4208,38.21,39.5
2163008332,50.637522,13.805488,4,50.6607,14.0328,16.23,19.3
2853069388,49.334792,13.208965,2,49.7384,13.3736,46.43,51.8
1890718540,49.676629,13.991216,2,49.7384,13.3736,44.94,65.0
2411787084,50.635848,13.80304,4,50.6607,14.0328,16.43,19.8
3427648332,50.697994,13.932727,4,50.6607,14.0328,8.18,11.1
884085580,50.09896,14.42505,10,50.088,14.4208,1.26,5.6
3048346444,49.232353,17.659368,9,49.2265,17.6625,0.69,3.2
3201045324,49.852723,18.563305,12,49.8209,18.2625,21.86,34.2
583799628,50.503622,14.806673,5,50.7671,15.0562,34.18,44.2
2825524044,49.969833,12.701892,3,50.2327,12.8712,31.63,45.1
66138956,49.709974,13.325307,2,49.7384,13.3736,4.69,8.9
2026640204,50.086009,14.469324,10,50.088,14.4208,3.47,11.3
4176663372,50.163395,12.575576,3,50.2327,12.8712,22.41,24.3
3341624140,50.217391,12.901366,3,50.2327,12.8712,2.74,5.8
567022412,49.451546,17.46635,8,49.5938,17.2509,22.18,28.6
1698771788,49.589698,13.105067,2,49.7384,13.3736,25.44,32.8
3342017356,49.725315,13.239244,2,49.7384,13.3736,9.77,15.0
3752932172,49.750612,13.301363,2,49.7384,13.3736,5.37,10.8
3008373580,49.737175,13.373927,2,49.7384,13.3736,0.14,0.4
929289036,49.399222,13.275578,2,49.7384,13.3736,38.37,43.3
4098081612,49.756976,13.2786,2,49.7384,13.3736,7.13,11.8
3389940300,49.334792,13.208965,2,49.7384,13.3736,46.43,51.8
1796104780,49.334792,13.208965,2,49.7384,13.3736,46.43,51.8
2830983756,49.474858,17.083047,8,49.5938,17.2509,17.93,22.5
4247631436,49.201508,16.623514,14,49.1951,16.6068,1.41,5.3
2747765580,49.209057,16.627142,14,49.1951,16.6068,2.14,5.9
4177269580,48.981219,14.48223,1,48.9745,14.4743,0.95,4.4
1242862156,49.380613,13.298886,2,49.7384,13.3736,40.15,44.7
2952532812,50.69944,13.942351,4,50.6607,14.0328,7.69,10.7
3809346892,50.228676,12.874414,3,50.2327,12.8712,0.5,1.1
2618164556,50.228676,12.874414,3,50.2327,12.8712,0.5,1.1
3485291596,50.234766,12.871141,3,50.2327,12.8712,0.23,1.1
1188057676,48.850732,17.134695,14,49.1951,16.6068,54.29,58.0
2414921548,50.227051,12.875308,3,50.2327,12.8712,0.69,3.3
912306764,50.239295,12.753851,3,50.2327,12.8712,8.38,12.9
1572430412,50.226805,12.876762,3,50.2327,12.8712,0.77,4.4
3928056396,50.22813,12.872223,3,50.2327,12.8712,0.51,2.7
3013485388,50.234191,12.871685,3,50.2327,12.8712,0.17,1.3
2442974028,49.47297,17.965969,9,49.2265,17.6625,35.13,59.0
2937590604,49.490394,16.66778,14,49.1951,16.6068,33.13,43.3
1193808716,49.2023,17.581757,9,49.2265,17.6625,6.45,12.4
2134278988,49.2078,16.627562,14,49.1951,16.6068,2.07,5.4
1876853580,49.464294,18.089644,9,49.2265,17.6625,40.7,69.2
1186546252,49.837981,13.461144,2,49.7384,13.3736,12.73,20.9
2931364684,49.280897,17.005027,14,49.1951,16.6068,30.45,29.9
704549708,50.778272,15.040801,5,50.7671,15.0562,1.65,4.5
1705583436,49.076221,17.423751,9,49.2265,17.6625,24.1,34.1
1080824652,50.623356,13.604195,4,50.6607,14.0328,30.51,42.2
2113598284,49.298158,17.402648,9,49.2265,17.6625,20.47,30.6
3483947852,48.639323,14.229322,1,48.9745,14.4743,41.36,59.5
934875980,49.280897,17.005027,14,49.1951,16.6068,30.45,29.9
2794902348,49.786703,14.693274,11,50.0406,14.5567,29.88,33.1
1831605068,50.240531,12.863627,3,50.2327,12.8712,1.02,3.3
1457464140,50.226728,17.199836,8,49.5938,17.2509,70.47,104.1
173155148,49.204242,16.669681,14,49.1951,16.6068,4.68,12.8
2821837644,50.078197,14.864236,11,50.0406,14.5567,22.35,35.3
3236696908,50.661443,13.819558,4,50.6607,14.0328,15.03,22.4
3404473164,49.819966,17.297957,8,49.5938,17.2509,25.38,37.1
2291540812,49.472775,17.119195,8,49.5938,17.2509,16.48,17.8
3410760524,50.698177,15.436205,5,50.7671,15.0562,27.82,48.1
989680204,48.873169,16.766819,14,49.1951,16.6068,37.65,39.5
349360716,50.401936,12.973761,3,50.2327,12.8712,20.18,30.9
3516732236,50.044495,15.595629,7,50.0343,15.7704,12.53,19.6
1240208204,50.191593,15.841871,6,50.2104,15.8252,2.4,7.6
2971149132,49.739423,13.368765,2,49.7384,13.3736,0.37,1.8
3854111564,49.280897,17.005027,14,49.1951,16.6068,30.45,29.9
2285638476,49.550398,17.731121,8,49.5938,17.2509,34.96,34.1
2408981324,49.472775,17.119195,8,49.5938,17.2509,16.48,17.8
1300964172,49.839667,18.286266,12,49.8209,18.2625,2.69,6.1
2228048460,48.873169,16.766819,14,49.1951,16.6068,37.65,39.5
1395848012,49.993949,14.602229,11,50.0406,14.5567,6.12,13.8
3437040460,50.197113,17.064845,8,49.5938,17.2509,68.4,88.1
3070133068,49.488475,16.959558,8,49.5938,17.2509,24.06,32.3
842277708,50.732284,15.489275,5,50.7671,15.0562,30.71,58.2
3699970892,49.280897,17.005027,14,49.1951,16.6068,30.45,29.9
3745256268,50.125133,16.201995,6,50.2104,15.8252,28.46,34.6
3009749836,49.472775,17.119195,8,49.5938,17.2509,16.48,17.8
3748709196,49.741072,13.368632,2,49.7384,13.3736,0.46,2.2
3256095564,50.037363,14.517024,11,50.0406,14.5567,2.86,7.1
2837984076,50.171451,12.665689,3,50.2327,12.8712,16.13,16.0
3799966540,49.210409,16.581624,14,49.1951,16.6068,2.5,6.5
2770080588,50.218826,12.350617,3,50.2327,12.8712,37.07,47.4
3026096972,50.78489,15.419752,5,50.7671,15.0562,25.64,46.5
2073883468,49.226655,17.666337,9,49.2265,17.6625,0.28,1.0
3195802444,49.756181,13.419431,2,49.7384,13.3736,3.84,8.6
1508823884,50.215288,15.844066,6,50.2104,15.8252,1.45,3.8
3874231116,49.107097,16.6161,14,49.1951,16.6068,9.81,15.7
113562444,50.178985,14.6633,11,50.0406,14.5567,17.16,27.5
3563385676,49.787125,14.683534,11,50.0406,14.5567,29.61,31.9
1402913612,50.68129,13.875414,4,50.6607,14.0328,11.33,16.2
2617910092,49.848298,18.273721,12,49.8209,18.2625,3.15,8.9
549262156,49.823722,18.183375,12,49.8209,18.2625,5.68,10.1
149926732,50.230105,12.866589,3,50.2327,12.8712,0.44,1.0
1667175244,50.090063,14.464326,10,50.088,14.4208,3.11,9.4
3104576332,50.501246,13.698985,4,50.6607,14.0328,29.49,35.3
2520519500,50.528664,15.374422,5,50.7671,15.0562,34.73,43.9
1674457932,50.071918,14.862176,11,50.0406,14.5567,22.08,34.8
2048402252,49.769384,13.404879,2,49.7384,13.3736,4.11,9.2
1824330572,48.965488,14.416642,1,48.9745,14.4743,4.33,8.7
1761416012,49.765034,15.917829,7,50.0343,15.7704,31.75,40.6
3840488780,49.057296,14.447752,1,48.9745,14.4743,9.41,15.7
1797002060,50.492003,13.029329,3,50.2327,12.8712,30.94,44.0
2198606668,49.232384,16.623786,14,49.1951,16.6068,4.33,9.8
3443266380,49.946155,17.905175,12,49.8209,18.2625,29.14,36.4
1887302476,49.337045,17.989354,9,49.2265,17.6625,26.71,38.2
1265943372,50.687001,13.992885,4,50.6607,14.0328,4.06,7.1
3962978892,50.030637,14.595333,11,50.0406,14.5567,2.97,7.2
3726381900,50.134431,14.284089,10,50.088,14.4208,11.03,24.9
1605055308,49.72927,13.37129,2,49.7384,13.3736,1.03,3.0
3470971724,49.235346,17.671289,9,49.2265,17.6625,1.17,5.5
607789900,49.476698,17.091421,8,49.5938,17.2509,17.38,21.2
364712780,49.208895,17.594226,9,49.2265,17.6625,5.33,10.8
3085514060,49.057296,14.447752,1,48.9745,14.4743,9.41,15.7
3172733772,49.849183,18.562073,12,49.8209,18.2625,21.71,34.8
3527152460,49.523958,12.757751,2,49.7384,13.3736,50.36,64.9
1239733068,49.487879,16.648873,14,49.1951,16.6068,32.7,41.9
2924221260,49.721949,15.671408,7,50.0343,15.7704,35.45,45.9
3127239500,50.709717,15.193457,5,50.7671,15.0562,11.58,19.6
2093404748,50.763095,15.039489,5,50.7671,15.0562,1.26,5.9
3001815884,49.907568,15.383305,7,50.0343,15.7704,31.06,43.2
3343065932,49.183696,16.559916,14,49.1951,16.6068,3.64,9.3
2786452300,49.916234,14.611652,11,50.0406,14.5567,14.38,21.8
1436627788,49.942533,14.02855,10,50.088,14.4208,32.36,36.3
2883900236,49.482196,16.642473,14,49.1951,16.6068,32.03,41.8
1935348556,49.297853,17.393119,9,49.2265,17.6625,21.1,31.8
3064517452,48.639323,14.229322,1,48.9745,14.4743,41.36,59.5
3401265996,49.768505,13.367939,2,49.7384,13.3736,3.37,7.7
3574338380,48.857615,17.124023,14,49.1951,16.6068,53.2,55.3
1592054604,49.482196,16.642473,14,49.1951,16.6068,32.03,41.8
3668824908,50.768229,15.093252,5,50.7671,15.0562,2.61,5.8
670315340,49.832958,18.286644,12,49.8209,18.2625,2.19,6.5
4030980940,49.784341,18.252066,12,49.8209,18.2625,4.13,9.0
1907307340,50.023726,15.831791,7,50.0343,15.7704,4.54,9.5
406590284,50.778243,15.040905,5,50.7671,15.0562,1.64,4.5
1627062860,49.586219,17.245873,8,49.5938,17.2509,0.92,3.2
3978961740,50.698177,15.436205,5,50.7671,15.0562,27.82,48.1
3511423820,48.969785,14.501356,1,48.9745,14.4743,2.04,6.3
2960921420,49.71508,13.08943,2,49.7384,13.3736,20.59,24.6
849924940,48.639323,14.229322,1,48.9745,14.4743,41.36,59.5
238211916,49.5928,17.284548,8,49.5938,17.2509,2.43,7.5
1912275532,49.586219,17.245873,8,49.5938,17.2509,0.92,3.2
1079776076,49.437165,15.20855,13,49.3961,15.5904,28.0,35.2
2521568076,49.668682,13.396663,2,49.7384,13.3736,7.93,15.4
1618744140,48.941869,16.723692,14,49.1951,16.6068,29.42,29.4
4058129228,49.986131,17.845255,12,49.8209,18.2625,35.08,42.6
2844595020,49.547085,18.337216,12,49.8209,18.2625,30.92,29.1
2867737420,49.280897,17.005027,14,49.1951,16.6068,30.45,29.9
33940300,49.3961,15.591244,13,49.3961,15.5904,0.06,0.1
1442513484,49.586219,17.245873,8,49.5938,17.2509,0.92,3.2
3647062860,50.151063,14.089626,10,50.088,14.4208,24.63,40.2
2385195852,49.226709,14.430636,1,48.9745,14.4743,28.22,35.9
2411230540,49.24564,16.585119,14,49.1951,16.6068,5.84,10.3
3519894092,48.873169,16.766819,14,49.1951,16.6068,37.65,39.5
3702051660,48.639323,14.229322,1,48.9745,14.4743,41.36,59.5
3409433420,49.280897,17.005027,14,49.1951,16.6068,30.45,29.9
1074533196,49.43099,17.751501,9,49.2265,17.6625,23.64,42.5
2604524364,49.194869,14.714337,1,48.9745,14.4743,30.1,25.3
967754572,49.204191,16.630672,14,49.1951,16.6068,2.01,5.9
3014472524,49.548693,16.832865,8,49.5938,17.2509,30.56,43.9
2708874060,50.497944,13.633833,4,50.6607,14.0328,33.48,41.9
3230716748,49.280897,17.005027,14,49.1951,16.6068,30.45,29.9
2358846284,50.086809,14.134426,10,50.088,14.4208,20.43,29.0
1009541708,49.583506,17.225488,8,49.5938,17.2509,2.16,4.5
2707166028,50.024568,14.426362,10,50.088,14.4208,7.06,15.8
2664878924,50.499505,13.640232,4,50.6607,14.0328,33.01,41.1
1265374028,50.163345,16.464569,6,50.2104,15.8252,45.82,60.7
701682252,50.401936,12.973761,3,50.2327,12.8712,20.18,30.9
589894476,49.280897,17.005027,14,49.1951,16.6068,30.45,29.9
883790668,50.778267,15.040814,5,50.7671,15.0562,1.65,4.5
485364556,50.647868,13.854299,4,50.6607,14.0328,12.66,19.1
3077686092,50.151063,14.089626,10,50.088,14.4208,24.63,40.2
3705176908,49.196691,18.098596,9,49.2265,17.6625,31.85,50.7
1836847948,49.58418,17.257893,8,49.5938,17.2509,1.18,3.1
1118315340,50.472023,13.404048,3,50.2327,12.8712,46.23,55.6
1302909772,48.639323,14.229322,1,48.9745,14.4743,41.36,59.5
1443701580,49.193593,16.6239,14,49.1951,16.6068,1.25,5.9
3531576140,48.75848,16.85165,14,49.1951,16.6068,51.73,50.2
660345676,50.698177,15.436205,5,50.7671,15.0562,27.82,48.1
4185658188,49.281354,17.000193,14,49.1951,16.6068,30.13,30.3
1696564044,48.928572,16.579246,14,49.1951,16.6068,29.7,32.0
3464831820,50.228627,12.869305,3,50.2327,12.8712,0.47,2.5
776049996,50.123528,12.354573,3,50.2327,12.8712,38.74,33.2
2625385292,49.805061,18.242751,12,49.8209,18.2625,2.26,6.4
4174758732,49.197522,16.658122,14,49.1951,16.6068,3.74,10.1
2570658636,50.737696,15.055508,5,50.7671,15.0562,3.27,7.4
915215180,49.701933,15.273343,13,49.3961,15.5904,40.98,45.7
2455204428,49.781624,14.686965,11,50.0406,14.5567,30.27,34.8
53089100,49.747846,13.361385,2,49.7384,13.3736,1.37,4.6
3214549836,49.872517,17.354202,8,49.5938,17.2509,31.87,48.5
3962062156,49.445735,15.310224,13,49.3961,15.5904,21.0,24.8
1421677388,49.74287,15.09076,11,50.0406,14.5567,50.59,47.4
1584525900,50.401298,14.886973,5,50.7671,15.0562,42.39,38.1
1629033292,49.745043,13.388581,2,49.7384,13.3736,1.31,5.5
563393356,49.745043,13.388466,2,49.7384,13.3736,1.3,5.5
3938202444,49.955693,14.433811,11,50.0406,14.5567,12.9,24.0
1841574732,50.407288,16.16345,6,50.2104,15.8252,32.5,39.3
2927375180,49.940959,14.32794,10,50.088,14.4208,17.65,29.9
1768797004,49.616534,15.577835,13,49.3961,15.5904,24.53,28.0
4096267084,49.2023,17.581757,9,49.2265,17.6625,6.45,12.4
2187858764,48.953633,17.376486,9,49.2265,17.6625,36.8,44.7
1824949068,49.742869,13.370368,2,49.7384,13.3736,0.55,2.3
2396853068,50.233756,12.891545,3,50.2327,12.8712,1.45,4.3
117031756,49.747556,13.318732,2,49.7384,13.3736,4.07,9.9
1557992268,48.976237,14.5018,1,48.9745,14.4743,2.02,5.4
1843204940,48.976237,14.5018,1,48.9745,14.4743,2.02,5.4
2339054412,49.727391,13.403573,2,49.7384,13.3736,2.48,6.4
148759372,49.742884,13.382987,2,49.7384,13.3736,0.84,3.4
1501008716,49.157896,13.226823,2,49.7384,13.3736,65.42,77.6
1094894412,49.125126,13.211579,2,49.7384,13.3736,69.19,80.1
282923852,48.979296,14.476033,1,48.9745,14.4743,0.55,2.6
1739887436,50.028813,15.196901,7,50.0343,15.7704,40.97,49.6
830878540,49.523582,14.541822,11,50.0406,14.5567,57.5,71.7
3341140812,49.789851,12.641613,3,50.2327,12.8712,51.9,70.2
1121784652,50.197113,17.064845,8,49.5938,17.2509,68.4,88.1
3129484108,49.778281,13.359743,2,49.7384,13.3736,4.54,11.0
98374476,49.953333,12.701153,3,50.2327,12.8712,33.35,48.0
2832012108,50.660241,13.843369,4,50.6607,14.0328,13.35,19.0
1505284940,49.900194,16.443338,7,50.0343,15.7704,50.39,66.2
3777176396,50.652579,13.840239,4,50.6607,14.0328,13.6,19.9
2995434572,50.691841,15.74936,5,50.7671,15.0562,49.5,104.0
46994252,50.493541,13.632428,4,50.6607,14.0328,33.83,41.4
1085174348,49.595722,17.244106,8,49.5938,17.2509,0.53,2.2
4252943180,49.575777,17.248305,8,49.5938,17.2509,2.01,4.5
1892488012,50.043066,15.80566,7,50.0343,15.7704,2.7,7.4
2429358924,50.039576,15.783749,7,50.0343,15.7704,1.12,3.7
2261586764,49.19373,16.639764,14,49.1951,16.6068,2.4,7.5
2391794508,50.359497,16.153502,6,50.2104,15.8252,28.62,40.3
2194391884,50.197078,15.855927,6,50.2104,15.8252,2.64,6.5
66466636,50.093761,14.804296,11,50.0406,14.5567,18.63,33.1
2244809548,49.597611,17.269535,8,49.5938,17.2509,1.41,4.5
1225761612,50.304644,16.350643,6,50.2104,15.8252,38.8,57.0
3717194572,50.359497,16.153502,6,50.2104,15.8252,28.62,40.3
1905509196,49.788572,13.978034,2,49.7384,13.3736,43.77,49.5
87106380,48.985304,14.435356,1,48.9745,14.4743,3.09,8.2
3757904716,48.854471,16.592831,14,49.1951,16.6068,37.89,39.8
3136164684,49.671314,18.677463,12,49.8209,18.2625,34.14,39.8
719639372,49.775241,18.449435,12,49.8209,18.2625,14.35,21.1
216978252,49.724671,13.376709,2,49.7384,13.3736,1.54,3.6
469635916,49.226356,17.676988,9,49.2265,17.6625,1.05,3.9
3056071500,50.631176,13.821134,4,50.6607,14.0328,15.28,17.9
1472631628,49.084025,14.055213,1,48.9745,14.4743,32.89,41.6
2122126156,49.569695,17.252196,8,49.5938,17.2509,2.68,6.3
3412669260,50.046763,14.175326,10,50.088,14.4208,18.11,30.7
1580077900,50.652567,15.906762,6,50.2104,15.8252,49.51,58.5
4117369420,49.086342,15.433929,13,49.3961,15.5904,36.27,47.2
3310162764,49.569695,17.252196,8,49.5938,17.2509,2.68,6.3
3695514444,50.781914,15.231465,5,50.7671,15.0562,12.43,24.5
1219367756,50.58566,16.331804,6,50.2104,15.8252,55.05,77.2
4121826124,50.679926,14.117007,4,50.6607,14.0328,6.31,11.3
2190152268,49.086342,15.433929,13,49.3961,15.5904,36.27,47.2
3709150028,49.204419,16.604287,14,49.1951,16.6068,1.05,3.9
3223196492,48.981219,14.48223,1,48.9745,14.4743,0.95,4.4
2032014156,48.98495,14.442537,1,48.9745,14.4743,2.59,7.1
1165738828,50.477156,16.177303,6,50.2104,15.8252,38.78,50.8
706614092,49.187679,16.589053,14,49.1951,16.6068,1.53,4.5
535749452,50.747604,14.99031,5,50.7671,15.0562,5.12,17.7
1326322508,49.790599,18.244009,12,49.8209,18.2625,3.62,7.3
1463362380,49.782238,14.691435,11,50.0406,14.5567,30.31,35.2
1461588812,50.072508,15.079742,11,50.0406,14.5567,37.51,48.5
2307924812,50.778235,15.040884,5,50.7671,15.0562,1.64,4.5
3138261836,50.221285,12.886904,3,50.2327,12.8712,1.69,4.3
353211212,50.778281,15.040914,5,50.7671,15.0562,1.64,4.5
151917388,49.811866,18.231434,12,49.8209,18.2625,2.44,8.3
3708687180,49.041166,16.307853,14,49.1951,16.6068,27.68,40.0
3322811212,49.795502,17.630561,8,49.5938,17.2509,35.34,60.3
2738434892,50.046763,14.175326,10,50.088,14.4208,18.11,30.7
4158100300,49.848433,14.551621,11,50.0406,14.5567,21.37,38.9
1379799884,49.774669,18.454241,12,49.8209,18.2625,14.69,21.5
2195559244,50.779677,15.424831,5,50.7671,15.0562,25.96,47.5
3206792012,49.740386,13.398475,2,49.7384,13.3736,1.8,4.9
707662668,48.689101,14.121281,1,48.9745,14.4743,40.92,50.9
4028453452,50.251603,14.518401,10,50.088,14.4208,19.47,29.5
22680396,50.259259,14.517594,10,50.088,14.4208,20.25,31.5
2061706060,49.967105,14.071517,10,50.088,14.4208,28.34,34.6
2469270348,48.941388,16.737198,14,49.1951,16.6068,29.77,26.9
3406304076,49.779208,18.219991,12,49.8209,18.2625,5.55,12.1
2178741068,48.972112,17.081834,14,49.1951,16.6068,42.56,57.9
2778272588,49.795502,17.630561,8,49.5938,17.2509,35.34,60.3
3058725452,50.089191,17.684042,12,49.8209,18.2625,51.02,61.0
1599439692,49.742869,13.370368,2,49.7384,13.3736,0.55,2.3
4247655244,49.471141,17.11148,8,49.5938,17.2509,16.95,19.5
2549035852,49.064837,17.473591,9,49.2265,17.6625,22.63,35.5
3429765964,49.021249,13.995983,1,48.9745,14.4743,35.28,45.6
2821661516,50.230516,14.07872,10,50.088,14.4208,29.07,37.9
3593847628,50.216009,15.804116,6,50.2104,15.8252,1.62,4.4
1214124876,50.229372,12.868927,3,50.2327,12.8712,0.4,2.1
866657100,49.171909,16.579047,14,49.1951,16.6068,3.27,8.7
3158557516,49.849699,18.563717,12,49.8209,18.2625,21.84,35.2
3448705868,50.084217,14.513559,11,50.0406,14.5567,5.75,13.8
1472430668,50.159948,15.464848,7,50.0343,15.7704,25.89,32.5
318247756,50.196329,12.620046,3,50.2327,12.8712,18.32,22.0
3545109324,50.311411,14.916358,11,50.0406,14.5567,39.53,43.8
1614660428,49.787235,18.226262,12,49.8209,18.2625,4.56,8.7
3457897036,49.206613,16.630879,14,49.1951,16.6068,2.17,6.9
2299196236,49.841197,13.896812,2,49.7384,13.3736,39.26,38.4
4291040076,48.737966,14.110538,1,48.9745,14.4743,37.42,43.2
2455638860,50.669585,14.076565,4,50.6607,14.0328,3.24,6.5
1991779148,49.171909,16.579047,14,49.1951,16.6068,3.27,8.7
1803150156,49.837565,18.285005,12,49.8209,18.2625,2.46,6.2
1744212812,50.158713,15.106083,11,50.0406,14.5567,41.33,46.3
3251012428,49.358234,15.999427,13,49.3961,15.5904,29.91,27.7
3788444492,50.389095,13.269479,3,50.2327,12.8712,33.2,43.8
3428717388,49.945964,14.037262,10,50.088,14.4208,31.63,37.5
3181912908,49.171909,16.579047,14,49.1951,16.6068,3.27,8.7
1070867276,49.201468,16.617135,14,49.1951,16.6068,1.03,6.1
2164052812,50.241358,12.829975,3,50.2327,12.8712,3.09,6.3
3773244236,49.831002,18.389406,12,49.8209,18.2625,9.17,15.8
1541346124,48.869166,16.03898,14,49.1951,16.6068,55.02,60.7
1096684364,49.91639,16.609911,8,49.5938,17.2509,58.37,69.5
817374028,49.171909,16.579047,14,49.1951,16.6068,3.27,8.7
3986625356,49.150786,16.871293,14,49.1951,16.6068,19.85,22.4
1358115660,50.041843,15.806254,7,50.0343,15.7704,2.69,7.6
3999941196,50.034754,15.2085,7,50.0343,15.7704,40.13,47.1
1288360780,50.207715,15.799107,6,50.2104,15.8252,1.88,3.2
711463756,49.176891,16.559497,14,49.1951,16.6068,3.99,9.8
3352286028,50.769724,14.214285,4,50.6607,14.0328,17.61,27.5
2500957004,49.743509,13.589428,2,49.7384,13.3736,15.52,20.3
2748236364,50.159948,15.464848,7,50.0343,15.7704,25.89,32.5
3308983116,50.475824,13.413296,3,50.2327,12.8712,47.01,55.6
1895945036,50.613556,15.706369,6,50.2104,15.8252,45.61,68.7
3276972876,50.112833,17.379765,8,49.5938,17.2509,58.45,85.0
4083028812,50.424784,16.16509,6,50.2104,15.8252,33.92,41.2
2862011212,49.731948,13.370392,2,49.7384,13.3736,0.75,2.2
1671369548,49.614149,17.910845,12,49.8209,18.2625,34.17,38.1
2965983820,49.212487,16.631307,14,49.1951,16.6068,2.63,7.2
1878147660,50.346532,14.487636,10,50.088,14.4208,29.14,43.1
576590668,50.224932,12.880402,3,50.2327,12.8712,1.08,4.2
2629313356,49.171909,16.579047,14,49.1951,16.6068,3.27,8.7
2241712972,49.790645,12.641886,3,50.2327,12.8712,51.81,69.3
3151045452,50.143237,15.129183,11,50.0406,14.5567,42.4,44.9
1726755660,49.315607,14.145065,1,48.9745,14.4743,44.86,51.9
3168969548,50.542495,16.232488,6,50.2104,15.8252,46.88,62.4
635376460,50.72633,15.172563,5,50.7671,15.0562,9.36,15.7
33493836,49.207743,16.660517,14,49.1951,16.6068,4.15,11.9
3235763020,50.204066,15.79315,6,50.2104,15.8252,2.39,4.1
2411209548,49.171909,16.579047,14,49.1951,16.6068,3.27,8.7
652272460,49.702289,15.273436,13,49.3961,15.5904,41.01,45.8
314946124,49.606492,17.281952,8,49.5938,17.2509,2.65,6.5
1432433484,49.137434,13.2352,2,49.7384,13.3736,67.57,77.2
245818188,50.129325,12.552374,3,50.2327,12.8712,25.45,25.2
656675660,50.04706,14.302664,10,50.088,14.4208,9.58,22.2
1574818636,50.207715,15.799107,6,50.2104,15.8252,1.88,3.2
4256703308,49.171909,16.579047,14,49.1951,16.6068,3.27,8.7
1244263244,49.621255,15.954272,13,49.3961,15.5904,36.29,52.6
2427065164,49.144345,13.552662,2,49.7384,13.3736,67.31,87.8
2477118284,49.743477,15.087899,11,50.0406,14.5567,50.39,47.5
3448230732,48.985188,14.469299,1,48.9745,14.4743,1.24,4.3
2191004492,50.701382,15.46768,5,50.7671,15.0562,29.87,53.0
2094912332,50.207715,15.799107,6,50.2104,15.8252,1.88,3.2
2756580172,49.449612,17.452871,8,49.5938,17.2509,21.67,27.2
4200674124,49.78352,18.13644,12,49.8209,18.2625,9.96,15.4
582947660,50.188017,15.849819,6,50.2104,15.8252,3.04,6.9
3550389068,50.256119,14.517225,10,50.088,14.4208,19.92,32.5
3076395852,49.91639,16.609911,8,49.5938,17.2509,58.37,69.5
2083332940,49.859466,17.721919,12,49.8209,18.2625,39.0,54.9
106828620,48.6471,14.2211,1,48.9745,14.4743,40.85,59.6
1609950028,49.842589,18.303965,12,49.8209,18.2625,3.83,9.5
675709772,49.337045,17.989354,9,49.2265,17.6625,26.71,38.2
3690578764,49.737491,13.328349,2,49.7384,13.3736,3.25,8.4
3077886796,50.229191,14.086608,10,50.088,14.4208,28.52,36.6
3831370572,50.211025,15.819825,6,50.2104,15.8252,0.39,1.9
2702729804,49.771186,13.353882,2,49.7384,13.3736,3.91,9.3
1751167820,49.337045,17.989354,9,49.2265,17.6625,26.71,38.2
3341685580,49.91639,16.609911,8,49.5938,17.2509,58.37,69.5
1272390476,50.071998,12.354791,3,50.2327,12.8712,40.9,33.2
2910720844,49.975652,12.711352,3,50.2327,12.8712,30.77,46.4
341214028,49.337045,17.989354,9,49.2265,17.6625,26.71,38.2
68760396,50.742432,15.35132,5,50.7671,15.0562,20.94,37.9
1876890444,50.239978,14.306981,10,50.088,14.4208,18.74,33.3
813568844,48.991151,14.469317,1,48.9745,14.4743,1.89,5.9
1536103244,49.128891,16.650919,14,49.1951,16.6068,8.03,13.9
3702461260,48.984067,14.442714,1,48.9745,14.4743,2.54,6.9
3363312460,50.185007,12.555163,3,50.2327,12.8712,23.11,29.1
3465528140,50.148003,13.907374,10,50.088,14.4208,37.21,40.8
1504981836,49.770342,18.495493,12,49.8209,18.2625,17.64,28.6
3311276876,48.6471,14.2211,1,48.9745,14.4743,40.85,59.6
371663436,49.211324,16.621484,14,49.1951,16.6068,2.1,6.4
567591756,50.228607,14.877106,11,50.0406,14.5567,30.96,43.6
31896396,50.224415,12.889792,3,50.2327,12.8712,1.61,4.3
3771208524,50.604381,13.622792,4,50.6607,14.0328,29.59,38.2
885363532,49.202999,16.607002,14,49.1951,16.6068,0.88,2.7
3531395916,49.90573,18.192337,12,49.8209,18.2625,10.69,21.2
583996236,50.683243,14.02215,4,50.6607,14.0328,2.62,6.8
1598952268,49.725081,17.290819,8,49.5938,17.2509,14.88,22.0
29868876,49.417148,15.58942,13,49.3961,15.5904,2.34,5.6
2261836,50.230592,14.414022,10,50.088,14.4208,15.86,27.8
3837076300,50.233168,12.859412,3,50.2327,12.8712,0.84,2.5
1356796748,50.153907,14.578578,11,50.0406,14.5567,12.7,26.7
2655916876,50.648787,13.83721,4,50.6607,14.0328,13.85,20.2
1246557004,49.017226,15.575939,13,49.3961,15.5904,42.14,54.1
2409939788,50.228607,14.877106,11,50.0406,14.5567,30.96,43.6
972259916,50.159948,15.464848,7,50.0343,15.7704,25.89,32.5
3166253900,49.364281,14.702339,1,48.9745,14.4743,46.4,33.7
320156492,49.943609,17.891276,12,49.8209,18.2625,29.89,37.0
2373313356,49.31387,14.128579,1,48.9745,14.4743,45.35,51.7
1826808652,49.548408,17.725956,8,49.5938,17.2509,34.63,34.1
1313739596,49.91639,16.609911,8,49.5938,17.2509,58.37,69.5
2313147212,49.476916,17.980714,9,49.2265,17.6625,36.15,59.4
1673274188,50.228607,14.877106,11,50.0406,14.5567,30.96,43.6
689058636,48.80204,16.631518,14,49.1951,16.6068,43.74,44.1
4017369932,50.164089,14.119515,10,50.088,14.4208,23.08,40.7
3099710284,49.73286,13.356112,2,49.7384,13.3736,1.4,4.7
805200460,49.966478,12.706635,3,50.2327,12.8712,31.84,47.3
707367756,48.977125,17.089564,14,49.1951,16.6068,42.7,56.7
2068308812,50.224758,12.832798,3,50.2327,12.8712,2.87,6.0
1328972620,49.2078,16.627562,14,49.1951,16.6068,2.07,5.4
953533260,49.197522,16.658122,14,49.1951,16.6068,3.74,10.1
1985680204,50.590007,15.141307,5,50.7671,15.0562,20.58,21.1
3929289548,49.984449,14.496599,11,50.0406,14.5567,7.58,16.2
3636929356,49.250592,16.584847,14,49.1951,16.6068,6.37,11.1
2496598860,49.226176,17.700228,9,49.2265,17.6625,2.74,6.0
843649868,50.188278,15.022531,11,50.0406,14.5567,37.05,49.2
3158905676,50.188278,15.022531,11,50.0406,14.5567,37.05,49.2
2045711180,49.867681,18.424212,12,49.8209,18.2625,12.71,24.5
3070169932,49.949574,12.705436,3,50.2327,12.8712,33.63,49.3
1404891980,48.972112,17.081834,14,49.1951,16.6068,42.56,57.9
1782956876,50.240441,14.300853,10,50.088,14.4208,18.98,33.8
2980127564,50.483694,13.426788,4,50.6607,14.0328,47.11,53.0
2399671116,50.579643,15.158361,5,50.7671,15.0562,22.05,21.8
3411546956,49.576741,18.766009,12,49.8209,18.2625,45.26,46.2
270787404,50.770531,15.061072,5,50.7671,15.0562,0.51,2.9
4068852556,49.918265,15.386098,7,50.0343,15.7704,30.36,42.5
485876556,49.251777,17.66506,9,49.2265,17.6625,2.82,8.2
1496257356,50.64913,13.853973,4,50.6607,14.0328,12.67,18.9
2504987468,48.851979,17.125331,14,49.1951,16.6068,53.71,55.4
1919189836,50.501263,13.449489,4,50.6607,14.0328,44.84,52.1
2138924364,49.598855,17.236101,8,49.5938,17.2509,1.21,3.7
2621801292,48.835186,16.852628,14,49.1951,16.6068,43.85,37.8
3970839372,48.754892,16.888448,14,49.1951,16.6068,53.09,46.0
2213679692,50.678329,14.537223,4,50.6607,14.0328,35.6,55.1
3809977164,48.932234,14.744129,1,48.9745,14.4743,20.26,35.3
1085805388,49.724895,18.466193,12,49.8209,18.2625,18.11,31.2
165155660,49.672362,14.004716,2,49.7384,13.3736,45.97,68.1
2771727180,50.857531,14.49729,4,50.6607,14.0328,39.33,59.0
675165004,49.291644,13.142364,2,49.7384,13.3736,52.41,58.9
2550076236,50.772085,15.431413,5,50.7671,15.0562,26.39,49.1
4079948620,49.595676,17.237192,8,49.5938,17.2509,1.01,3.3
2929013580,49.307059,16.545193,14,49.1951,16.6068,13.23,20.1
2564318540,50.62475,13.818018,4,50.6607,14.0328,15.66,19.3
1870828364,50.144697,14.097535,10,50.088,14.4208,23.9,37.5
2888766284,50.434218,15.358067,6,50.2104,15.8252,41.46,46.7
1551831884,49.044829,15.816116,13,49.3961,15.5904,42.36,51.3
3415741260,49.432162,18.288596,12,49.8209,18.2625,43.27,58.3
2131145548,50.728589,15.170382,5,50.7671,15.0562,9.1,15.2
4285186892,48.999829,14.449341,1,48.9745,14.4743,3.35,8.0
655881036,50.191451,15.841891,6,50.2104,15.8252,2.42,7.7
1232544588,50.634972,13.803796,4,50.6607,14.0328,16.4,19.1
494867276,50.132263,14.422829,10,50.088,14.4208,4.92,17.2
632066636,50.624778,13.817306,4,50.6607,14.0328,15.71,19.2
64492364,50.24452,14.309313,10,50.088,14.4208,19.13,33.6
3045442380,49.793489,18.232067,12,49.8209,18.2625,3.75,8.4
3163829068,50.025858,15.77334,7,50.0343,15.7704,0.96,3.0
828285772,49.776489,18.447657,12,49.8209,18.2625,14.18,20.9
3616678732,49.198303,16.619353,14,49.1951,16.6068,0.98,4.0
109626188,49.868309,18.428479,12,49.8209,18.2625,13.02,26.8
380449612,49.805061,18.242751,12,49.8209,18.2625,2.26,6.4
1612837708,49.201436,17.542204,9,49.2265,17.6625,9.17,15.9
3554333516,50.762129,15.06023,5,50.7671,15.0562,0.62,2.4
414565196,50.190338,15.051649,11,50.0406,14.5567,39.02,48.7
1993093964,49.732316,13.355663,2,49.7384,13.3736,1.46,5.1
170468172,49.185885,16.381241,14,49.1951,16.6068,16.42,21.4
612307788,50.163363,14.734685,11,50.0406,14.5567,18.64,32.2
2100745036,50.643446,13.83379,4,50.6607,14.0328,14.16,19.3
2879918924,49.962584,16.967277,8,49.5938,17.2509,45.79,47.2
1842991948,50.390337,13.187462,3,50.2327,12.8712,28.49,35.3
3613840204,50.038504,15.784212,7,50.0343,15.7704,1.09,3.3
3122602828,49.204671,16.614652,14,49.1951,16.6068,1.21,4.1
2273252172,50.593166,13.566075,4,50.6607,14.0328,33.77,44.4
2250437452,50.601395,15.696943,6,50.2104,15.8252,44.42,66.4
2763526988,50.328412,13.540193,3,50.2327,12.8712,48.71,64.9
640955212,50.233103,12.871799,3,50.2327,12.8712,0.06,0.5
2937000780,49.786051,18.269997,12,49.8209,18.2625,3.91,7.6
1079972684,48.980086,14.499787,1,48.9745,14.4743,1.96,4.9
2688619852,50.193516,14.955979,11,50.0406,14.5567,33.16,43.6
2080387916,49.827627,18.276035,12,49.8209,18.2625,1.23,3.8
453362508,50.495208,13.660346,4,50.6607,14.0328,32.1,39.7
3281904460,50.575995,14.499398,4,50.6607,14.0328,34.24,57.9
3666416460,50.105619,14.538718,11,50.0406,14.5567,7.34,16.7
906621772,49.885949,14.377977,11,50.0406,14.5567,21.43,38.9
3813094220,49.211959,16.597364,14,49.1951,16.6068,2.0,4.8
2418197324,49.174645,15.45646,13,49.3961,15.5904,26.47,35.7
663479116,49.895713,18.205213,12,49.8209,18.2625,9.28,16.7
1235751756,50.659251,13.986837,4,50.6607,14.0328,3.24,5.7
3813471052,50.186012,14.64848,11,50.0406,14.5567,17.44,29.5
3129545548,50.772039,15.169133,5,50.7671,15.0562,7.96,18.0
3155104588,49.163472,16.61285,14,49.1951,16.6068,3.54,9.3
2202280780,49.187124,16.636467,14,49.1951,16.6068,2.33,6.9
2607747916,48.847195,17.127931,14,49.1951,16.6068,54.23,56.1
4228305740,50.643446,13.83379,4,50.6607,14.0328,14.16,19.3
4272427852,48.959352,13.757922,1,48.9745,14.4743,52.32,71.9
3762959180,49.592989,13.109272,2,49.7384,13.3736,24.97,32.3
4146840396,49.579201,17.254523,8,49.5938,17.2509,1.64,4.1
3907306316,50.138373,14.334467,10,50.088,14.4208,8.32,17.7
3098424140,49.354284,16.023689,13,49.3961,15.5904,31.71,28.4
4168029004,50.327934,12.511915,3,50.2327,12.8712,27.64,40.9
695427660,50.775009,15.426484,5,50.7671,15.0562,26.05,48.9
2913473356,49.775502,18.447057,12,49.8209,18.2625,14.18,21.0
398644044,50.700625,14.539657,4,50.6607,14.0328,35.99,57.8
3876524876,50.697439,13.931491,4,50.6607,14.0328,8.22,11.3
1100550988,49.788884,18.264952,12,49.8209,18.2625,3.56,9.4
1632572236,49.747783,13.378349,2,49.7384,13.3736,1.1,5.4
3126190924,49.836895,18.247764,12,49.8209,18.2625,2.07,4.4
3505209932,50.488466,13.651046,4,50.6607,14.0328,33.07,40.6
3255767884,50.772085,15.431413,5,50.7671,15.0562,26.39,49.1
446911052,49.391393,15.600192,13,49.3961,15.5904,0.88,2.7
1850000204,50.201642,15.807591,6,50.2104,15.8252,1.59,4.4
1230656076,49.150866,17.000027,14,49.1951,16.6068,29.01,31.4
1488458572,50.898755,14.624904,5,50.7671,15.0562,33.64,46.2
689320780,49.245228,16.573635,14,49.1951,16.6068,6.07,12.5
2093597516,49.394376,15.576775,13,49.3961,15.5904,1.0,3.0
1375916876,49.143424,13.556459,2,49.7384,13.3736,67.47,89.0
24056652,49.467857,17.118111,8,49.5938,17.2509,16.97,18.6
3484947276,49.569695,17.252196,8,49.5938,17.2509,2.68,6.3
3534230348,50.220801,12.184281,3,50.2327,12.8712,48.88,48.6
4234597196,49.679125,18.365098,12,49.8209,18.2625,17.4,20.6
321229644,50.367231,14.849785,11,50.0406,14.5567,41.88,47.5
3864531788,48.986471,17.404828,9,49.2265,17.6625,32.62,46.4
2469671756,49.71564,13.198804,2,49.7384,13.3736,12.82,18.7
2868331852,49.21824,13.30785,2,49.7384,13.3736,58.03,66.0
4067365708,50.224624,14.584761,10,50.088,14.4208,19.16,32.2
2830635852,49.569695,17.252196,8,49.5938,17.2509,2.68,6.3
664408908,49.83304,18.286804,12,49.8209,18.2625,2.2,6.5
37044812,50.558692,13.777558,4,50.6607,14.0328,21.29,25.2
2118243148,50.078197,14.864236,11,50.0406,14.5567,22.35,35.3
1774904140,49.935681,14.282353,10,50.088,14.4208,19.61,31.7
3438224204,50.070556,14.409026,10,50.088,14.4208,2.11,7.3
1581900620,50.467073,13.432951,4,50.6607,14.0328,47.53,53.4
4136903500,50.15854,14.753928,11,50.0406,14.5567,19.23,31.6
3166180172,49.569695,17.252196,8,49.5938,17.2509,2.68,6.3
190194508,50.153907,14.578578,11,50.0406,14.5567,12.7,26.7
2336109388,49.974439,16.955957,8,49.5938,17.2509,47.33,49.4
4015375180,49.9438,14.579404,11,50.0406,14.5567,10.89,24.0
378082124,49.478185,17.105718,8,49.5938,17.2509,16.58,18.1
85140300,49.402602,16.719845,14,49.1951,16.6068,24.49,39.6
1129255756,49.478547,17.141907,8,49.5938,17.2509,15.04,19.6
2593125196,50.145323,15.123827,11,50.0406,14.5567,42.1,44.4
1824002892,49.220765,16.587518,14,49.1951,16.6068,3.18,6.6
302519116,50.621629,13.823684,4,50.6607,14.0328,15.37,18.2
4031714124,49.226585,14.427142,1,48.9745,14.4743,28.24,35.9
2022425420,50.771231,14.189796,4,50.6607,14.0328,16.53,26.9
3988263756,49.569695,17.252196,8,49.5938,17.2509,2.68,6.3
3381011276,50.038444,15.790079,7,50.0343,15.7704,1.48,4.7
4285882956,49.965952,16.976803,8,49.5938,17.2509,45.82,48.2
4148106060,49.91639,16.609911,8,49.5938,17.2509,58.37,69.5
2169443148,49.19367,16.609152,14,49.1951,16.6068,0.23,2.3
2575446860,50.663292,15.91063,6,50.2104,15.8252,50.72,60.4
2360873804,49.569695,17.252196,8,49.5938,17.2509,2.68,6.3
2679386956,50.857598,14.497316,4,50.6607,14.0328,39.33,59.0
895259468,50.781911,14.144057,4,50.6607,14.0328,15.59,29.5
1847309132,50.370541,17.186508,8,49.5938,17.2509,86.49,126.1
3640800076,50.484437,13.427763,4,50.6607,14.0328,47.01,52.8
2209952588,50.037973,15.761167,7,50.0343,15.7704,0.78,2.0
2987008844,49.842191,18.157048,12,49.8209,18.2625,7.93,14.1
2804212556,50.234149,12.87192,3,50.2327,12.8712,0.17,1.3
2931147596,49.051277,14.195671,1,48.9745,14.4743,22.04,28.3
3513332556,48.998343,15.354279,13,49.3961,15.5904,47.44,60.0
2648032076,49.197522,16.658122,14,49.1951,16.6068,3.74,10.1
2111161164,49.197522,16.658122,14,49.1951,16.6068,3.74,10.1
3990209356,49.197522,16.658122,14,49.1951,16.6068,3.74,10.1
483771212,49.197522,16.658122,14,49.1951,16.6068,3.74,10.1
997573452,50.769852,14.214979,4,50.6607,14.0328,17.66,27.8
2731918156,49.197522,16.658122,14,49.1951,16.6068,3.74,10.1
4074095436,49.197522,16.658122,14,49.1951,16.6068,3.74,10.1
3554001740,49.197522,16.658122,14,49.1951,16.6068,3.74,10.1
2591408972,50.966628,15.024946,5,50.7671,15.0562,22.29,34.1
1805267788,49.290362,17.373971,9,49.2265,17.6625,22.11,33.0
30786380,49.197522,16.658122,14,49.1951,16.6068,3.74,10.1
886424396,49.197522,16.658122,14,49.1951,16.6068,3.74,10.1
2010497868,49.197522,16.658122,14,49.1951,16.6068,3.74,10.1
3050685260,49.197522,16.658122,14,49.1951,16.6068,3.74,10.1
3094725452,50.425104,15.352983,6,50.2104,15.8252,41.16,46.7
1145013068,50.182145,12.554465,3,50.2327,12.8712,23.23,29.3
3418735436,49.197522,16.658122,14,49.1951,16.6068,3.74,10.1
2881864524,49.197522,16.658122,14,49.1951,16.6068,3.74,10.1
3099968332,49.197522,16.658122,14,49.1951,16.6068,3.74,10.1
1249231692,49.93097,17.15502,8,49.5938,17.2509,38.12,56.9
2579874636,49.197522,16.658122,14,49.1951,16.6068,3.74,10.1
4224041804,49.197522,16.658122,14,49.1951,16.6068,3.74,10.1
1053147980,49.197522,16.658122,14,49.1951,16.6068,3.74,10.1
3212165964,50.23232,17.207205,8,49.5938,17.2509,71.07,105.2
2412102476,49.197522,16.658122,14,49.1951,16.6068,3.74,10.1
687194956,49.55646,17.247211,8,49.5938,17.2509,4.16,10.0
2801124172,49.895872,18.547791,12,49.8209,18.2625,22.08,38.7
2428166988,49.451289,16.533071,14,49.1951,16.6068,28.98,34.3
1826997068,50.414393,14.926139,5,50.7671,15.0562,40.28,35.3
236176204,49.464115,17.114389,8,49.5938,17.2509,17.46,19.6
3524641612,49.815309,14.396117,11,50.0406,14.5567,27.56,48.2
461427532,50.636452,13.818195,4,50.6607,14.0328,15.37,17.9
3869513036,50.215288,15.844066,6,50.2104,15.8252,1.45,3.8
740672332,49.960625,12.698637,3,50.2327,12.8712,32.66,47.1
1197290828,49.772928,16.927191,8,49.5938,17.2509,30.64,25.3
1636696652,49.772928,16.927191,8,49.5938,17.2509,30.64,25.3
2261443404,49.451289,16.533071,14,49.1951,16.6068,28.98,34.3
2594358092,49.68723,18.362123,12,49.8209,18.2625,16.5,19.9
3983811148,49.086342,15.433929,13,49.3961,15.5904,36.27,47.2
1311564620,49.827532,18.255101,12,49.8209,18.2625,0.91,1.6
143364684,50.629102,15.610181,5,50.7671,15.0562,41.93,67.4
2375070284,50.629165,15.610129,5,50.7671,15.0562,41.92,67.4
425059148,50.709717,15.193457,5,50.7671,15.0562,11.58,19.6
1852162892,49.197522,16.658122,14,49.1951,16.6068,3.74,10.1
2556805964,49.197522,16.658122,14,49.1951,16.6068,3.74,10.1
3331994444,50.077708,12.36472,3,50.2327,12.8712,39.99,32.0
2715431756,50.100961,15.630974,7,50.0343,15.7704,12.41,18.7
1244009036,49.75836,13.37609,2,49.7384,13.3736,2.23,6.1
3054826316,49.967984,14.089038,10,50.088,14.4208,27.2,34.2
532738892,50.066719,12.36888,3,50.2327,12.8712,40.27,32.6
4263768908,50.750734,15.064755,5,50.7671,15.0562,1.92,5.6
2250442060,49.156322,13.226715,2,49.7384,13.3736,65.59,77.9
2242085708,50.635821,13.8185,4,50.6607,14.0328,15.36,17.7
3617207116,49.4791,17.119912,8,49.5938,17.2509,15.87,16.5
3636523852,48.768261,16.888485,14,49.1951,16.6068,51.72,43.5
2843501132,49.227236,16.590455,14,49.1951,16.6068,3.77,8.7
891286348,50.245394,12.829266,3,50.2327,12.8712,3.3,6.3
686551884,50.598697,13.594493,4,50.6607,14.0328,31.68,41.1
467043148,50.406938,16.156429,6,50.2104,15.8252,32.11,37.6
730477388,50.077708,12.36472,3,50.2327,12.8712,39.99,32.0
3072512844,49.74346,13.367538,2,49.7384,13.3736,0.71,2.6
2072654668,50.077708,12.36472,3,50.2327,12.8712,39.99,32.0
327824204,50.632815,13.846417,4,50.6607,14.0328,13.5,16.4
2240426828,50.235679,12.88715,3,50.2327,12.8712,1.18,3.1
947348812,50.407696,12.983404,3,50.2327,12.8712,21.03,32.4
3784098380,49.004277,14.754544,1,48.9745,14.4743,20.71,24.6
2778973004,50.415118,14.90372,5,50.7671,15.0562,40.59,37.8
1247502924,50.037567,15.787009,7,50.0343,15.7704,1.24,3.7
3068392268,50.0237,15.75488,7,50.0343,15.7704,1.62,4.0
2720436812,49.137601,13.23088,2,49.7384,13.3736,67.6,77.5
3836359500,49.770934,13.372338,2,49.7384,13.3736,3.62,7.7
3333043020,50.542378,13.776049,4,50.6607,14.0328,22.39,28.2
2630497100,50.649122,13.838183,4,50.6607,14.0328,13.78,19.9
1373967180,49.827432,18.194159,12,49.8209,18.2625,4.96,8.6
1205482316,49.396146,13.313119,2,49.7384,13.3736,38.31,41.4
2312368972,49.398743,13.276011,2,49.7384,13.3736,38.42,43.4
2084225868,50.806448,14.767137,5,50.7671,15.0562,20.79,27.4
658694988,50.806448,14.767137,5,50.7671,15.0562,20.79,27.4
4249358924,50.249251,12.82994,3,50.2327,12.8712,3.46,6.6
3706336076,50.413596,16.162778,6,50.2104,15.8252,32.94,38.5
886358604,49.117652,16.334108,14,49.1951,16.6068,21.62,31.2
3068801868,50.044242,17.581565,12,49.8209,18.2625,54.7,69.4
2436235852,49.20064,16.602755,14,49.1951,16.6068,0.68,2.4
15909708,49.117807,16.334197,14,49.1951,16.6068,21.61,31.3
2869297740,49.20064,16.602755,14,49.1951,16.6068,0.68,2.4
1578775372,50.622967,13.596391,4,50.6607,14.0328,31.06,42.3
593261132,49.20064,16.602755,14,49.1951,16.6068,0.68,2.4
402977612,50.694742,14.546188,4,50.6607,14.0328,36.37,57.2
2381378380,50.173786,12.676259,3,50.2327,12.8712,15.34,14.4
3565314636,48.949286,14.468321,1,48.9745,14.4743,2.84,5.5
3111121740,49.858559,13.77399,2,49.7384,13.3736,31.69,37.7
3425735500,50.30221,12.556556,3,50.2327,12.8712,23.66,38.0
426500940,49.20064,16.602755,14,49.1951,16.6068,0.68,2.4
929854028,49.20064,16.602755,14,49.1951,16.6068,0.68,2.4
2948776780,49.117807,16.334197,14,49.1951,16.6068,21.61,31.3
3093066316,49.20064,16.602755,14,49.1951,16.6068,0.68,2.4
1136644684,50.652756,15.905714,6,50.2104,15.8252,49.52,58.9
3493401164,49.085509,17.889636,9,49.2265,17.6625,22.77,38.8
114475852,49.117807,16.334197,14,49.1951,16.6068,21.61,31.3
1121108812,49.117807,16.334197,14,49.1951,16.6068,21.61,31.3
525067084,49.589085,13.101351,2,49.7384,13.3736,25.68,32.3
2249474636,48.641719,14.219102,1,48.9745,14.4743,41.46,58.8
2013934412,50.228353,12.869959,3,50.2327,12.8712,0.49,2.8
3277685580,50.369447,12.816004,3,50.2327,12.8712,15.7,29.7
1544172364,50.136322,14.126186,10,50.088,14.4208,21.68,33.4
3171562316,50.136322,14.126186,10,50.088,14.4208,21.68,33.4
487207756,50.136322,14.126186,10,50.088,14.4208,21.68,33.4
2617033548,49.861379,15.46354,7,50.0343,15.7704,29.19,45.3
2776519244,49.861437,15.463576,7,50.0343,15.7704,29.18,45.3
3511522124,49.226655,17.666337,9,49.2265,17.6625,0.28,1.0
4209886028,50.161503,14.318551,10,50.088,14.4208,10.95,22.2
2916672844,50.160502,14.31447,10,50.088,14.4208,11.07,21.4
2922001228,50.222087,12.181043,3,50.2327,12.8712,49.11,48.9
3028276044,49.471272,17.093779,8,49.5938,17.2509,17.73,21.3
70923084,49.586536,17.228418,8,49.5938,17.2509,1.81,4.3
853787468,49.205276,16.604408,14,49.1951,16.6068,1.14,4.0
3588473676,49.205276,16.604408,14,49.1951,16.6068,1.14,4.0
3645940556,49.57427,13.331571,2,49.7384,13.3736,18.5,18.6
2662715980,49.976568,14.085821,10,50.088,14.4208,26.94,35.6
2541302604,50.046763,14.175326,10,50.088,14.4208,18.11,30.7
1213870924,50.481994,13.428732,4,50.6607,14.0328,47.06,52.5
2079949644,50.769996,15.058448,5,50.7671,15.0562,0.36,1.9
2753225548,50.634369,15.781999,6,50.2104,15.8252,47.24,60.7
1816843084,49.760329,16.471777,7,50.0343,15.7704,58.75,69.4
2982921036,49.968252,14.520622,11,50.0406,14.5567,8.45,19.1
1484776268,50.489926,13.4445,4,50.6607,14.0328,45.68,50.7
1517802316,50.516973,13.636339,4,50.6607,14.0328,32.23,38.6
76989260,49.009195,17.13146,14,49.1951,16.6068,43.43,54.2
286970700,48.982795,14.477343,1,48.9745,14.4743,0.95,3.5
3543061324,49.734073,18.001604,12,49.8209,18.2625,21.08,23.6
3427390284,50.236623,12.839761,3,50.2327,12.8712,2.28,5.2
2932351820,50.141855,14.112185,10,50.088,14.4208,22.81,35.6
3705770828,49.809461,18.233015,12,49.8209,18.2625,2.47,7.2
2523890508,50.003365,13.996702,10,50.088,14.4208,31.71,44.0
47563596,49.197522,16.658122,14,49.1951,16.6068,3.74,10.1
16040780,49.197522,16.658122,14,49.1951,16.6068,3.74,10.1
114606924,49.197522,16.658122,14,49.1951,16.6068,3.74,10.1
76206924,48.857426,16.053259,14,49.1951,16.6068,55.12,58.4
197509964,49.197522,16.658122,14,49.1951,16.6068,3.74,10.1
247841612,49.197522,16.658122,14,49.1951,16.6068,3.74,10.1
80003916,49.197522,16.658122,14,49.1951,16.6068,3.74,10.1
128238412,49.197522,16.658122,14,49.1951,16.6068,3.74,10.1
2928642396,50.224539,12.8826,3,50.2327,12.8712,1.22,4.7
301253452,49.197522,16.658122,14,49.1951,16.6068,3.74,10.1
2611642956,49.293872,13.14353,2,49.7384,13.3736,52.15,57.9
383107916,49.197522,16.658122,14,49.1951,16.6068,3.74,10.1
418693964,49.197522,16.658122,14,49.1951,16.6068,3.74,10.1
433439564,49.197522,16.658122,14,49.1951,16.6068,3.74,10.1
374424140,50.746294,15.057369,5,50.7671,15.0562,2.31,5.4
346342220,49.197522,16.658122,14,49.1951,16.6068,3.74,10.1
550880076,49.197522,16.658122,14,49.1951,16.6068,3.74,10.1
1021625164,49.197522,16.658122,14,49.1951,16.6068,3.74,10.1
4239835980,50.686159,13.881589,4,50.6607,14.0328,11.03,17.0
1070973772,49.197522,16.658122,14,49.1951,16.6068,3.74,10.1
648332108,49.197522,16.658122,14,49.1951,16.6068,3.74,10.1
1087750988,49.197522,16.658122,14,49.1951,16.6068,3.74,10.1
1254474572,49.197522,16.658122,14,49.1951,16.6068,3.74,10.1
1426203468,48.850671,16.053939,14,49.1951,16.6068,55.6,58.6
1291109196,49.197522,16.658122,14,49.1951,16.6068,3.74,10.1
1590018892,49.197522,16.658122,14,49.1951,16.6068,3.74,10.1
1372963660,49.197522,16.658122,14,49.1951,16.6068,3.74,10.1
1875231564,49.197522,16.658122,14,49.1951,16.6068,3.74,10.1
150389580,50.387375,13.266739,3,50.2327,12.8712,32.94,42.6
2550977356,49.205831,16.602776,14,49.1951,16.6068,1.23,4.3
1708507980,49.197522,16.658122,14,49.1951,16.6068,3.74,10.1
1893057356,49.197522,16.658122,14,49.1951,16.6068,3.74,10.1
1843708748,49.197522,16.658122,14,49.1951,16.6068,3.74,10.1
3255223116,49.850897,13.371237,2,49.7384,13.3736,12.51,19.8
2786272076,49.524201,12.758057,2,49.7384,13.3736,50.33,65.0
2127938380,49.197522,16.658122,14,49.1951,16.6068,3.74,10.1
1995752268,49.197522,16.658122,14,49.1951,16.6068,3.74,10.1
2328150860,49.197522,16.658122,14,49.1951,16.6068,3.74,10.1
2180301644,49.197522,16.658122,14,49.1951,16.6068,3.74,10.1
1127662412,50.229912,14.863527,11,50.0406,14.5567,30.35,44.1
4030931788,49.837002,18.28287,12,49.8209,18.2625,2.31,5.3
2464465740,49.197522,16.658122,14,49.1951,16.6068,3.74,10.1
2345976652,49.197522,16.658122,14,49.1951,16.6068,3.74,10.1
2429928268,49.197522,16.658122,14,49.1951,16.6068,3.74,10.1
2380579660,49.197522,16.658122,14,49.1951,16.6068,3.74,10.1
2421695052,49.311773,14.144187,1,48.9745,14.4743,44.53,51.2
2547368780,49.197522,16.658122,14,49.1951,16.6068,3.74,10.1
2515845964,49.197522,16.658122,14,49.1951,16.6068,3.74,10.1
2730804044,49.197522,16.658122,14,49.1951,16.6068,3.74,10.1
2695152460,49.197522,16.658122,14,49.1951,16.6068,3.74,10.1
1239860044,49.202777,16.600292,14,49.1951,16.6068,0.98,2.8
2197857100,49.613333,17.251866,8,49.5938,17.2509,2.17,6.0
2614477644,49.197522,16.658122,14,49.1951,16.6068,3.74,10.1
2997142348,49.197522,16.658122,14,49.1951,16.6068,3.74,10.1
3587556172,49.197522,16.658122,14,49.1951,16.6068,3.74,10.1
3085222732,49.197522,16.658122,14,49.1951,16.6068,3.74,10.1
3217408844,49.197522,16.658122,14,49.1951,16.6068,3.74,10.1
3369452364,49.197522,16.658122,14,49.1951,16.6068,3.74,10.1
3472147276,49.197522,16.658122,14,49.1951,16.6068,3.74,10.1
3403989836,49.197522,16.658122,14,49.1951,16.6068,3.74,10.1
1620140620,49.566987,15.354369,13,49.3961,15.5904,25.53,30.3
895624012,49.197971,16.602042,14,49.1951,16.6068,0.47,3.5
3604333388,49.197522,16.658122,14,49.1951,16.6068,3.74,10.1
3689202508,49.197522,16.658122,14,49.1951,16.6068,3.74,10.1
3955540812,49.197522,16.658122,14,49.1951,16.6068,3.74,10.1
3772105548,49.197522,16.658122,14,49.1951,16.6068,3.74,10.1
2179953228,48.865319,13.911104,1,48.9745,14.4743,42.9,66.7
1919739212,49.395174,13.293438,2,49.7384,13.3736,38.6,42.3
3956654924,49.197522,16.658122,14,49.1951,16.6068,3.74,10.1
4107649868,49.197522,16.658122,14,49.1951,16.6068,3.74,10.1
931578700,50.655145,13.843778,4,50.6607,14.0328,13.34,19.0
3904291660,50.252063,14.513519,10,50.088,14.4208,19.4,30.0
4209296204,49.197522,16.658122,14,49.1951,16.6068,3.74,10.1
2140484172,49.07515,17.43338,9,49.2265,17.6625,23.68,33.0
248304460,49.004277,14.754544,1,48.9745,14.4743,20.71,24.6
475448140,50.31154,12.86979,3,50.2327,12.8712,8.77,17.5
161661516,50.059404,14.51817,11,50.0406,14.5567,3.46,8.6
495436620,49.554265,15.944571,13,49.3961,15.5904,31.05,41.0
1511223884,50.749417,15.067144,5,50.7671,15.0562,2.11,6.7
83563084,49.678876,13.231226,2,49.7384,13.3736,12.19,17.8
1009017420,50.770487,15.432582,5,50.7671,15.0562,26.47,49.8
2460648268,50.230105,12.866589,3,50.2327,12.8712,0.44,1.0
3894698572,50.770487,15.432582,5,50.7671,15.0562,26.47,49.8
3139723852,50.770487,15.432582,5,50.7671,15.0562,26.47,49.8
2482762572,49.948844,15.291405,7,50.0343,15.7704,35.54,49.6
2145895244,50.675045,14.102602,4,50.6607,14.0328,5.17,9.8
3124642380,49.468275,17.096972,8,49.5938,17.2509,17.84,21.5
4251341388,49.547253,18.320596,12,49.8209,18.2625,30.71,31.7
2164769612,49.197522,16.658122,14,49.1951,16.6068,3.74,10.1
1144505164,49.197522,16.658122,14,49.1951,16.6068,3.74,10.1
1496826700,49.197522,16.658122,14,49.1951,16.6068,3.74,10.1
3978806092,49.197522,16.658122,14,49.1951,16.6068,3.74,10.1
2938618700,50.229237,17.202086,8,49.5938,17.2509,70.74,103.9
978752332,49.943422,14.579278,11,50.0406,14.5567,10.93,24.0
3678913356,49.197522,16.658122,14,49.1951,16.6068,3.74,10.1
3610755916,50.781265,15.420634,5,50.7671,15.0562,25.67,46.5
2929046348,49.137436,13.235198,2,49.7384,13.3736,67.57,77.2
3219243852,50.633966,13.843326,4,50.6607,14.0328,13.69,16.6
3897017164,49.197522,16.658122,14,49.1951,16.6068,3.74,10.1
2017968972,49.197522,16.658122,14,49.1951,16.6068,3.74,10.1
2387067724,49.197522,16.658122,14,49.1951,16.6068,3.74,10.1
823059276,49.989656,14.645805,11,50.0406,14.5567,8.52,17.3
28705356,49.087013,13.654737,1,48.9745,14.4743,61.05,82.1
793232204,49.197522,16.658122,14,49.1951,16.6068,3.74,10.1
3427255116,49.197522,16.658122,14,49.1951,16.6068,3.74,10.1
1330103116,49.197522,16.658122,14,49.1951,16.6068,3.74,10.1
2482103116,49.237547,16.646491,14,49.1951,16.6068,5.53,32.5
3990459212,49.222956,16.751505,14,49.1951,16.6068,10.96,19.8
797098828,50.715108,15.578679,5,50.7671,15.0562,37.22,77.9
1374602060,49.857526,18.555915,12,49.8209,18.2625,21.43,33.4
2098058060,50.039064,15.799515,7,50.0343,15.7704,2.15,5.8
3310019404,49.74249,15.957343,7,50.0343,15.7704,35.1,44.2
926405452,49.732488,13.373592,2,49.7384,13.3736,0.66,2.0
2440262220,50.779421,15.113167,5,50.7671,15.0562,4.23,9.1
1887486796,49.779758,13.368625,2,49.7384,13.3736,4.61,9.9
3971007308,49.782401,18.442234,12,49.8209,18.2625,13.59,20.2
1387053900,49.074775,17.446861,9,49.2265,17.6625,23.03,32.3
1170260812,49.912435,12.802095,3,50.2327,12.8712,35.95,60.5
4142973772,50.722322,15.167926,5,50.7671,15.0562,9.31,15.9
2704270156,50.229369,17.20464,8,49.5938,17.2509,70.75,105.8
3792491340,50.326029,12.515328,3,50.2327,12.8712,27.33,40.9
664453964,49.74623,13.001452,2,49.7384,13.3736,26.76,28.9
3311391564,49.965334,12.701711,3,50.2327,12.8712,32.09,45.3
1414062924,49.767938,13.37289,2,49.7384,13.3736,3.28,6.9
3618952012,50.3072,12.550938,3,50.2327,12.8712,24.22,38.5
3454067532,49.952759,12.699439,3,50.2327,12.8712,33.45,48.3
2776286028,49.953463,12.701007,3,50.2327,12.8712,33.34,47.9
235852620,50.224932,12.880402,3,50.2327,12.8712,1.08,4.2
1762382668,49.696787,13.421886,2,49.7384,13.3736,5.78,11.2
1980674892,49.331395,17.584162,9,49.2265,17.6625,12.97,23.1
1837679436,50.041828,14.245382,10,50.088,14.4208,13.53,24.9
4282114892,50.730253,15.472435,5,50.7671,15.0562,29.57,55.0
1783882572,49.395174,13.293438,2,49.7384,13.3736,38.6,42.3
1992434508,50.56214,14.655643,5,50.7671,15.0562,36.28,57.4
1395204940,49.790879,18.26979,12,49.8209,18.2625,3.38,7.7
2042766156,50.684747,13.888845,4,50.6607,14.0328,10.49,15.0
3908182860,49.654196,13.197006,2,49.7384,13.3736,15.78,20.5
2615288652,49.781624,14.686965,11,50.0406,14.5567,30.27,34.8
35861324,50.235975,14.853506,11,50.0406,14.5567,30.32,42.4
2928353868,49.115028,13.829056,1,48.9745,14.4743,49.56,62.6
3277918796,50.772085,15.431413,5,50.7671,15.0562,26.39,49.1
4262601548,50.639542,13.840962,4,50.6607,14.0328,13.73,20.3
3817743180,49.767302,13.367258,2,49.7384,13.3736,3.25,7.1
4096926540,49.654196,13.197006,2,49.7384,13.3736,15.78,20.5
1507865420,50.77903,14.22234,4,50.6607,14.0328,18.74,28.5
355607372,49.654196,13.197006,2,49.7384,13.3736,15.78,20.5
3291620172,49.654196,13.197006,2,49.7384,13.3736,15.78,20.5
3390780236,50.482535,13.427971,4,50.6607,14.0328,47.08,52.6
3406377804,49.849299,18.555276,12,49.8209,18.2625,21.23,33.6
1482625868,50.216573,15.824217,6,50.2104,15.8252,0.69,1.7
4270162764,49.410065,15.586338,13,49.3961,15.5904,1.58,4.4
1549456204,48.989152,14.530314,1,48.9745,14.4743,4.4,8.8
542257996,49.039679,16.310084,14,49.1951,16.6068,27.66,40.7
724706124,50.078197,14.864236,11,50.0406,14.5567,22.35,35.3
604119884,50.078197,14.864236,11,50.0406,14.5567,22.35,35.3
3694273356,50.078197,14.864236,11,50.0406,14.5567,22.35,35.3
1713447756,50.222133,17.194036,8,49.5938,17.2509,69.99,102.5
1678910284,49.180556,16.638568,14,49.1951,16.6068,2.82,7.8
2636194636,49.914416,16.615988,8,49.5938,17.2509,57.89,68.1
2268009292,50.255987,14.643545,10,50.088,14.4208,24.51,38.8
2117215052,50.078197,14.864236,11,50.0406,14.5567,22.35,35.3
3589997388,50.067992,14.370439,10,50.088,14.4208,4.23,12.6
3124896588,50.037831,15.762461,7,50.0343,15.7704,0.69,2.2
2773623628,50.270816,12.786032,3,50.2327,12.8712,7.39,14.7
826417996,48.999829,14.449341,1,48.9745,14.4743,3.35,8.0
2768380748,50.078197,14.864236,11,50.0406,14.5567,22.35,35.3
541205324,50.433075,14.917318,5,50.7671,15.0562,38.41,36.4
2638357324,49.004348,16.610394,14,49.1951,16.6068,21.21,29.0
2993824588,50.323838,12.728772,3,50.2327,12.8712,14.32,21.4
4200735564,49.004348,16.610394,14,49.1951,16.6068,21.21,29.0
4234289996,49.197971,16.602042,14,49.1951,16.6068,0.47,3.5
1134994252,49.975834,12.704589,3,50.2327,12.8712,30.94,44.0
3954594380,49.66326,18.354193,12,49.8209,18.2625,18.73,17.2
143860556,49.715916,18.449663,12,49.8209,18.2625,17.8,29.1
2737505100,50.658886,13.72593,4,50.6607,14.0328,21.63,29.0
3740361292,49.827423,18.172213,12,49.8209,18.2625,6.52,11.9
1192108876,50.674827,14.059145,4,50.6607,14.0328,2.43,6.7
746791756,50.668898,14.063236,4,50.6607,14.0328,2.33,5.3
415642444,48.847903,16.055112,14,49.1951,16.6068,55.76,58.9
4070777676,49.506272,13.118893,2,49.7384,13.3736,31.67,41.1
2978161484,49.390929,14.423884,1,48.9745,14.4743,46.45,59.4
2166403660,48.829908,16.402708,14,49.1951,16.6068,43.25,43.6
289092428,50.405114,14.924419,5,50.7671,15.0562,41.31,37.3
1521689420,50.770704,15.060278,5,50.7671,15.0562,0.49,2.7
152765260,50.08272,14.243304,10,50.088,14.4208,12.68,24.5
646128460,49.575728,16.072888,13,49.3961,15.5904,40.17,54.4
3575911244,50.030091,14.503263,11,50.0406,14.5567,3.99,9.1
1268982604,50.740812,14.193152,4,50.6607,14.0328,14.38,23.8
718480204,50.197674,15.8139,6,50.2104,15.8252,1.63,3.9
1993548620,49.563634,16.065544,13,49.3961,15.5904,39.06,50.5
3805885260,50.862792,14.479649,4,50.6607,14.0328,38.64,57.8
2481992524,49.296847,15.476904,13,49.3961,15.5904,13.76,23.5
1664729932,50.691257,14.549972,4,50.6607,14.0328,36.6,58.7
1270137676,50.173289,14.648778,11,50.0406,14.5567,16.15,28.7
3720532812,49.963869,14.46054,11,50.0406,14.5567,10.96,21.1
669745996,50.130647,14.729075,11,50.0406,14.5567,15.86,25.0
4249736012,49.228737,16.632623,14,49.1951,16.6068,4.18,9.6
489472844,49.296847,15.476904,13,49.3961,15.5904,13.76,23.5
3030131532,49.82336,18.182577,12,49.8209,18.2625,5.74,11.4
1003373132,50.694514,14.543902,4,50.6607,14.0328,36.21,57.5
3466859340,50.109286,14.447537,10,50.088,14.4208,3.04,8.3
1710433100,50.446762,14.840578,5,50.7671,15.0562,38.73,44.5
1836331852,49.166876,16.576192,14,49.1951,16.6068,3.85,9.8
1778590540,49.198609,16.641744,14,49.1951,16.6068,2.57,8.0
3091563340,49.826652,18.194317,12,49.8209,18.2625,4.93,8.7
3675464524,50.664035,14.021168,4,50.6607,14.0328,0.9,1.7
3837211468,50.783108,15.054648,5,50.7671,15.0562,1.78,5.3
856892236,50.354906,13.815165,4,50.6607,14.0328,37.32,50.7
1682191180,50.732397,15.051431,5,50.7671,15.0562,3.87,6.3
2114134860,50.667651,14.082335,4,50.6607,14.0328,3.58,7.2
3355648844,49.774662,18.250865,12,49.8209,18.2625,5.21,10.2
318972748,50.086952,14.128621,10,50.088,14.4208,20.85,30.2
2419843916,50.491777,13.443308,4,50.6607,14.0328,45.67,51.5
2305016396,49.835022,18.292593,12,49.8209,18.2625,2.67,6.8
1073947468,49.846218,18.159936,12,49.8209,18.2625,7.88,15.2
1191387980,49.732902,13.581937,2,49.7384,13.3736,14.99,21.2
2581738316,49.475586,17.113004,8,49.5938,17.2509,16.49,17.9
772006732,50.149149,16.076643,6,50.2104,15.8252,19.16,25.5
3912442700,49.132825,15.00013,1,48.9745,14.4743,42.17,48.0
3617833804,50.415118,14.90372,5,50.7671,15.0562,40.59,37.8
523445068,50.382226,13.26751,3,50.2327,12.8712,32.69,42.4
1647518540,49.732902,13.581937,2,49.7384,13.3736,14.99,21.2
114504524,49.960134,14.045886,10,50.088,14.4208,30.32,35.9
2775908940,49.087013,13.654737,1,48.9745,14.4743,61.05,82.1
3605713740,50.709717,15.193457,5,50.7671,15.0562,11.58,19.6
3273859916,50.49929,13.638198,4,50.6607,14.0328,33.14,40.0
665572172,49.10146,14.572953,1,48.9745,14.4743,15.84,16.0
243524428,50.12747,14.121477,10,50.088,14.4208,21.79,32.7
3478332236,49.389499,14.682322,1,48.9745,14.4743,48.56,39.3
3930268492,49.197971,16.602042,14,49.1951,16.6068,0.47,3.5
2873303884,49.214396,16.624201,14,49.1951,16.6068,2.49,6.3
2621645644,50.212952,15.851304,6,50.2104,15.8252,1.88,4.4
1749230412,49.946802,15.79741,7,50.0343,15.7704,9.92,15.4
3249193804,49.404386,15.59811,13,49.3961,15.5904,1.08,4.1
1369727564,49.734895,13.370425,2,49.7384,13.3736,0.45,1.6
3297792588,50.294438,15.075985,11,50.0406,14.5567,46.53,57.2
76567116,50.294438,15.075985,11,50.0406,14.5567,46.53,57.2
1791812428,50.204591,14.839032,11,50.0406,14.5567,27.16,38.2
3279102796,49.223398,13.5095,2,49.7384,13.3736,58.1,75.4
809317196,50.23642,14.855445,11,50.0406,14.5567,30.45,42.7
2067911500,50.078197,14.864236,11,50.0406,14.5567,22.35,35.3
473027404,50.078069,14.864136,11,50.0406,14.5567,22.34,35.3
690082636,50.078197,14.864236,11,50.0406,14.5567,22.35,35.3
1805116236,50.201264,14.478576,10,50.088,14.4208,13.25,24.1
3999474508,49.728817,13.354422,2,49.7384,13.3736,1.74,5.1
476259148,49.667917,15.395858,13,49.3961,15.5904,33.33,45.9
2101076812,49.851093,14.405426,11,50.0406,14.5567,23.69,41.6
30049100,50.230105,12.866589,3,50.2327,12.8712,0.44,1.0
2963964748,50.230105,12.866589,3,50.2327,12.8712,0.44,1.0
2511528780,48.979406,16.513263,14,49.1951,16.6068,24.93,26.6
133260364,50.747129,15.059017,5,50.7671,15.0562,2.23,5.4
2866553676,49.585691,17.260311,8,49.5938,17.2509,1.13,4.0
2441880396,50.501799,13.450296,4,50.6607,14.0328,44.76,51.8
2458657612,50.289022,14.83745,11,50.0406,14.5567,34.1,36.2
4136379212,50.032842,15.208523,7,50.0343,15.7704,40.13,47.4
263988044,50.692349,14.553543,5,50.7671,15.0562,36.34,53.3
4035089228,48.639323,14.229322,1,48.9745,14.4743,41.36,59.5
2697282124,49.66691,13.966724,2,49.7384,13.3736,43.39,61.5
1179829068,48.98331,14.478217,1,48.9745,14.4743,1.02,3.8
648815436,49.585691,17.260311,8,49.5938,17.2509,1.13,4.0
2150556492,50.103745,14.434602,10,50.088,14.4208,2.01,6.4
1723605836,49.316953,17.027746,14,49.1951,16.6068,33.42,35.7
3185320780,48.84354,16.064002,14,49.1951,16.6068,55.63,57.3
506655564,48.981537,14.469295,1,48.9745,14.4743,0.86,3.2
3409003084,49.20796,16.880558,14,49.1951,16.6068,19.94,23.6
2161910604,49.696073,13.479307,2,49.7384,13.3736,8.94,16.0
3277120332,49.668786,12.775457,2,49.7384,13.3736,43.71,43.1
536617804,50.153907,14.578578,11,50.0406,14.5567,12.7,26.7
2614633292,49.948462,17.893279,12,49.8209,18.2625,30.02,38.1
1418535756,49.830561,18.169318,12,49.8209,18.2625,6.77,12.7
3888915276,50.327166,13.539533,3,50.2327,12.8712,48.64,64.8
2868482892,50.176878,14.411604,10,50.088,14.4208,9.9,23.8
1372332876,49.809913,18.267194,12,49.8209,18.2625,1.27,3.3
2355307340,50.032842,15.208523,7,50.0343,15.7704,40.13,47.4
3455853388,50.416068,16.171232,6,50.2104,15.8252,33.57,39.8
2599002956,49.719795,13.382647,2,49.7384,13.3736,2.17,4.9
2069828428,50.641096,13.825871,4,50.6607,14.0328,14.75,18.5
1350841164,50.663105,14.040227,4,50.6607,14.0328,0.59,1.3
1039934284,50.554011,13.774654,4,50.6607,14.0328,21.74,25.5
2199659340,49.254183,14.723422,1,48.9745,14.4743,36.0,28.8
2535203660,50.679926,14.117007,4,50.6607,14.0328,6.31,11.3
3575391052,50.851301,14.842659,5,50.7671,15.0562,17.69,22.4
3122406220,49.854791,18.263626,12,49.8209,18.2625,3.77,10.2
2517377868,49.999495,16.234976,7,50.0343,15.7704,33.42,45.7
2970362700,49.999495,16.234976,7,50.0343,15.7704,33.42,45.7
1687761740,49.822756,18.309432,12,49.8209,18.2625,3.37,11.9
2339320652,49.939648,15.801984,7,50.0343,15.7704,10.76,16.1
3475776332,50.209814,13.678556,10,50.088,14.4208,54.59,55.4
3529061196,49.692579,15.276311,13,49.3961,15.5904,40.0,43.4
893133644,49.168629,16.727314,14,49.1951,16.6068,9.24,16.8
1343517260,50.152172,16.813038,8,49.5938,17.2509,69.57,82.3
1532765004,49.742994,13.369009,2,49.7384,13.3736,0.61,2.7
326902604,49.919254,15.469533,7,50.0343,15.7704,25.03,36.4
3083547468,49.465019,17.10516,8,49.5938,17.2509,17.77,20.5
1348215628,49.679776,18.366471,12,49.8209,18.2625,17.38,20.3
1968972620,50.805638,14.409781,4,50.6607,14.0328,31.04,44.2
1345954636,49.181608,16.622922,14,49.1951,16.6068,1.9,5.7
1683759948,50.482305,14.941487,5,50.7671,15.0562,32.69,30.1
1730388812,49.181608,16.622922,14,49.1951,16.6068,1.9,5.7
837264204,49.198609,16.641744,14,49.1951,16.6068,2.57,8.0
1769743180,49.990431,17.456149,8,49.5938,17.2509,46.5,59.6
3897303884,50.482305,14.941487,5,50.7671,15.0562,32.69,30.1
214643532,50.701245,14.539442,4,50.6607,14.0328,35.98,58.0
738886476,50.111688,16.801193,8,49.5938,17.2509,66.0,76.8
3563737676,50.197394,15.858225,6,50.2104,15.8252,2.76,6.7
3432850252,49.437742,17.453874,8,49.5938,17.2509,22.71,27.9
2744984396,50.48153,13.427442,4,50.6607,14.0328,47.17,52.9
2473050956,49.590966,16.888403,8,49.5938,17.2509,26.13,35.7
3849990988,50.494603,13.642817,4,50.6607,14.0328,33.16,40.6
2680017740,49.200139,16.633185,14,49.1951,16.6068,2.0,7.0
947991372,48.902961,16.543644,14,49.1951,16.6068,32.81,32.4
2256614220,48.902961,16.543644,14,49.1951,16.6068,32.81,32.4
4069335884,50.072983,15.079378,11,50.0406,14.5567,37.49,48.5
3163366220,50.755686,15.262921,5,50.7671,15.0562,14.6,29.5
793436748,50.161963,14.311096,10,50.088,14.4208,11.35,21.8
717038412,50.026221,15.773104,7,50.0343,15.7704,0.92,3.1
1817003340,49.970648,12.702225,3,50.2327,12.8712,31.53,44.6
3341505100,49.726384,13.400646,2,49.7384,13.3736,2.36,6.2
353628748,49.975834,12.704589,3,50.2327,12.8712,30.94,44.0
2673197900,50.658947,13.845038,4,50.6607,14.0328,13.24,19.1
1975329612,49.839294,13.582086,2,49.7384,13.3736,18.7,30.2
3712561996,49.453,17.47048,8,49.5938,17.2509,22.28,28.7
2055545676,50.494706,13.649856,4,50.6607,14.0328,32.74,40.4
3235832652,49.745483,13.38036,2,49.7384,13.3736,0.93,4.5
2558600012,49.951631,15.811121,7,50.0343,15.7704,9.64,14.0
3648070476,50.131336,14.137501,10,50.088,14.4208,20.77,34.2
179643212,49.719997,15.673172,7,50.0343,15.7704,35.64,47.0
2234131276,50.698177,15.436205,5,50.7671,15.0562,27.82,48.1
615850828,50.592133,13.567863,4,50.6607,14.0328,33.67,44.4
480584524,50.009032,12.624058,3,50.2327,12.8712,30.48,39.8
44376908,49.966938,15.305211,7,50.0343,15.7704,34.08,44.8
3781571404,49.896682,13.954561,10,50.088,14.4208,39.54,39.8
1758798668,49.977857,12.707155,3,50.2327,12.8712,30.66,46.0
2007311180,49.435539,12.920097,2,49.7384,13.3736,46.93,58.4
194085708,49.287888,13.143571,2,49.7384,13.3736,52.78,58.8
1953608268,50.099774,14.431897,10,50.088,14.4208,1.53,5.5
2302661452,50.775212,15.055087,5,50.7671,15.0562,0.91,3.2
1188373324,49.591937,17.348803,8,49.5938,17.2509,7.06,11.4
4100010572,50.203391,15.177587,6,50.2104,15.8252,46.09,46.7
1289036620,50.414369,12.996254,3,50.2327,12.8712,22.07,34.3
299180876,48.878043,16.031845,14,49.1951,16.6068,54.77,62.9
601170764,50.666653,14.024602,4,50.6607,14.0328,0.88,1.8
3570737996,49.453915,17.440197,8,49.5938,17.2509,20.7,25.5
174933324,50.642582,13.834164,4,50.6607,14.0328,14.15,19.0
1404556108,49.724106,13.41933,2,49.7384,13.3736,3.65,8.4
2143286092,49.019258,15.103157,1,48.9745,14.4743,46.15,56.3
1120215884,50.758306,14.188227,4,50.6607,14.0328,15.41,25.1
2960515916,50.709717,15.193457,5,50.7671,15.0562,11.58,19.6
1621828428,50.680463,14.10599,4,50.6607,14.0328,5.61,11.5
598602572,50.679176,15.721713,5,50.7671,15.0562,47.86,110.3
1204679500,50.679176,15.721713,5,50.7671,15.0562,47.86,110.3
2609115980,50.679176,15.721713,5,50.7671,15.0562,47.86,110.3
2043093836,49.044747,15.815216,13,49.3961,15.5904,42.34,51.4
2354287180,50.168529,15.074412,11,50.0406,14.5567,39.57,45.5
4248118092,48.992171,14.465081,1,48.9745,14.4743,2.08,5.9
1955390284,50.645321,13.83684,4,50.6607,14.0328,13.92,20.1
896238412,50.641543,15.608981,5,50.7671,15.0562,41.36,66.6
970507084,50.657775,14.717189,5,50.7671,15.0562,26.79,42.0
729011020,50.368393,12.814936,3,50.2327,12.8712,15.61,29.5
3530462028,50.34609,12.824949,3,50.2327,12.8712,13.03,22.5
2223674188,49.778375,13.375086,2,49.7384,13.3736,4.45,9.4
1391252300,50.633213,13.844069,4,50.6607,14.0328,13.65,16.4
1217999436,50.226331,12.85309,3,50.2327,12.8712,1.47,3.6
2865181516,50.634972,13.803796,4,50.6607,14.0328,16.4,19.1
1244042060,50.226331,12.85309,3,50.2327,12.8712,1.47,3.6
226284364,49.58926,17.2438,8,49.5938,17.2509,0.72,1.7
2015699788,50.044628,15.358551,7,50.0343,15.7704,29.44,38.3
317006668,49.265195,13.8948,1,48.9745,14.4743,53.14,60.2
3384988492,49.408675,15.583881,13,49.3961,15.5904,1.48,3.6
2006397772,50.693493,14.526356,4,50.6607,14.0328,34.97,57.9
1796158284,49.053468,14.431408,1,48.9745,14.4743,9.32,14.0
1108681548,49.750247,18.61317,12,49.8209,18.2625,26.37,34.0
2615616332,50.539615,15.729899,6,50.2104,15.8252,37.23,53.2
3953468236,50.410463,16.156068,6,50.2104,15.8252,32.36,37.6
943637324,49.739174,13.375538,2,49.7384,13.3736,0.16,3.8
2128290636,49.838141,18.290028,12,49.8209,18.2625,2.75,6.5
2247820108,50.102322,14.478519,10,50.088,14.4208,4.41,12.3
1427448652,49.360956,14.584029,1,48.9745,14.4743,43.71,46.1
2610049868,50.381781,13.267872,3,50.2327,12.8712,32.69,43.0
2240951116,49.177269,16.501645,14,49.1951,16.6068,7.9,15.4
2651136844,50.541676,13.779451,4,50.6607,14.0328,22.25,28.9
2889888588,49.164973,16.56964,14,49.1951,16.6068,4.3,10.3
2335232844,50.07672,12.377398,3,50.2327,12.8712,39.22,30.3
1243558732,49.779381,16.927407,8,49.5938,17.2509,31.1,26.8
3108758348,50.66788,14.081079,4,50.6607,14.0328,3.5,6.6
3112682060,49.179162,16.849137,14,49.1951,16.6068,17.7,20.6
2855846732,49.941995,15.259993,7,50.0343,15.7704,37.91,53.7
3560252236,49.673591,12.676046,2,49.7384,13.3736,50.68,44.2
170206028,50.23009,12.869367,3,50.2327,12.8712,0.32,1.3
3567506252,49.10167,16.384689,14,49.1951,16.6068,19.21,30.0
1990718284,49.101444,16.377519,14,49.1951,16.6068,19.66,29.4
475341644,50.438162,13.050414,3,50.2327,12.8712,26.15,41.3
2888115020,49.052296,13.775306,1,48.9745,14.4743,51.71,60.3
4079297356,48.989002,14.469263,1,48.9745,14.4743,1.65,4.8
240939596,50.779421,15.113167,5,50.7671,15.0562,4.23,9.1
167985740,48.807724,14.313567,1,48.9745,14.4743,21.95,29.2
425009996,50.10363,14.436723,10,50.088,14.4208,2.08,5.9
22225740,48.976237,14.5018,1,48.9745,14.4743,2.02,5.4
2706580300,48.976237,14.5018,1,48.9745,14.4743,2.02,5.4
2099614540,50.10498,14.58129,11,50.0406,14.5567,7.37,21.3
3139908428,50.780275,15.424257,5,50.7671,15.0562,25.92,47.7
189080396,50.68651,13.881243,4,50.6607,14.0328,11.06,16.9
2435314252,48.976237,14.5018,1,48.9745,14.4743,2.02,5.4
2040900188,50.220849,12.882258,3,50.2327,12.8712,1.53,5.6
3454935884,49.394984,13.298009,2,49.7384,13.3736,38.57,42.4
3998229836,50.2212,12.882501,3,50.2327,12.8712,1.51,5.4
3213763404,49.22317,16.592956,14,49.1951,16.6068,3.28,6.9
3980055372,50.687064,15.518225,5,50.7671,15.0562,33.72,65.2
364065612,49.973717,16.393029,7,50.0343,15.7704,45.01,62.5
2322805580,50.359979,17.127575,8,49.5938,17.2509,85.65,122.6
3502822220,50.769206,14.214365,4,50.6607,14.0328,17.58,27.5
2927305548,50.591676,15.881508,6,50.2104,15.8252,42.58,49.8
2901472076,49.147581,14.164919,1,48.9745,14.4743,29.64,34.9
2804151116,50.676713,14.539251,4,50.6607,14.0328,35.74,54.4
1030755148,50.640682,13.838457,4,50.6607,14.0328,13.88,17.8
2476507980,50.738285,15.311315,5,50.7671,15.0562,18.23,32.7
844915276,49.297694,17.387011,9,49.2265,17.6625,21.5,31.0
337453900,50.426064,14.909261,5,50.7671,15.0562,39.31,38.6
2800100172,50.228937,14.890528,11,50.0406,14.5567,31.7,44.7
2510942796,50.078197,14.864236,11,50.0406,14.5567,22.35,35.3
1528721996,49.250148,16.667889,14,49.1951,16.6068,7.56,31.1
2187731788,50.699852,14.798701,5,50.7671,15.0562,19.6,38.8
3991520076,50.75073,15.068148,5,50.7671,15.0562,2.0,6.9
4011201356,49.219939,17.744065,9,49.2265,17.6625,5.97,8.8
3085312844,49.012998,14.001251,1,48.9745,14.4743,34.78,44.0
4059992652,50.078197,14.864236,11,50.0406,14.5567,22.35,35.3
4194595404,50.152172,16.813038,8,49.5938,17.2509,69.57,82.3
3582403404,50.541477,15.731059,6,50.2104,15.8252,37.41,54.4
592429900,49.795756,18.398614,12,49.8209,18.2625,10.16,16.7
2386096972,50.73395,15.23768,5,50.7671,15.0562,13.29,24.0
741094220,49.523582,14.541822,11,50.0406,14.5567,57.5,71.7
160899916,49.776489,18.447657,12,49.8209,18.2625,14.18,20.9
2248352588,49.947025,15.78996,7,50.0343,15.7704,9.8,15.4
896283468,49.189199,16.60439,14,49.1951,16.6068,0.68,3.1
1288291148,49.256722,13.908034,1,48.9745,14.4743,51.8,58.0
4125500236,50.561988,15.90609,6,50.2104,15.8252,39.51,46.8
2671297356,49.941995,15.259993,7,50.0343,15.7704,37.91,53.7
2381849420,50.740449,15.095755,5,50.7671,15.0562,4.07,8.8
2811634508,49.654196,13.197006,2,49.7384,13.3736,15.78,20.5
1056318284,50.193209,15.846519,6,50.2104,15.8252,2.44,7.4
4062585676,48.857858,16.057576,14,49.1951,16.6068,54.86,57.7
3122115148,50.749417,15.067144,5,50.7671,15.0562,2.11,6.7
3854644044,49.838885,18.164716,12,49.8209,18.2625,7.29,14.2
2243306316,50.592255,13.569033,4,50.6607,14.0328,33.59,44.4
2569810764,49.523582,14.541822,11,50.0406,14.5567,57.5,71.7
974861132,49.753638,14.536085,11,50.0406,14.5567,31.94,46.4
2300785484,49.808802,18.272307,12,49.8209,18.2625,1.52,3.7
2577802060,50.65498,13.84879,4,50.6607,14.0328,12.99,18.6
1660965452,49.004277,14.754544,1,48.9745,14.4743,20.71,24.6
35005260,50.218591,17.207312,8,49.5938,17.2509,69.54,102.0
3974062668,49.598563,17.235058,8,49.5938,17.2509,1.26,3.5
1828459340,50.493585,13.658743,4,50.6607,14.0328,32.29,40.5
3870761804,49.211771,16.604662,14,49.1951,16.6068,1.86,5.0
3794613068,50.433,14.913108,5,50.7671,15.0562,38.5,36.3
1753221724,50.220849,12.882258,3,50.2327,12.8712,1.53,5.6
1240867660,50.193209,15.846519,6,50.2104,15.8252,2.44,7.4
2535859020,49.198286,15.673722,13,49.3961,15.5904,22.81,31.3
779494220,49.808061,18.240508,12,49.8209,18.2625,2.13,6.9
3937870668,49.424298,14.676392,1,48.9745,14.4743,52.13,38.1
811504972,48.975434,14.479992,1,48.9745,14.4743,0.43,2.5
351089484,49.171147,16.560893,14,49.1951,16.6068,4.27,12.2
2604414284,49.99205,14.734718,11,50.0406,14.5567,13.82,25.0
3218113356,50.777618,14.219467,4,50.6607,14.0328,18.49,28.1
2417369932,49.654196,13.197006,2,49.7384,13.3736,15.78,20.5
995500876,50.512336,14.05397,4,50.6607,14.0328,16.56,21.5
3560043340,49.470656,17.106557,8,49.5938,17.2509,17.2,20.3
3753321292,49.805061,18.242751,12,49.8209,18.2625,2.26,6.4
3227857740,50.033838,15.763365,7,50.0343,15.7704,0.51,1.5
4255523660,49.732647,15.17587,13,49.3961,15.5904,47.9,51.1
418784076,50.193209,15.846519,6,50.2104,15.8252,2.44,7.4
1127810124,50.749023,15.064654,5,50.7671,15.0562,2.1,7.2
4072723020,49.598563,17.235058,8,49.5938,17.2509,1.26,3.5
1605407564,49.195141,16.645597,14,49.1951,16.6068,2.82,8.1
2493981516,49.215555,17.848811,9,49.2265,17.6625,13.59,18.3
4070548300,49.715466,18.053885,12,49.8209,18.2625,19.02,27.2
2174100300,50.654258,13.84847,4,50.6607,14.0328,13.01,18.5
2801152844,50.154759,16.083801,6,50.2104,15.8252,19.42,26.8
2885034828,50.130489,14.332839,10,50.088,14.4208,7.85,19.0
3256230732,50.656672,14.047152,4,50.6607,14.0328,1.11,4.7
3210093388,50.20338,15.790924,6,50.2104,15.8252,2.56,4.4
821437260,50.122581,12.349615,3,50.2327,12.8712,39.11,33.5
3449168716,50.175391,12.660369,3,50.2327,12.8712,16.3,16.1
3335922508,50.240902,14.314934,10,50.088,14.4208,18.6,32.9
536224588,50.193209,15.846519,6,50.2104,15.8252,2.44,7.4
818885452,49.844122,18.434861,12,49.8209,18.2625,12.63,21.7
810951500,49.77809,18.249866,12,49.8209,18.2625,4.85,10.0
3045622604,50.623565,13.59797,4,50.6607,14.0328,30.94,42.6
3281462092,49.348838,16.424491,14,49.1951,16.6068,21.61,29.6
3340444492,50.762129,15.06023,5,50.7671,15.0562,0.62,2.4
1576411980,50.193209,15.846519,6,50.2104,15.8252,2.44,7.4
3721212748,50.052415,15.146846,11,50.0406,14.5567,42.16,48.7
366949196,49.41656,14.017445,2,49.7384,13.3736,58.61,72.6
3516277580,49.587185,15.389882,13,49.3961,15.5904,25.71,34.4
1791370060,49.562597,15.938797,13,49.3961,15.5904,31.25,42.8
3346735948,50.58966,15.164579,5,50.7671,15.0562,21.16,21.8
2851963724,49.417234,15.116746,13,49.3961,15.5904,34.35,42.4
1802617676,50.243035,16.170016,6,50.2104,15.8252,24.8,39.8
4153811788,49.654196,13.197006,2,49.7384,13.3736,15.78,20.5
1271276364,50.912621,14.629943,5,50.7671,15.0562,34.03,45.7
1979065164,49.281001,17.876827,9,49.2265,17.6625,16.69,25.7
2515440204,50.078197,14.864236,11,50.0406,14.5567,22.35,35.3
290857804,48.752273,14.063748,1,48.9745,14.4743,38.89,47.9
4169110092,50.769996,15.058448,5,50.7671,15.0562,0.36,1.9
1305273164,50.061679,14.451336,10,50.088,14.4208,3.65,11.5
897397580,49.066542,17.02573,14,49.1951,16.6068,33.67,42.4
462472012,49.603614,18.14251,12,49.8209,18.2625,25.66,34.2
3055493964,49.067418,17.449173,9,49.2265,17.6625,23.53,36.6
3056820812,49.291283,15.074725,13,49.3961,15.5904,39.13,52.0
1081484108,49.75294,13.004092,2,49.7384,13.3736,26.6,32.4
1100424012,49.593123,17.269781,8,49.5938,17.2509,1.36,5.3
3814011724,50.425212,15.352921,6,50.2104,15.8252,41.17,46.6
1151804236,49.798895,18.397251,12,49.8209,18.2625,9.97,17.2
4254057292,50.497733,15.510698,6,50.2104,15.8252,38.97,51.5
449192780,49.307662,14.147394,1,48.9745,14.4743,44.02,49.9
872260428,49.738935,13.378527,2,49.7384,13.3736,0.36,3.4
3909665612,49.941995,15.259993,7,50.0343,15.7704,37.91,53.7
3141935948,49.199921,16.615017,14,49.1951,16.6068,0.8,3.4
1843450956,50.230105,12.866589,3,50.2327,12.8712,0.44,1.0
3676582732,49.243813,16.571579,14,49.1951,16.6068,5.99,11.3
3736109900,48.639323,14.229322,1,48.9745,14.4743,41.36,59.5
971973452,50.774841,15.42685,5,50.7671,15.0562,26.08,48.7
2374378316,49.945371,15.258619,7,50.0343,15.7704,37.9,52.8
2060768076,50.019447,15.213099,7,50.0343,15.7704,39.84,49.7
1340482380,50.506072,13.635458,4,50.6607,14.0328,32.9,40.8
2919809868,49.941995,15.259993,7,50.0343,15.7704,37.91,53.7
860234572,50.173799,12.676489,3,50.2327,12.8712,15.33,14.5
526787404,50.041798,15.759141,7,50.0343,15.7704,1.16,4.4
2217866060,49.470656,17.106557,8,49.5938,17.2509,17.2,20.3
1339851596,49.993949,14.602229,11,50.0406,14.5567,6.12,13.8
3042431820,50.0463,15.809928,7,50.0343,15.7704,3.12,7.9
4080350028,50.594943,15.588545,5,50.7671,15.0562,42.11,66.8
2529964876,48.63798,14.230709,1,48.9745,14.4743,41.45,59.6
3101594188,50.078197,14.864236,11,50.0406,14.5567,22.35,35.3
2976260940,50.508754,13.640213,4,50.6607,14.0328,32.46,40.0
1486140236,48.909881,13.885908,1,48.9745,14.4743,43.57,60.9
3848381260,49.73576,13.332367,2,49.7384,13.3736,2.98,7.5
1907393356,49.940504,14.024291,10,50.088,14.4208,32.74,35.8
2859070284,49.78749,18.230937,12,49.8209,18.2625,4.35,9.2
218678092,49.941995,15.259993,7,50.0343,15.7704,37.91,53.7
301605708,50.135091,14.118603,10,50.088,14.4208,22.18,34.2
2691048268,48.91053,13.890422,1,48.9745,14.4743,43.23,59.9
3476546380,49.852569,18.281549,12,49.8209,18.2625,3.78,8.1
245633868,50.078624,14.504109,11,50.0406,14.5567,5.65,13.3
1890906956,49.46949,13.604367,2,49.7384,13.3736,34.21,41.2
586216268,49.147581,14.164919,1,48.9745,14.4743,29.64,34.9
2562519884,48.798321,14.147158,1,48.9745,14.4743,30.92,51.1
1339028300,50.186055,15.041671,11,50.0406,14.5567,38.18,46.1
2350641996,50.598697,13.594493,4,50.6607,14.0328,31.68,41.1
2872505164,50.215288,15.844066,6,50.2104,15.8252,1.45,3.8
3848598348,50.513651,16.007283,6,50.2104,15.8252,36.11,49.2
3305173836,50.518894,14.972373,5,50.7671,15.0562,28.23,28.5
1370288972,48.972112,17.081834,14,49.1951,16.6068,42.56,57.9
3899458124,48.741115,16.753086,14,49.1951,16.6068,51.6,53.8
4211864396,50.764846,15.084965,5,50.7671,15.0562,2.04,5.9
3002499916,50.525498,14.972514,5,50.7671,15.0562,27.51,29.3
1352434508,49.745427,16.478714,8,49.5938,17.2509,58.07,58.4
2931237708,50.007709,12.621827,3,50.2327,12.8712,30.69,39.2
494478156,50.600804,13.609283,4,50.6607,14.0328,30.61,39.1
2030224204,49.756233,13.420454,2,49.7384,13.3736,3.91,8.8
265757516,50.102149,13.731137,2,49.7384,13.3736,47.87,70.9
2833511244,49.244127,13.898002,1,48.9745,14.4743,51.56,61.0
191624012,48.879374,16.032489,14,49.1951,16.6068,54.64,62.8
3505682252,50.785451,15.03523,5,50.7671,15.0562,2.52,6.5
2093425484,49.189199,16.60439,14,49.1951,16.6068,0.68,3.1
158450508,50.221613,12.880861,3,50.2327,12.8712,1.41,5.3
1450296140,50.671637,14.07364,4,50.6607,14.0328,3.12,7.2
1040589644,49.592418,17.281979,8,49.5938,17.2509,2.25,7.0
515699532,48.972112,17.081834,14,49.1951,16.6068,42.56,57.9
1557037900,50.635225,13.814955,4,50.6607,14.0328,15.62,17.8
1322701644,49.75789,18.484282,12,49.8209,18.2625,17.39,27.4
3831100236,49.814105,18.268647,12,49.8209,18.2625,0.87,3.1
2002895692,48.967452,16.598112,14,49.1951,16.6068,25.32,31.5
2490552908,50.411298,12.922366,3,50.2327,12.8712,20.19,29.5
1586676556,49.359092,16.663099,14,49.1951,16.6068,18.69,31.3
2377790028,49.577377,13.528384,2,49.7384,13.3736,21.09,30.5
3566388044,49.843083,18.338168,12,49.8209,18.2625,5.96,13.1
2947728204,50.253957,14.515282,10,50.088,14.4208,19.64,30.2
481477452,49.842396,18.346537,12,49.8209,18.2625,6.48,14.2
4289905484,49.842396,18.346537,12,49.8209,18.2625,6.48,14.2
1706214220,49.169792,13.457878,2,49.7384,13.3736,63.52,78.0
1202897740,50.618287,15.615503,5,50.7671,15.0562,42.73,67.9
2929902412,50.229871,14.893288,11,50.0406,14.5567,31.91,44.5
3733574476,50.410894,12.919452,3,50.2327,12.8712,20.11,28.7
837870412,50.129801,14.737556,11,50.0406,14.5567,16.28,27.6
792101708,49.2078,16.627562,14,49.1951,16.6068,2.07,5.4
1811600204,50.805638,14.409781,4,50.6607,14.0328,31.04,44.2
2361574220,49.133226,14.999527,1,48.9745,14.4743,42.15,48.6
4180853580,50.163637,14.734011,11,50.0406,14.5567,18.63,32.6
1190314828,49.559774,17.736641,8,49.5938,17.2509,35.23,32.3
2678563660,49.957409,15.277489,7,50.0343,15.7704,36.26,50.2
1681105740,48.737966,14.110538,1,48.9745,14.4743,37.42,43.2
1664352844,49.151999,16.619318,14,49.1951,16.6068,4.88,11.9
1180398156,49.151999,16.619318,14,49.1951,16.6068,4.88,11.9
538100556,49.123941,16.335912,14,49.1951,16.6068,21.23,30.2
3758154572,49.152117,15.004601,1,48.9745,14.4743,43.39,47.2
2077475660,50.492002,13.029323,3,50.2327,12.8712,30.94,44.0
2214773580,50.685512,14.537641,4,50.6607,14.0328,35.68,57.8
2812646220,49.834645,18.282044,12,49.8209,18.2625,2.07,6.4
3068973900,49.465193,18.135079,12,49.8209,18.2625,40.6,56.2
2090906444,48.722411,14.095162,1,48.9745,14.4743,39.44,45.7
1093845836,49.75765,16.654242,8,49.5938,17.2509,46.64,44.7
2788344652,49.75765,16.654242,8,49.5938,17.2509,46.64,44.7
2436023116,49.75765,16.654242,8,49.5938,17.2509,46.64,44.7
556974924,49.75765,16.654242,8,49.5938,17.2509,46.64,44.7
2726601548,50.731888,15.183461,5,50.7671,15.0562,9.77,17.2
607306572,49.843083,18.338168,12,49.8209,18.2625,5.96,13.1
1935852364,48.990121,14.530714,1,48.9745,14.4743,4.47,9.1
2035467084,50.092209,13.161399,3,50.2327,12.8712,25.91,28.9
334357324,49.199639,16.620007,14,49.1951,16.6068,1.08,4.1
2287125324,49.329404,17.9852,9,49.2265,17.6625,26.06,37.1
3828532044,49.843083,18.338168,12,49.8209,18.2625,5.96,13.1
3797803852,49.779058,16.9192,8,49.5938,17.2509,31.52,26.1
2607989580,50.766138,14.189199,4,50.6607,14.0328,16.08,26.2
3099465036,50.189616,14.647477,11,50.0406,14.5567,17.79,29.0
513000268,50.766138,14.189199,4,50.6607,14.0328,16.08,26.2
3415647052,50.04134,17.048187,8,49.5938,17.2509,51.85,64.5
1279345228,50.192155,14.322149,10,50.088,14.4208,13.55,25.7
1602470732,49.040711,16.305046,14,49.1951,16.6068,27.87,40.2
1756611404,49.215391,16.603285,14,49.1951,16.6068,2.27,6.0
1631449676,49.832694,18.284994,12,49.8209,18.2625,2.08,6.5
2226373452,49.220122,13.955719,1,48.9745,14.4743,46.6,54.7
1988678476,49.870063,18.551192,12,49.8209,18.2625,21.41,33.9
3867476556,49.969791,12.701403,3,50.2327,12.8712,31.64,44.3
120972108,49.595722,17.244106,8,49.5938,17.2509,0.53,2.2
742257228,49.833191,18.284593,12,49.8209,18.2625,2.09,6.3
2718094156,49.831204,18.28793,12,49.8209,18.2625,2.15,6.6
1855377996,49.684917,14.000797,2,49.7384,13.3736,45.49,66.5
3653915212,48.640379,14.227232,1,48.9745,14.4743,41.32,58.1
3118711628,49.205276,16.604408,14,49.1951,16.6068,1.14,4.0
3554919244,50.553028,13.784198,4,50.6607,14.0328,21.24,26.7
2430845772,49.782233,18.221466,12,49.8209,18.2625,5.21,10.6
2048115532,49.936115,17.911326,12,49.8209,18.2625,28.24,33.9
2768167756,50.817323,14.969768,5,50.7671,15.0562,8.25,11.6
1981277004,49.957373,15.281211,7,50.0343,15.7704,36.0,48.2
2895462988,50.037567,15.787009,7,50.0343,15.7704,1.24,3.7
919401292,48.972112,17.081834,14,49.1951,16.6068,42.56,57.9
3617776204,50.588807,13.562805,4,50.6607,14.0328,34.1,45.8
2343379788,49.781666,14.686297,11,50.0406,14.5567,30.25,34.1
2492871500,50.750944,15.069916,5,50.7671,15.0562,2.04,5.7
2415080268,48.789714,14.78548,1,48.9745,14.4743,30.66,41.8
3135054668,49.691744,18.339407,12,49.8209,18.2625,15.39,19.0
581772108,49.224268,16.619385,14,49.1951,16.6068,3.37,7.5
2329748300,49.825599,18.202902,12,49.8209,18.2625,4.31,7.1
1101865804,49.592954,18.144178,12,49.8209,18.2625,26.74,35.9
1088234316,49.678862,13.217946,2,49.7384,13.3736,13.0,18.4
1629418316,50.648916,15.89891,6,50.2104,15.8252,49.04,58.0
2430411596,49.748942,13.34171,2,49.7384,13.3736,2.57,6.9
1867526988,50.152345,15.792443,6,50.2104,15.8252,6.86,9.4
2599236428,49.689257,18.339869,12,49.8209,18.2625,15.66,19.0
469574476,49.617179,14.197077,11,50.0406,14.5567,53.69,68.2
3130254156,49.024093,13.990247,1,48.9745,14.4743,35.74,46.9
4048036684,50.132369,14.134303,10,50.088,14.4208,21.02,34.7
2330796876,50.022625,15.769517,7,50.0343,15.7704,1.3,3.0
2932040268,50.366611,12.816804,3,50.2327,12.8712,15.38,29.8
2281513804,49.221237,16.585623,14,49.1951,16.6068,3.29,6.4
149758796,48.849982,17.13105,14,49.1951,16.6068,54.17,56.6
1450971980,50.233455,12.871876,3,50.2327,12.8712,0.1,0.4
1023677260,50.006894,14.429758,10,50.088,14.4208,9.04,21.4
1609376588,50.73131,15.610524,5,50.7671,15.0562,39.2,82.2
2234262348,50.759525,15.025464,5,50.7671,15.0562,2.32,7.6
3993699148,50.239157,14.314215,10,50.088,14.4208,18.44,33.3
2951553868,50.73131,15.610524,5,50.7671,15.0562,39.2,82.2
3182068556,50.230105,12.866589,3,50.2327,12.8712,0.44,1.0
2151424844,48.970543,14.499404,1,48.9745,14.4743,1.88,6.0
3872203596,50.635988,15.811802,6,50.2104,15.8252,47.33,57.5
3605865292,50.225536,14.87348,11,50.0406,14.5567,30.54,43.7
3373081420,49.776053,18.256094,12,49.8209,18.2625,5.01,10.4
2283610956,50.49929,13.638198,4,50.6607,14.0328,33.14,40.0
3206357836,50.635204,13.837463,4,50.6607,14.0328,14.06,17.4
1962037836,49.631923,14.045996,2,49.7384,13.3736,49.8,73.1
3048088396,49.565405,16.078557,13,49.3961,15.5904,39.98,51.7
413803340,50.214881,15.824714,6,50.2104,15.8252,0.5,1.7
995763020,48.943056,16.363199,14,49.1951,16.6068,33.17,35.7
859337292,49.20103,16.637042,14,49.1951,16.6068,2.29,6.3
3609711436,49.190871,16.619467,14,49.1951,16.6068,1.03,6.4
2958156,50.162336,16.271304,6,50.2104,15.8252,32.21,45.2
221061964,49.046228,15.812101,13,49.3961,15.5904,42.1,50.9
741155660,50.225853,17.189812,8,49.5938,17.2509,70.42,103.3
3515532108,50.511772,13.642362,4,50.6607,14.0328,32.16,39.3
321794892,49.603292,17.255393,8,49.5938,17.2509,1.1,4.3
3611636556,49.769327,18.322051,12,49.8209,18.2625,7.15,13.8
1153233740,48.972112,17.081834,14,49.1951,16.6068,42.56,57.9
979220044,49.201508,16.623514,14,49.1951,16.6068,1.41,5.3
1832465228,49.676478,18.685383,12,49.8209,18.2625,34.37,41.4
2746057548,50.463038,15.862913,6,50.2104,15.8252,28.22,31.8
3052720972,49.138511,15.018791,1,48.9745,14.4743,43.67,50.6
547234636,49.838559,18.087606,12,49.8209,18.2625,12.7,23.1
792716108,50.763274,15.038198,5,50.7671,15.0562,1.34,5.8
1617765196,49.530799,17.594702,8,49.5938,17.2509,25.77,27.5
206225996,49.781956,14.690289,11,50.0406,14.5567,30.31,35.5
1460659020,50.763274,15.038198,5,50.7671,15.0562,1.34,5.8
4201456460,50.49929,13.638198,4,50.6607,14.0328,33.14,40.0
3127780172,50.136322,14.126186,10,50.088,14.4208,21.68,33.4
1063768908,49.61666,14.197068,11,50.0406,14.5567,53.74,68.0
2215633740,50.763274,15.038198,5,50.7671,15.0562,1.34,5.8
3885900620,49.393016,15.59022,13,49.3961,15.5904,0.34,1.2
2949763916,49.97965,14.635889,11,50.0406,14.5567,8.83,15.7
1010119500,49.748942,13.34171,2,49.7384,13.3736,2.57,6.9
75023180,49.831155,13.899614,2,49.7384,13.3736,39.15,40.4
2223907660,50.032842,15.208523,7,50.0343,15.7704,40.13,47.4
298730060,50.082938,14.137882,10,50.088,14.4208,20.19,29.2
2328379980,50.427057,13.002999,3,50.2327,12.8712,23.55,35.8
2161128268,49.96887,14.079184,10,50.088,14.4208,27.77,32.5
1412715084,50.144179,14.090836,10,50.088,14.4208,24.34,37.5
3954058060,49.139985,13.243237,2,49.7384,13.3736,67.21,76.6
1038824268,49.789046,13.734613,2,49.7384,13.3736,26.53,25.8
926540620,49.976709,16.972354,8,49.5938,17.2509,47.04,49.8
1121026892,50.013176,17.316339,8,49.5938,17.2509,46.87,64.5
1172185932,50.032842,15.208523,7,50.0343,15.7704,40.13,47.4
3216147276,49.739175,13.372119,2,49.7384,13.3736,0.14,3.4
2316616524,50.733584,14.308786,4,50.6607,14.0328,21.06,36.1
2130584396,50.74269,15.164171,5,50.7671,15.0562,8.07,13.6
1149952844,49.814093,18.020901,12,49.8209,18.2625,17.35,31.6
1439572812,50.498906,13.639358,4,50.6607,14.0328,33.1,41.0
1610490700,49.9334,17.92442,12,49.8209,18.2625,27.26,33.0
3183592268,50.500026,13.640081,4,50.6607,14.0328,32.99,41.3
3392021324,50.216827,17.234831,8,49.5938,17.2509,69.29,106.1
1677599564,49.064189,14.365621,1,48.9745,14.4743,12.74,19.5
1947939660,50.405438,15.68004,6,50.2104,15.8252,24.01,31.4
3773940556,48.985844,14.436054,1,48.9745,14.4743,3.06,8.4
1868874572,49.869823,18.55758,12,49.8209,18.2625,21.85,34.6
3211289164,50.782518,15.063765,5,50.7671,15.0562,1.8,5.7
622666572,50.240902,14.314934,10,50.088,14.4208,18.6,32.9
223224652,50.495409,13.636405,4,50.6607,14.0328,33.49,40.9
484819788,48.964273,14.474051,1,48.9745,14.4743,1.14,2.4
1441055564,49.780252,18.226439,12,49.8209,18.2625,5.21,10.4
74830668,49.846081,18.171318,12,49.8209,18.2625,7.11,15.0
2287371084,49.370644,14.955924,13,49.3961,15.5904,46.02,57.8
3674088268,50.642354,13.832605,4,50.6607,14.0328,14.26,19.1
1493971788,50.027939,15.773969,7,50.0343,15.7704,0.75,2.1
4184150860,50.491877,13.645078,4,50.6607,14.0328,33.2,41.1
2544563020,49.143551,13.243574,2,49.7384,13.3736,66.81,78.0
4135256908,49.791781,18.222594,12,49.8209,18.2625,4.32,9.5
1652319564,50.796733,15.076622,5,50.7671,15.0562,3.59,8.2
4292551500,49.602487,17.277036,8,49.5938,17.2509,2.12,5.6
1797137228,50.590044,13.564433,4,50.6607,14.0328,33.96,45.4
2020356940,48.799364,14.31478,1,48.9745,14.4743,22.7,30.5
3491636044,49.093633,17.73994,9,49.2265,17.6625,15.81,26.7
753804108,50.228053,12.862863,3,50.2327,12.8712,0.79,2.3
3104711500,50.232535,14.413497,10,50.088,14.4208,16.08,28.5
1897800524,49.775275,18.253762,12,49.8209,18.2625,5.11,10.7
4165653324,48.832772,16.499438,14,49.1951,16.6068,41.04,42.1
2385388364,49.222597,16.530689,14,49.1951,16.6068,6.32,13.0
553448268,49.841108,13.917517,2,49.7384,13.3736,40.68,39.2
428659532,49.474858,17.083047,8,49.5938,17.2509,17.93,22.5
1638216524,49.170048,16.57249,14,49.1951,16.6068,3.74,10.9
1949180748,50.023249,14.286179,10,50.088,14.4208,12.01,24.0
2546758220,49.676806,13.984065,2,49.7384,13.3736,44.43,63.5
3646825292,50.023443,14.282206,10,50.088,14.4208,12.22,25.4
579728204,50.417548,14.91444,5,50.7671,15.0562,40.14,37.1
722285388,50.431612,14.918353,5,50.7671,15.0562,38.55,35.4
438363468,50.476936,14.948136,5,50.7671,15.0562,33.15,29.4
2116085068,50.477319,14.948363,5,50.7671,15.0562,33.11,29.2
2602624332,50.477083,14.947961,5,50.7671,15.0562,33.14,29.4
1700668236,50.684391,15.527942,5,50.7671,15.0562,34.46,64.7
914236236,50.136322,14.126186,10,50.088,14.4208,21.68,33.4
1265509196,50.136322,14.126186,10,50.088,14.4208,21.68,33.4
2924356428,49.948971,12.706027,3,50.2327,12.8712,33.68,49.1
2572034892,50.192351,15.845828,6,50.2104,15.8252,2.49,7.1
642655052,49.793915,18.257453,12,49.8209,18.2625,3.02,7.3
2630091340,50.512833,13.64328,4,50.6607,14.0328,32.04,39.6
4085130060,49.841524,18.176821,12,49.8209,18.2625,6.56,12.3
3783140172,50.136322,14.126186,10,50.088,14.4208,21.68,33.4
778969932,49.577502,17.241563,8,49.5938,17.2509,1.93,5.5
2121147212,49.787785,18.253037,12,49.8209,18.2625,3.74,7.8
3945194316,49.961515,12.667632,3,50.2327,12.8712,33.47,43.6
1033839436,50.428011,14.906366,5,50.7671,15.0562,39.16,38.4
1045246796,50.2489,14.916087,11,50.0406,14.5567,34.53,41.9
1343107916,49.564962,15.95168,13,49.3961,15.5904,32.15,44.0
1552884556,50.504686,13.655902,4,50.6607,14.0328,31.77,38.0
3280937804,50.654843,15.913957,6,50.2104,15.8252,49.82,60.0
4119798604,50.234259,12.85538,3,50.2327,12.8712,1.14,2.1
2463691596,50.078003,14.875725,11,50.0406,14.5567,23.15,37.2
3314553932,50.446284,14.233055,4,50.6607,14.0328,27.72,36.3
4173275980,49.102921,16.748864,14,49.1951,16.6068,14.55,24.0
3914433356,50.013176,17.316339,8,49.5938,17.2509,46.87,64.5
4290716492,50.149474,15.117597,11,50.0406,14.5567,41.8,44.9
338965324,49.587473,17.244859,8,49.5938,17.2509,0.83,2.2
1707025228,49.712279,13.084205,2,49.7384,13.3736,21.0,24.5
3267306316,49.857368,12.725958,3,50.2327,12.8712,43.0,58.3
1170154316,50.684966,15.524323,5,50.7671,15.0562,34.19,64.4
607699788,49.999037,14.158281,10,50.088,14.4208,21.2,29.1
2231223116,50.142862,14.077981,10,50.088,14.4208,25.19,36.6
2548794188,48.936219,14.153112,1,48.9745,14.4743,23.83,35.3
263136076,50.604992,13.606107,4,50.6607,14.0328,30.73,40.1
4100117324,49.339712,17.980077,9,49.2265,17.6625,26.25,40.2
666297164,50.781265,14.624478,5,50.7671,15.0562,30.4,36.0
3568247628,49.068591,17.474803,9,49.2265,17.6625,22.24,34.4
3887522636,50.780656,14.626463,5,50.7671,15.0562,30.26,35.8
1773482828,50.755541,14.55711,5,50.7671,15.0562,35.13,42.8
2145329996,49.21812,16.643177,14,49.1951,16.6068,3.68,8.9
2935956300,50.637506,13.837813,4,50.6607,14.0328,13.99,17.1
1967006540,49.968143,14.513494,11,50.0406,14.5567,8.63,18.5
1193222988,49.805061,18.242751,12,49.8209,18.2625,2.26,6.4
631554892,49.459358,18.128858,12,49.8209,18.2625,41.34,56.2
73073484,50.226383,14.418507,10,50.088,14.4208,15.39,26.4
3745088332,50.361527,13.696852,4,50.6607,14.0328,40.88,53.0
590279500,49.513082,12.807547,2,49.7384,13.3736,47.86,57.8
59712332,49.857368,12.725958,3,50.2327,12.8712,43.0,58.3
4036961100,49.30484,14.155361,1,48.9745,14.4743,43.45,48.8
4207678284,49.597838,17.277,8,49.5938,17.2509,1.93,6.6
2347705164,49.672732,18.346569,12,49.8209,18.2625,17.55,17.2
4128629580,50.634459,13.836316,4,50.6607,14.0328,14.16,17.7
2381259596,49.169374,16.55931,14,49.1951,16.6068,4.48,11.9
1626284876,50.312349,12.872253,3,50.2327,12.8712,8.86,17.7
3387892556,49.867416,14.659764,11,50.0406,14.5567,20.62,28.9
3293328204,49.23135,16.592527,14,49.1951,16.6068,4.16,8.4
988750668,50.677666,15.450827,5,50.7671,15.0562,29.51,51.3
2626679628,48.966861,14.481517,1,48.9745,14.4743,1.0,3.0
4014941004,50.202024,14.518214,10,50.088,14.4208,14.45,24.7
1935938380,50.078481,14.864053,11,50.0406,14.5567,22.34,35.3
1137087308,50.154234,15.131982,11,50.0406,14.5567,42.94,47.1
2696729420,49.240119,17.684526,9,49.2265,17.6625,2.2,6.7
1144988492,50.103271,14.474682,10,50.088,14.4208,4.2,10.7
219095884,49.132008,14.999258,1,48.9745,14.4743,42.07,47.9
3878626124,49.83271,18.178139,12,49.8209,18.2625,6.19,12.6
354362188,48.917415,17.095786,14,49.1951,16.6068,47.15,60.8
1650725708,50.078481,14.864053,11,50.0406,14.5567,22.34,35.3
70198092,49.949921,14.315597,10,50.088,14.4208,17.09,27.8
2754552652,49.949921,14.315597,10,50.088,14.4208,17.09,27.8
3942568780,50.728393,15.61407,5,50.7671,15.0562,39.49,83.7
3622773580,49.163615,16.565415,14,49.1951,16.6068,4.62,10.8
893330252,50.663684,15.593501,5,50.7671,15.0562,39.54,69.7
2495255372,49.756838,13.381246,2,49.7384,13.3736,2.12,5.3
1573503820,50.719835,15.618736,5,50.7671,15.0562,39.93,83.2
3215848268,49.756838,13.381246,2,49.7384,13.3736,2.12,5.3
3825517132,50.779547,15.414098,5,50.7671,15.0562,25.2,45.3
461398604,50.778313,15.067332,5,50.7671,15.0562,1.47,4.2
291771212,50.078481,14.864053,11,50.0406,14.5567,22.34,35.3
644092748,50.078481,14.864053,11,50.0406,14.5567,22.34,35.3
2975261516,48.917736,17.096083,14,49.1951,16.6068,47.14,60.9
1348735820,50.078481,14.864053,11,50.0406,14.5567,22.34,35.3
1431683916,49.018012,13.995086,1,48.9745,14.4743,35.29,45.8
1029968716,50.078481,14.864053,11,50.0406,14.5567,22.34,35.3
676275020,49.94192,17.90205,12,49.8209,18.2625,29.12,36.6
1130632012,50.078481,14.864053,11,50.0406,14.5567,22.34,35.3
1683956556,49.94053,17.91332,12,49.8209,18.2625,28.34,35.6
3382481740,50.073906,12.369148,3,50.2327,12.8712,39.89,31.2
2187596620,50.078481,14.864053,11,50.0406,14.5567,22.34,35.3
2170819404,50.078481,14.864053,11,50.0406,14.5567,22.34,35.3
1986270028,50.078481,14.864053,11,50.0406,14.5567,22.34,35.3
2623804236,50.078481,14.864053,11,50.0406,14.5567,22.34,35.3
2589926220,49.949921,14.315597,10,50.088,14.4208,17.09,27.8
2690589516,49.93395,17.88397,12,49.8209,18.2625,29.9,38.8
2472809292,50.078481,14.864053,11,50.0406,14.5567,22.34,35.3
2992902988,50.078481,14.864053,11,50.0406,14.5567,22.34,35.3
2690913100,50.078481,14.864053,11,50.0406,14.5567,22.34,35.3
3445887820,50.078481,14.864053,11,50.0406,14.5567,22.34,35.3
2840535884,49.94192,17.90205,12,49.8209,18.2625,29.12,36.6
4033090380,50.078481,14.864053,11,50.0406,14.5567,22.34,35.3
3227784012,50.078481,14.864053,11,50.0406,14.5567,22.34,35.3
3729728332,49.92935,17.88728,12,49.8209,18.2625,29.47,37.7
3814986572,50.078481,14.864053,11,50.0406,14.5567,22.34,35.3
3951567692,49.861746,18.533943,12,49.8209,18.2625,19.99,32.3
2678596428,48.867994,16.034452,14,49.1951,16.6068,55.35,61.4
1581900,50.744248,15.063074,5,50.7671,15.0562,2.59,5.9
3835175756,48.90273,17.32215,9,49.2265,17.6625,43.71,49.7
4199490380,49.94192,17.90205,12,49.8209,18.2625,29.12,36.6
1956127564,50.680622,14.105309,4,50.6607,14.0328,5.57,11.5
563618636,50.740404,15.313313,5,50.7671,15.0562,18.33,32.5
3820495692,49.947749,12.70758,3,50.2327,12.8712,33.77,49.0
2213028684,49.782848,18.256086,12,49.8209,18.2625,4.26,10.1
3985122124,49.235662,17.656912,9,49.2265,17.6625,1.1,4.1
42476364,49.841154,18.284149,12,49.8209,18.2625,2.74,8.3
4287112012,50.045026,18.025956,12,49.8209,18.2625,30.13,46.1
780673868,50.59391,13.610547,4,50.6607,14.0328,30.7,39.0
3921158988,50.060123,15.7596,7,50.0343,15.7704,2.97,5.3
532161356,50.060123,15.7596,7,50.0343,15.7704,2.97,5.3
2813862732,49.392478,15.580874,13,49.3961,15.5904,0.8,2.7
2456109644,50.222133,17.194036,8,49.5938,17.2509,69.99,102.5
3102004044,50.221285,12.886907,3,50.2327,12.8712,1.69,4.3
2607665996,49.20015,16.695339,14,49.1951,16.6068,6.46,13.2
497558348,50.313027,12.521382,3,50.2327,12.8712,26.42,38.9
980407116,50.18488,15.038945,11,50.0406,14.5567,37.95,46.2
997528396,50.09517,14.465229,10,50.088,14.4208,3.27,8.6
47719244,50.774052,15.048976,5,50.7671,15.0562,0.93,4.6
1437082444,50.16607,14.71252,11,50.0406,14.5567,17.84,29.9
1881051980,49.760422,16.461727,7,50.0343,15.7704,58.13,69.8
2460492620,49.710292,13.325477,2,49.7384,13.3736,4.66,9.2
1940964172,50.606275,16.333478,6,50.2104,15.8252,56.88,83.4
3772261196,50.607806,13.749959,4,50.6607,14.0328,20.8,26.1
3644900172,50.784078,14.148297,4,50.6607,14.0328,15.95,32.0
1338630988,49.195601,16.657654,14,49.1951,16.6068,3.7,10.3
2915574604,50.302798,12.555858,3,50.2327,12.8712,23.73,37.9
1875112780,49.842614,18.164194,12,49.8209,18.2625,7.45,14.7
700982092,49.848356,18.161151,12,49.8209,18.2625,7.88,14.7
1218978636,49.747783,13.378349,2,49.7384,13.3736,1.1,5.4
2697470796,49.960414,14.069982,10,50.088,14.4208,28.8,34.2
2580030284,50.228784,12.877536,3,50.2327,12.8712,0.63,1.6
2969051980,49.794581,16.96511,8,49.5938,17.2509,30.35,30.6
2182619980,50.744248,15.063074,5,50.7671,15.0562,2.59,5.9
3750441804,50.138878,12.801481,3,50.2327,12.8712,11.55,21.7
2031625036,49.801564,18.242384,12,49.8209,18.2625,2.59,5.5
1487717196,50.219532,15.851424,6,50.2104,15.8252,2.12,4.1
1125655372,50.744248,15.063074,5,50.7671,15.0562,2.59,5.9
3767264076,49.577274,17.847439,12,49.8209,18.2625,40.31,40.5
671621964,49.783619,14.170562,10,50.088,14.4208,38.29,41.4
1159209804,49.796066,18.395807,12,49.8209,18.2625,9.96,16.7
2422440780,49.958622,17.689222,12,49.8209,18.2625,43.83,54.2
3778286412,49.10413,13.666371,1,48.9745,14.4743,60.63,71.4
518423372,50.49849,13.432043,4,50.6607,14.0328,46.09,53.8
2136482636,50.203939,17.042148,8,49.5938,17.2509,69.47,89.8
1953477452,49.20103,16.637042,14,49.1951,16.6068,2.29,6.3
755336012,50.152945,15.131264,11,50.0406,14.5567,42.85,46.7
1067848524,49.948906,15.787079,7,50.0343,15.7704,9.57,14.3
3972539212,50.901946,15.139787,5,50.7671,15.0562,16.1,29.2
2235048780,50.345975,15.91591,6,50.2104,15.8252,16.4,21.2
1782063948,49.556732,17.744548,8,49.5938,17.2509,35.83,36.0
2721588044,50.755674,15.313319,5,50.7671,15.0562,18.13,34.5
1480074060,50.493288,13.651236,4,50.6607,14.0328,32.75,40.4
623387468,50.853962,14.840629,5,50.7671,15.0562,17.96,22.1
1312301900,50.131217,14.122246,10,50.088,14.4208,21.83,32.9
3223855948,50.084565,16.758852,8,49.5938,17.2509,64.99,69.8
1042817868,50.684008,13.882823,4,50.6607,14.0328,10.88,15.8
2857902924,50.074202,14.860812,11,50.0406,14.5567,22.03,34.5
2337809228,49.705826,16.528692,8,49.5938,17.2509,53.47,63.5
3143115596,50.853962,14.840629,5,50.7671,15.0562,17.96,22.1
207102796,50.853962,14.840629,5,50.7671,15.0562,17.96,22.1
2019042124,50.074202,14.860812,11,50.0406,14.5567,22.03,34.5
1901601612,48.986206,14.439686,1,48.9745,14.4743,2.84,8.4
156771148,50.084565,16.758852,8,49.5938,17.2509,64.99,69.8
3165635404,49.071159,17.45726,9,49.2265,17.6625,22.83,33.0
3880264524,50.033779,15.777513,7,50.0343,15.7704,0.51,4.1
2303206220,50.074202,14.860812,11,50.0406,14.5567,22.03,34.5
391889740,49.733669,13.279767,2,49.7384,13.3736,6.76,12.1
527967052,48.859967,17.110613,14,49.1951,16.6068,52.33,54.9
219718476,49.20103,16.637042,14,49.1951,16.6068,2.29,6.3
2433643084,49.20103,16.637042,14,49.1951,16.6068,2.29,6.3
1114121036,50.040887,14.565903,11,50.0406,14.5567,0.66,3.0
882451276,50.455832,14.379297,4,50.6607,14.0328,33.44,51.0
1486431052,49.3961,15.591244,13,49.3961,15.5904,0.06,0.1
8987468,49.774771,18.257091,12,49.8209,18.2625,5.14,11.3
3414762316,50.49929,13.638198,4,50.6607,14.0328,33.14,40.0
2780373836,50.328634,16.053607,6,50.2104,15.8252,20.89,30.0
2611553100,49.292202,14.141631,1,48.9745,14.4743,42.82,49.2
1454490444,50.728212,15.17261,5,50.7671,15.0562,9.26,15.4
2495161164,49.915407,17.380086,8,49.5938,17.2509,36.95,55.2
987939660,50.136415,14.130676,10,50.088,14.4208,21.38,33.7
2309563212,49.292202,14.141631,1,48.9745,14.4743,42.82,49.2
255456076,49.210743,16.500177,14,49.1951,16.6068,7.94,17.4
3702072140,49.292202,14.141631,1,48.9745,14.4743,42.82,49.2
1672029004,50.622284,15.617369,5,50.7671,15.0562,42.68,67.1
695526220,50.660976,14.03603,4,50.6607,14.0328,0.23,0.4
4120965964,49.94829,17.893004,12,49.8209,18.2625,30.02,38.0
2633876300,48.980769,14.479444,1,48.9745,14.4743,0.79,3.5
3014206284,50.086009,14.469324,10,50.088,14.4208,3.47,11.3
155125852,49.311326,14.141804,1,48.9745,14.4743,44.58,50.5
2933465932,50.496764,13.635391,4,50.6607,14.0328,33.46,40.9
3047760716,49.400732,13.288696,2,49.7384,13.3736,38.04,41.4
694305356,49.761351,15.397605,7,50.0343,15.7704,40.42,60.6
4178236236,50.342191,14.49425,10,50.088,14.4208,28.74,41.5
3984761676,49.524626,12.945725,2,49.7384,13.3736,38.92,46.3
2884182860,49.897993,18.186305,12,49.8209,18.2625,10.16,19.9
650756940,50.780274,15.424256,5,50.7671,15.0562,25.92,47.7
97067852,48.620189,14.257467,1,48.9745,14.4743,42.48,52.5
3172541260,49.805922,18.249378,12,49.8209,18.2625,1.91,5.9
3726189388,50.504976,13.695397,4,50.6607,14.0328,29.45,34.5
270082892,50.317836,13.534788,3,50.2327,12.8712,48.1,63.4
2451120972,49.698234,15.274742,13,49.3961,15.5904,40.59,44.4
2769888076,49.2319,16.591464,14,49.1951,16.6068,4.24,8.9
1947804492,50.25859,12.770757,3,50.2327,12.8712,7.7,14.7
722019148,49.359166,16.654305,14,49.1951,16.6068,18.57,30.4
3125289804,50.060486,14.244136,10,50.088,14.4208,12.97,24.7
2090742604,50.233365,12.716168,3,50.2327,12.8712,11.03,15.8
1147675468,49.601703,15.583314,13,49.3961,15.5904,22.87,25.5
3540591436,50.424892,15.351603,6,50.2104,15.8252,41.23,47.0
3885691724,50.241423,14.297654,10,50.088,14.4208,19.18,32.9
566829900,50.111605,17.599517,12,49.8209,18.2625,57.39,68.5
866886476,50.251921,14.312805,10,50.088,14.4208,19.78,33.3
2050564940,50.229607,12.183354,3,50.2327,12.8712,48.93,50.7
3408868172,50.275798,16.095113,6,50.2104,15.8252,20.53,34.1
3497599820,50.212718,12.829951,3,50.2327,12.8712,3.68,7.8
3198845772,50.230105,12.866589,3,50.2327,12.8712,0.44,1.0
849015628,50.766568,15.061471,5,50.7671,15.0562,0.38,1.0
2385060684,50.641719,13.84485,4,50.6607,14.0328,13.42,19.1
544854604,49.164767,16.342547,14,49.1951,16.6068,19.5,27.7
4081701452,49.164767,16.342547,14,49.1951,16.6068,19.5,27.7
2150179660,50.641549,15.608982,5,50.7671,15.0562,41.36,66.6
2856964684,49.164767,16.342547,14,49.1951,16.6068,19.5,27.7
3149607756,50.077325,12.343798,3,50.2327,12.8712,41.36,34.6
2368283468,50.622287,13.605676,4,50.6607,14.0328,30.42,41.7
271131468,50.499178,13.639118,4,50.6607,14.0328,33.09,40.8
1717117772,50.191657,12.741233,3,50.2327,12.8712,10.31,12.4
2247803724,50.186418,14.649691,11,50.0406,14.5567,17.52,29.7
1565074252,49.824383,18.172003,12,49.8209,18.2625,6.5,13.5
611918668,50.685822,15.150257,5,50.7671,15.0562,11.2,13.1
1382622028,50.29183,16.162163,6,50.2104,15.8252,25.61,38.3
3514438220,49.086342,15.433929,13,49.3961,15.5904,36.27,47.2
3161006924,49.930805,17.262224,8,49.5938,17.2509,37.48,54.4
2371703372,49.761776,16.660962,8,49.5938,17.2509,46.38,43.6
2257801804,49.143811,16.655634,14,49.1951,16.6068,6.72,14.1
4194792012,49.143811,16.655634,14,49.1951,16.6068,6.72,14.1
347788108,50.643699,13.841234,4,50.6607,14.0328,13.64,19.0
2391417676,49.556935,17.744811,8,49.5938,17.2509,35.85,36.1
1471861580,50.643699,13.841234,4,50.6607,14.0328,13.64,19.0
4136248140,50.503117,13.638257,4,50.6607,14.0328,32.91,40.5
3350909772,50.643699,13.841234,4,50.6607,14.0328,13.64,19.0
3032142668,50.643699,13.841234,4,50.6607,14.0328,13.64,19.0
3834258252,49.737615,13.368575,2,49.7384,13.3736,0.37,2.1
84501068,49.654196,13.197006,2,49.7384,13.3736,15.78,20.5
1496961868,50.03126,16.221956,7,50.0343,15.7704,32.25,48.8
3773883212,50.036069,15.411642,7,50.0343,15.7704,25.62,32.9
2862498380,48.978237,14.456939,1,48.9745,14.4743,1.33,5.6
1088197452,50.786448,15.073974,5,50.7671,15.0562,2.49,5.7
2111607628,50.786523,15.073999,5,50.7671,15.0562,2.5,5.7
2945835852,50.310532,12.939474,3,50.2327,12.8712,9.92,12.5
2446992204,50.63419,13.816158,4,50.6607,14.0328,15.56,17.5
1638540108,49.708269,13.415204,2,49.7384,13.3736,4.49,8.5
2899977036,49.172159,16.564608,14,49.1951,16.6068,3.99,10.4
2799313740,50.4203,14.9145,5,50.7671,15.0562,39.84,36.4
1680335692,49.968943,16.973818,8,49.5938,17.2509,46.22,48.9
1312351052,49.78062,18.440218,12,49.8209,18.2625,13.52,19.7
3542754124,50.675046,14.102604,4,50.6607,14.0328,5.17,9.8
680080204,49.935628,13.393445,2,49.7384,13.3736,21.98,31.1
2269545292,50.685822,15.150257,5,50.7671,15.0562,11.2,13.1
3825501004,50.685822,15.150257,5,50.7671,15.0562,11.2,13.1
3797300044,49.002773,14.542779,1,48.9745,14.4743,5.9,12.2
3000841036,48.65697,14.585152,1,48.9745,14.4743,36.23,42.8
1413780044,50.04029,16.74268,8,49.5938,17.2509,61.6,62.9
3734852172,50.236078,14.861449,11,50.0406,14.5567,30.73,44.1
585769804,50.066136,12.373995,3,50.2327,12.8712,39.98,32.7
3103400780,49.608589,17.252101,8,49.5938,17.2509,1.65,4.4
23802700,50.648787,13.83721,4,50.6607,14.0328,13.85,20.2
1686266444,48.949286,14.468321,1,48.9745,14.4743,2.84,5.5
2622038860,49.480361,13.406236,2,49.7384,13.3736,28.79,36.9
1844061004,50.687798,14.645192,5,50.7671,15.0562,30.24,47.9
3237618508,50.496525,13.661173,4,50.6607,14.0328,31.97,39.9
1156195148,49.222597,16.530689,14,49.1951,16.6068,6.32,13.0
941237068,49.247539,15.181303,13,49.3961,15.5904,33.94,45.6
3759809356,50.565199,15.895071,6,50.2104,15.8252,39.76,47.3
3039437644,48.972096,14.508196,1,48.9745,14.4743,2.49,7.0
1909273420,50.034432,15.778739,7,50.0343,15.7704,0.6,3.9
4168872780,49.142379,15.670338,13,49.3961,15.5904,28.8,33.7
1904878412,49.212981,16.593854,14,49.1951,16.6068,2.2,5.4
3455722316,49.003161,14.763868,1,48.9745,14.4743,21.37,24.8
4037681996,50.057113,14.684715,11,50.0406,14.5567,9.32,17.9
3959690060,50.086707,14.452196,10,50.088,14.4208,2.24,7.7
416313932,49.462764,17.75814,9,49.2265,17.6625,27.17,47.9
2517246796,49.526652,12.940943,2,49.7384,13.3736,39.06,45.9
3298849356,49.462764,17.75814,9,49.2265,17.6625,27.17,47.9
2996650572,49.333311,17.578323,9,49.2265,17.6625,13.35,23.2
3141149516,49.713374,18.594192,12,49.8209,18.2625,26.65,36.6
252392268,48.980086,14.499787,1,48.9745,14.4743,1.96,4.9
3913990988,49.211154,13.197485,2,49.7384,13.3736,59.99,68.3
490349388,49.713374,18.594192,12,49.8209,18.2625,26.65,36.6
3783512908,49.331415,17.567403,9,49.2265,17.6625,13.55,25.1
3678020428,49.355217,16.012241,13,49.3961,15.5904,30.88,30.5
3711574860,49.410706,14.679331,1,48.9745,14.4743,50.74,38.3
3973919564,50.708259,15.054437,5,50.7671,15.0562,6.54,10.9
2464756556,49.827649,18.174685,12,49.8209,18.2625,6.34,11.5
2268734284,50.429632,14.913578,5,50.7671,15.0562,38.85,36.5
3643417420,48.986557,14.442086,1,48.9745,14.4743,2.71,7.8
2116690764,49.189073,16.589325,14,49.1951,16.6068,1.44,4.5
3693749068,49.781622,18.247844,12,49.8209,18.2625,4.49,9.5
657072972,50.640397,13.824506,4,50.6607,14.0328,14.86,20.5
1524511564,49.745043,13.388581,2,49.7384,13.3736,1.31,5.5
3417699148,49.741535,13.327751,2,49.7384,13.3736,3.31,7.7
1408299852,49.147581,14.164919,1,48.9745,14.4743,29.64,34.9
50131788,49.841108,13.917517,2,49.7384,13.3736,40.68,39.2
873890636,49.222597,16.530689,14,49.1951,16.6068,6.32,13.0
1145709388,50.634772,15.708713,6,50.2104,15.8252,47.9,68.4
2863342412,50.639059,14.041983,4,50.6607,14.0328,2.49,5.7
436024140,50.507351,16.022646,6,50.2104,15.8252,35.87,49.9
3190616908,49.54793,16.840605,8,49.5938,17.2509,30.02,45.1
2592121676,50.779421,15.113167,5,50.7671,15.0562,4.23,9.1
4093542988,49.293872,13.14353,2,49.7384,13.3736,52.15,57.9
123347788,48.790782,14.455566,1,48.9745,14.4743,20.47,20.9
4205519692,50.042332,15.806875,7,50.0343,15.7704,2.75,7.9
3452359244,50.763095,15.039489,5,50.7671,15.0562,1.26,5.9
2174628684,48.982953,14.449933,1,48.9745,14.4743,2.01,5.7
11416396,50.507351,16.022646,6,50.2104,15.8252,35.87,49.9
4234269516,50.691496,14.549182,4,50.6607,14.0328,36.55,58.6
1149055820,50.655859,14.048683,4,50.6607,14.0328,1.24,4.3
3142198092,48.956813,14.465098,1,48.9745,14.4743,2.08,4.3
3103339340,50.093761,14.804296,11,50.0406,14.5567,18.63,33.1
4090549068,49.778418,18.219782,12,49.8209,18.2625,5.63,11.9
1973302092,49.529396,17.582342,8,49.5938,17.2509,24.95,27.6
2813211468,50.507351,16.022646,6,50.2104,15.8252,35.87,49.9
4181603148,49.717959,12.98074,2,49.7384,13.3736,28.33,29.3
374313804,48.8368,16.163374,14,49.1951,16.6068,51.31,52.8
2607907660,50.013176,17.316339,8,49.5938,17.2509,46.87,64.5
259662668,49.151519,15.00938,1,48.9745,14.4743,43.67,48.5
2158699340,50.543751,14.868336,5,50.7671,15.0562,28.15,36.4
452801356,49.792784,18.253828,12,49.8209,18.2625,3.19,7.0
2510173004,49.529396,17.582342,8,49.5938,17.2509,24.95,27.6
797848396,50.466466,13.406155,3,50.2327,12.8712,46.0,55.2
3545953100,49.210743,16.500177,14,49.1951,16.6068,7.94,17.4
1383736140,50.853149,14.844047,5,50.7671,15.0562,17.71,21.8
3836420940,50.389923,13.273736,3,50.2327,12.8712,33.51,43.7
3959239500,50.507351,16.022646,6,50.2104,15.8252,35.87,49.9
631124812,49.529396,17.582342,8,49.5938,17.2509,24.95,27.6
666776396,49.039558,16.770029,14,49.1951,16.6068,20.98,30.1
359318348,50.745465,15.08626,5,50.7671,15.0562,3.2,7.0
1478505292,50.654843,15.913957,6,50.2104,15.8252,49.82,60.0
3080962892,50.415118,14.90372,5,50.7671,15.0562,40.59,37.8
1040609868,49.815309,14.396117,11,50.0406,14.5567,27.56,48.2
1281069900,50.489785,13.025591,3,50.2327,12.8712,30.61,43.4
3766100812,50.853149,14.844047,5,50.7671,15.0562,17.71,21.8
3741741644,49.815309,14.396117,11,50.0406,14.5567,27.56,48.2
2651648844,50.225806,12.876036,3,50.2327,12.8712,0.84,2.8
2022585164,49.529396,17.582342,8,49.5938,17.2509,24.95,27.6
3215864652,50.508969,15.263124,5,50.7671,15.0562,32.2,34.1
245379916,50.704422,14.9419,5,50.7671,15.0562,10.64,23.3
2288657228,49.753472,13.268592,2,49.7384,13.3736,7.73,14.2
2032989004,49.465575,14.069222,2,49.7384,13.3736,58.59,77.9
680407884,49.529396,17.582342,8,49.5938,17.2509,24.95,27.6
568210252,49.364281,14.702339,1,48.9745,14.4743,46.4,33.7
1939878732,50.081304,12.368829,3,50.2327,12.8712,39.55,30.4
3632992844,49.086342,15.433929,13,49.3961,15.5904,36.27,47.2
738619980,49.815309,14.396117,11,50.0406,14.5567,27.56,48.2
2507944780,50.156981,17.197784,8,49.5938,17.2509,62.74,91.4
2559456076,49.529396,17.582342,8,49.5938,17.2509,24.95,27.6
2027828044,50.507351,16.022646,6,50.2104,15.8252,35.87,49.9
3542102860,49.983756,14.907878,11,50.0406,14.5567,25.88,38.9
880419660,50.222153,12.887468,3,50.2327,12.8712,1.65,4.1
4039844684,49.929913,15.805547,7,50.0343,15.7704,11.88,18.0
1387787084,50.183156,14.422327,10,50.088,14.4208,10.58,21.4
4096754508,48.986659,14.491043,1,48.9745,14.4743,1.82,6.4
273728332,50.219723,12.883136,3,50.2327,12.8712,1.67,5.1
709899084,49.600525,18.387414,12,49.8209,18.2625,26.1,27.9
645063500,49.974628,16.953171,8,49.5938,17.2509,47.44,50.0
1053500236,50.85372,14.840607,5,50.7671,15.0562,17.95,22.1
4240610124,49.103755,16.371414,14,49.1951,16.6068,19.91,28.3
965620556,49.529396,17.582342,8,49.5938,17.2509,24.95,27.6
215888716,49.209917,17.530771,9,49.2265,17.6625,9.74,17.5
544224076,49.012922,14.002242,1,48.9745,14.4743,34.71,44.1
1955258956,49.73427,13.390193,2,49.7384,13.3736,1.28,5.6
3234538316,50.724306,15.171076,5,50.7671,15.0562,9.38,15.6
1102062412,49.854146,18.570593,12,49.8209,18.2625,22.4,34.4
1502491468,49.529396,17.582342,8,49.5938,17.2509,24.95,27.6
1458828108,49.999426,15.949836,7,50.0343,15.7704,13.39,22.4
1134441292,49.529396,17.582342,8,49.5938,17.2509,24.95,27.6
2560303948,50.099023,13.732213,2,49.7384,13.3736,47.61,70.7
2592944972,49.864662,18.553641,12,49.8209,18.2625,21.44,33.3
3901633356,49.529396,17.582342,8,49.5938,17.2509,24.95,27.6
253637452,49.776272,17.749845,12,49.8209,18.2625,37.13,47.1
3512611660,49.457015,16.334056,14,49.1951,16.6068,35.2,46.3
597570380,49.529396,17.582342,8,49.5938,17.2509,24.95,27.6
2647536460,49.218237,13.307837,2,49.7384,13.3736,58.03,66.0
1737569100,50.608453,13.625715,4,50.6607,14.0328,29.29,37.0
2544710476,48.65697,14.585152,1,48.9745,14.4743,36.23,42.8
2844668748,49.529396,17.582342,8,49.5938,17.2509,24.95,27.6
3142120268,50.304644,16.350643,6,50.2104,15.8252,38.8,57.0
186520396,50.493585,13.658743,4,50.6607,14.0328,32.29,40.5
345912140,49.529396,17.582342,8,49.5938,17.2509,24.95,27.6
839398220,50.136066,14.10989,10,50.088,14.4208,22.81,34.7
3446285132,49.739681,13.041653,2,49.7384,13.3736,23.85,29.5
73216844,50.750863,15.067792,5,50.7671,15.0562,1.98,7.0
4186846028,49.529396,17.582342,8,49.5938,17.2509,24.95,27.6
16659276,49.218237,13.307837,2,49.7384,13.3736,58.03,66.0
3722326860,49.218237,13.307837,2,49.7384,13.3736,58.03,66.0
2708648524,49.73427,13.390193,2,49.7384,13.3736,1.28,5.6
4157285196,50.059767,14.454899,10,50.088,14.4208,3.97,12.3
1518154572,50.128723,17.364443,8,49.5938,17.2509,60.04,84.5
5059404,50.1633,16.46401,6,50.2104,15.8252,45.78,60.6
512635724,49.529396,17.582342,8,49.5938,17.2509,24.95,27.6
3614610252,49.508446,16.085037,13,49.3961,15.5904,37.87,55.4
1591554892,48.65697,14.585152,1,48.9745,14.4743,36.23,42.8
2825728844,50.770644,15.070743,5,50.7671,15.0562,1.1,3.2
2907013964,49.20103,16.637042,14,49.1951,16.6068,2.29,6.3
2693845836,50.428517,14.919809,5,50.7671,15.0562,38.86,35.8
10367820,49.529396,17.582342,8,49.5938,17.2509,24.95,27.6
3438162764,49.218237,13.307837,2,49.7384,13.3736,58.03,66.0
2962305868,49.522946,16.261464,14,49.1951,16.6068,44.21,57.7
534590284,49.009105,14.486729,1,48.9745,14.4743,3.95,8.2
1854813004,49.529396,17.582342,8,49.5938,17.2509,24.95,27.6
127808332,49.529396,17.582342,8,49.5938,17.2509,24.95,27.6
2777756492,50.236353,15.490677,6,50.2104,15.8252,23.97,32.0
3148735308,48.98471,14.473739,1,48.9745,14.4743,1.14,3.8
1239233356,49.854146,18.570593,12,49.8209,18.2625,22.4,34.4
1080898380,49.114774,16.198766,14,49.1951,16.6068,30.99,43.7
3196990284,49.529396,17.582342,8,49.5938,17.2509,24.95,27.6
941888332,50.194848,15.840373,6,50.2104,15.8252,2.04,6.7
2796696396,49.198515,16.590988,14,49.1951,16.6068,1.21,3.2
1720394572,49.395555,13.295094,2,49.7384,13.3736,38.54,42.2
3755815756,49.009105,14.486729,1,48.9745,14.4743,3.95,8.2
2030097484,50.230105,12.866589,3,50.2327,12.8712,0.44,1.0
3733861196,49.529396,17.582342,8,49.5938,17.2509,24.95,27.6
706184012,49.199727,16.613787,14,49.1951,16.6068,0.72,4.6
501232460,49.7564,13.423523,2,49.7384,13.3736,4.11,9.4
880882508,50.5055,13.440402,4,50.6607,14.0328,45.25,53.0
1377784396,49.066542,17.02573,14,49.1951,16.6068,33.67,42.4
190456652,50.724176,15.126601,5,50.7671,15.0562,6.88,13.5
3815043916,50.095793,16.984899,8,49.5938,17.2509,58.99,72.5
284226380,49.147581,14.164919,1,48.9745,14.4743,29.64,34.9
3900183116,50.249251,12.82994,3,50.2327,12.8712,3.46,6.6
32445004,48.748205,16.761988,14,49.1951,16.6068,50.97,53.7
897200716,50.078197,14.864236,11,50.0406,14.5567,22.35,35.3
3078521676,48.983629,16.519055,14,49.1951,16.6068,24.37,26.0
933114700,49.529396,17.582342,8,49.5938,17.2509,24.95,27.6
1173173068,50.507351,16.022646,6,50.2104,15.8252,35.87,49.9
509121100,48.989861,14.530816,1,48.9745,14.4743,4.46,9.1
2344743756,48.975354,14.479651,1,48.9745,14.4743,0.4,2.3
3870577228,49.841108,13.917517,2,49.7384,13.3736,40.68,39.2
586572,49.197053,13.503896,2,49.7384,13.3736,60.93,78.2
1768567372,50.078197,14.864236,11,50.0406,14.5567,22.35,35.3
1167995724,49.529396,17.582342,8,49.5938,17.2509,24.95,27.6
1352545100,49.529396,17.582342,8,49.5938,17.2509,24.95,27.6
1469985612,49.529396,17.582342,8,49.5938,17.2509,24.95,27.6
1688089420,49.529396,17.582342,8,49.5938,17.2509,24.95,27.6
1939747660,49.529396,17.582342,8,49.5938,17.2509,24.95,27.6
2391683916,49.529396,17.582342,8,49.5938,17.2509,24.95,27.6
2224960332,49.529396,17.582342,8,49.5938,17.2509,24.95,27.6
2812162892,49.529396,17.582342,8,49.5938,17.2509,24.95,27.6
3035444044,50.507351,16.022646,6,50.2104,15.8252,35.87,49.9
2528506700,50.287181,14.823881,11,50.0406,14.5567,33.38,36.0
3372020556,49.841108,13.917517,2,49.7384,13.3736,40.68,39.2
176747340,49.196276,13.509254,2,49.7384,13.3736,61.07,77.6
2890928972,49.742884,13.382987,2,49.7384,13.3736,0.84,3.4
3030266700,49.529396,17.582342,8,49.5938,17.2509,24.95,27.6
3349033804,49.529396,17.582342,8,49.5938,17.2509,24.95,27.6
3818795852,49.529396,17.582342,8,49.5938,17.2509,24.95,27.6
3567137612,49.529396,17.582342,8,49.5938,17.2509,24.95,27.6
513143628,48.979291,14.47625,1,48.9745,14.4743,0.55,2.6
1169445452,49.841108,13.917517,2,49.7384,13.3736,40.68,39.2
3541627724,49.197053,13.503896,2,49.7384,13.3736,60.93,78.2
3239834444,50.598697,13.594493,4,50.6607,14.0328,31.68,41.1
2825531980,50.078197,14.864236,11,50.0406,14.5567,22.35,35.3
4154340172,49.529396,17.582342,8,49.5938,17.2509,24.95,27.6
787092044,48.829377,16.747963,14,49.1951,16.6068,41.95,52.1
1883190092,49.177616,16.598982,14,49.1951,16.6068,2.03,6.0
766874444,50.193673,15.843302,6,50.2104,15.8252,2.26,7.9
1303901004,50.638417,15.264944,5,50.7671,15.0562,20.51,29.4
1800287052,49.613796,17.909709,12,49.8209,18.2625,34.26,38.1
1399694156,49.630412,16.044329,13,49.3961,15.5904,41.87,56.6
3479413580,49.060664,13.776837,1,48.9745,14.4743,51.76,60.8
2248684364,50.619391,15.818277,6,50.2104,15.8252,45.48,54.4
295252812,49.934162,13.390709,2,49.7384,13.3736,21.8,30.5
47264588,50.642931,13.831985,4,50.6607,14.0328,14.29,19.2
1454236492,49.29895,13.438999,2,49.7384,13.3736,49.09,59.2
3021984588,50.10634,14.54628,11,50.0406,14.5567,7.35,18.2
153010764,48.829377,16.747963,14,49.1951,16.6068,41.95,52.1
73585484,50.358902,16.040751,6,50.2104,15.8252,22.52,31.4
2533897036,49.975648,12.70113,3,50.2327,12.8712,31.05,44.4
2114663244,49.72968,13.37132,2,49.7384,13.3736,0.98,2.9
4194149196,50.230357,12.870411,3,50.2327,12.8712,0.27,1.2
619787084,49.898328,16.569857,7,50.0343,15.7704,59.15,76.5
1567503180,50.470556,13.410595,3,50.2327,12.8712,46.52,56.6
615461708,49.396021,15.588379,13,49.3961,15.5904,0.15,0.6
4077859660,50.493739,13.445371,4,50.6607,14.0328,45.45,51.8
3758633804,49.772693,18.461573,12,49.8209,18.2625,15.26,23.2
4119409484,49.313491,14.139577,1,48.9745,14.4743,44.87,50.7
3087610700,49.890615,15.487441,7,50.0343,15.7704,25.79,39.1
2449552204,49.152894,16.874105,14,49.1951,16.6068,19.99,22.1
1083110220,49.004277,14.754544,1,48.9745,14.4743,20.71,24.6
4188402508,50.287181,14.823881,11,50.0406,14.5567,33.38,36.0
2416456524,49.772693,18.461573,12,49.8209,18.2625,15.26,23.2
666448716,49.680075,13.228302,2,49.7384,13.3736,12.3,16.3
403256140,50.232773,14.41134,10,50.088,14.4208,16.11,27.4
2420101964,49.223396,14.420567,1,48.9745,14.4743,27.95,34.2
3566965580,50.201986,14.591456,10,50.088,14.4208,17.57,32.9
3832136524,49.391047,15.574671,13,49.3961,15.5904,1.27,4.4
1954202444,49.630412,16.044329,13,49.3961,15.5904,41.87,56.6
3815375436,50.780531,15.415891,5,50.7671,15.0562,25.34,45.7
352858956,50.619391,15.818277,6,50.2104,15.8252,45.48,54.4
381236044,50.218552,12.883265,3,50.2327,12.8712,1.79,6.4
285815628,49.74676,18.624088,12,49.8209,18.2625,27.24,33.6
1494868812,50.689578,15.768276,5,50.7671,15.0562,50.86,101.9
2446340940,48.740022,16.900888,14,49.1951,16.6068,54.97,51.3
1008218956,49.212118,16.498289,14,49.1951,16.6068,8.11,18.1
4224660300,50.072819,15.989398,7,50.0343,15.7704,16.21,23.8
487019084,50.684362,15.527937,5,50.7671,15.0562,34.46,64.7
3985461836,50.321229,13.543395,3,50.2327,12.8712,48.77,63.9
195638092,50.389622,13.268483,3,50.2327,12.8712,33.17,43.2
2771567436,50.317375,13.537767,3,50.2327,12.8712,48.3,63.3
213222220,49.123346,16.33653,14,49.1951,16.6068,21.21,30.0
839037772,49.780793,13.366465,2,49.7384,13.3736,4.74,10.4
3377894220,50.145617,14.099153,10,50.088,14.4208,23.81,37.6
3772724044,49.023668,17.649582,9,49.2265,17.6625,22.57,35.0
1160721228,49.570675,17.254031,8,49.5938,17.2509,2.58,5.7
1848128332,48.858216,17.132242,14,49.1951,16.6068,53.58,57.0
2292790092,49.067039,17.023401,14,49.1951,16.6068,33.49,42.9
2282304332,49.890615,15.487441,7,50.0343,15.7704,25.79,39.1
3430953804,49.334619,18.015117,9,49.2265,17.6625,28.26,42.1
3245396812,48.949286,14.468321,1,48.9745,14.4743,2.84,5.5
3547300428,50.663292,15.91063,6,50.2104,15.8252,50.72,60.4
156119884,49.75793,16.664255,8,49.5938,17.2509,45.99,44.0
2194617164,49.242956,17.668738,9,49.2265,17.6625,1.89,5.6
492778316,49.697686,13.422574,2,49.7384,13.3736,5.74,11.0
3510121292,48.767359,14.032572,1,48.9745,14.4743,39.68,51.7
3928445516,50.037567,15.787009,7,50.0343,15.7704,1.24,3.7
3122213708,49.118691,17.772166,9,49.2265,17.6625,14.4,29.9
464704332,50.041479,14.436974,10,50.088,14.4208,5.3,13.9
600781644,50.425355,15.352604,6,50.2104,15.8252,41.2,46.6
2887807564,50.772085,15.431413,5,50.7671,15.0562,26.39,49.1
1359491916,51.003688,14.452584,4,50.6607,14.0328,48.2,77.8
1235825484,50.166327,12.572651,3,50.2327,12.8712,22.5,24.1
2478285644,50.142866,14.121459,10,50.088,14.4208,22.2,34.8
1670329164,50.103268,14.489886,10,50.088,14.4208,5.21,12.6
2862216012,49.433372,15.230092,13,49.3961,15.5904,26.39,30.9
4234097484,49.806376,18.241035,12,49.8209,18.2625,2.23,6.6
3964154700,49.397299,13.289352,2,49.7384,13.3736,38.41,41.7
3368629068,49.609342,15.593849,13,49.3961,15.5904,23.71,27.8
2773562188,49.210159,13.198571,2,49.7384,13.3736,60.08,68.5
2666713932,49.781494,14.685886,11,50.0406,14.5567,30.26,34.2
3675444044,49.709819,16.265286,7,50.0343,15.7704,50.59,65.8
1249850188,50.541691,13.778576,4,50.6607,14.0328,22.29,28.4
4050137932,49.224552,17.667068,9,49.2265,17.6625,0.4,2.1
512475980,48.81789,14.320435,1,48.9745,14.4743,20.73,26.1
3421516620,50.493585,13.658743,4,50.6607,14.0328,32.29,40.5
1504654156,49.066852,17.447173,9,49.2265,17.6625,23.67,36.8
1157575500,49.096588,13.689334,1,48.9745,14.4743,58.81,68.8
4177015628,50.084587,12.413409,3,50.2327,12.8712,36.54,26.8
835580748,49.827551,18.229652,12,49.8209,18.2625,2.47,8.4
3874501452,49.09734,13.689466,1,48.9745,14.4743,58.82,68.5
15442508,49.194038,13.50616,2,49.7384,13.3736,61.28,77.5
1114481484,49.630412,16.044329,13,49.3961,15.5904,41.87,56.6
2549625676,50.327442,13.545952,3,50.2327,12.8712,49.09,65.0
1967665996,50.950106,14.558269,5,50.7671,15.0562,40.44,52.1
2415473484,49.432452,15.211343,13,49.3961,15.5904,27.72,34.2
1092473676,49.838334,18.28616,12,49.8209,18.2625,2.58,7.3
1316062028,50.654862,13.848863,4,50.6607,14.0328,12.98,18.6
325784140,50.825879,14.873807,5,50.7671,15.0562,14.39,18.2
1288647500,50.898755,14.624904,5,50.7671,15.0562,33.64,46.2
1642607436,49.299136,17.095426,8,49.5938,17.2509,34.64,32.7
4215812940,48.991282,14.465437,1,48.9745,14.4743,1.97,5.3
427021132,50.783194,14.151536,4,50.6607,14.0328,15.98,31.1
378196812,49.740716,13.367254,2,49.7384,13.3736,0.52,2.2
1847014220,49.210159,13.198571,2,49.7384,13.3736,60.08,68.5
3695481420,50.04029,16.74268,8,49.5938,17.2509,61.6,62.9
4010750796,50.421396,14.914963,5,50.7671,15.0562,39.71,36.6
3064656716,49.985332,17.466614,8,49.5938,17.2509,46.21,58.5
1667773260,49.611941,17.905258,12,49.8209,18.2625,34.63,37.5
1129464396,49.912237,15.385948,7,50.0343,15.7704,30.66,42.4
1816212300,49.777887,13.376919,2,49.7384,13.3736,4.4,9.0
464466764,48.979213,14.478791,1,48.9745,14.4743,0.62,3.1
3458151244,50.748785,15.063957,5,50.7671,15.0562,2.11,7.7
2095592268,50.64954,13.837039,4,50.6607,14.0328,13.86,19.7
1435272012,49.147161,16.993874,14,49.1951,16.6068,28.64,31.5
686371660,49.118691,17.772166,9,49.2265,17.6625,14.4,29.9
2840146764,49.835697,18.155113,12,49.8209,18.2625,7.88,15.2
4026544972,50.037174,15.554917,7,50.0343,15.7704,15.39,20.9
203146060,48.949286,14.468321,1,48.9745,14.4743,2.84,5.5
3596079948,50.352564,13.908183,4,50.6607,14.0328,35.38,51.2
1994928972,50.504861,16.025295,6,50.2104,15.8252,35.69,50.2
2634560332,49.975648,12.70113,3,50.2327,12.8712,31.05,44.4
3388396364,50.16373,12.575855,3,50.2327,12.8712,22.38,25.3
1330197324,49.835697,18.155113,12,49.8209,18.2625,7.88,15.2
3195548492,49.507505,16.731998,14,49.1951,16.6068,35.9,50.9
3243217740,48.8368,16.163374,14,49.1951,16.6068,51.31,52.8
800011084,49.07109,17.45326,9,49.2265,17.6625,23.03,33.9
3681354316,48.741115,16.753086,14,49.1951,16.6068,51.6,53.8
3718370124,50.800598,14.416614,4,50.6607,14.0328,31.17,43.5
3011064652,50.004795,16.223163,7,50.0343,15.7704,32.51,45.0
2966020684,49.218238,13.307835,2,49.7384,13.3736,58.03,66.0
395805516,50.004429,16.745662,8,49.5938,17.2509,58.31,58.4
3373216588,49.714163,15.668009,13,49.3961,15.5904,35.81,44.7
1092105036,48.802541,16.631899,14,49.1951,16.6068,43.69,44.2
2297959244,48.783648,13.95288,1,48.9745,14.4743,43.64,70.1
2565419852,49.118691,17.772166,9,49.2265,17.6625,14.4,29.9
846803788,49.57823,17.244186,8,49.5938,17.2509,1.8,5.0
704197452,50.093761,14.804296,11,50.0406,14.5567,18.63,33.1
4254085964,50.722878,15.15439,5,50.7671,15.0562,8.48,16.5
3869127500,49.529396,17.582342,8,49.5938,17.2509,24.95,27.6
2745561932,50.693331,14.550895,5,50.7671,15.0562,36.5,52.8
3466457932,49.586235,17.245284,8,49.5938,17.2509,0.93,2.4
18412364,49.197053,13.503896,2,49.7384,13.3736,60.93,78.2
2813625164,49.963966,16.982925,8,49.5938,17.2509,45.44,48.3
3435303756,49.162277,16.73204,14,49.1951,16.6068,9.81,18.3
3833213516,50.078197,14.864236,11,50.0406,14.5567,22.35,35.3
307192396,49.475901,17.109965,8,49.5938,17.2509,16.59,18.6
3298087756,49.947748,12.70758,3,50.2327,12.8712,33.77,49.0
3931697996,49.150287,16.874375,14,49.1951,16.6068,20.08,22.4
2236584780,48.8368,16.163374,14,49.1951,16.6068,51.31,52.8
4023399244,49.616157,14.19691,11,50.0406,14.5567,53.79,67.9
381694796,50.685153,14.520382,4,50.6607,14.0328,34.47,57.3
1946547020,50.701922,14.539124,4,50.6607,14.0328,35.97,58.1
2465264460,49.147581,14.164919,1,48.9745,14.4743,29.64,34.9
1004733004,49.841108,13.917517,2,49.7384,13.3736,40.68,39.2
4155802444,49.963966,16.982925,8,49.5938,17.2509,45.44,48.3
1445610060,49.129821,16.32892,14,49.1951,16.6068,21.47,31.7
3805295436,50.328412,13.540193,3,50.2327,12.8712,48.71,64.9
2545955660,49.95584,14.044731,10,50.088,14.4208,30.62,35.8
2243965772,49.95584,14.044731,10,50.088,14.4208,30.62,35.8
4161811276,50.558724,15.904168,6,50.2104,15.8252,39.13,45.2
2354025292,48.8368,16.163374,14,49.1951,16.6068,51.31,52.8
1910518604,49.957275,15.733155,7,50.0343,15.7704,8.97,14.8
420492108,50.75453,15.314548,5,50.7671,15.0562,18.23,34.2
3185587020,48.603779,14.405725,1,48.9745,14.4743,41.53,43.5
2491401036,50.769738,14.20344,4,50.6607,14.0328,17.07,25.9
2203030348,48.8368,16.163374,14,49.1951,16.6068,51.31,52.8
922030924,50.039715,14.458428,10,50.088,14.4208,6.0,14.9
1860186956,49.850028,13.885611,2,49.7384,13.3736,38.79,36.6
1848652620,49.137046,15.018,1,48.9745,14.4743,43.55,49.1
3547345740,50.093761,14.804296,11,50.0406,14.5567,18.63,33.1
2283877196,50.609806,15.325304,5,50.7671,15.0562,25.79,39.1
910840396,49.470656,17.106557,8,49.5938,17.2509,17.2,20.3
3092263756,50.603137,13.607348,4,50.6607,14.0328,30.68,39.2
1718629196,49.072654,17.457104,9,49.2265,17.6625,22.71,32.4
613495628,49.78656,18.255182,12,49.8209,18.2625,3.85,8.1
865153868,49.932298,17.924246,12,49.8209,18.2625,27.22,32.6
2511061836,50.070581,14.864423,11,50.0406,14.5567,22.22,35.1
1339916876,50.07434,12.373636,3,50.2327,12.8712,39.58,30.6
965014348,48.861751,16.044059,14,49.1951,16.6068,55.29,59.6
891802444,50.075441,12.376289,3,50.2327,12.8712,39.36,30.4
1135686476,49.396491,15.581617,13,49.3961,15.5904,0.64,2.9
559801164,49.214923,15.881656,13,49.3961,15.5904,29.19,37.5
769733452,50.783653,14.149831,4,50.6607,14.0328,15.96,31.4
4024246860,49.690402,18.350179,12,49.8209,18.2625,15.82,19.2
1311847244,49.30037,14.48127,1,48.9745,14.4743,36.24,48.7
499970892,50.760953,15.041032,5,50.7671,15.0562,1.27,6.2
3957965644,49.341581,18.203249,9,49.2265,17.6625,41.26,62.8
3582374732,50.101198,16.801065,8,49.5938,17.2509,64.99,74.0
3315188556,49.980571,16.392542,7,50.0343,15.7704,44.86,61.9
1431384908,49.403081,14.698864,1,48.9745,14.4743,50.37,36.4
3726926412,50.08384,16.760539,8,49.5938,17.2509,64.85,70.4
3713086284,50.6619,14.036128,4,50.6607,14.0328,0.27,0.5
2740741452,49.221553,16.294148,14,49.1951,16.6068,22.9,30.9
2241205580,50.749417,15.067144,5,50.7671,15.0562,2.11,6.7
241640012,49.430702,14.042936,2,49.7384,13.3736,59.15,76.6
35189580,49.197053,13.503896,2,49.7384,13.3736,60.93,78.2
1875300940,50.763095,15.039489,5,50.7671,15.0562,1.26,5.9
1362719308,49.946772,15.250427,7,50.0343,15.7704,38.43,52.7
1143075660,50.311835,12.87212,3,50.2327,12.8712,8.8,17.6
3839750988,50.488089,13.646565,4,50.6607,14.0328,33.35,42.4
1040773964,49.197053,13.503896,2,49.7384,13.3736,60.93,78.2
936989260,50.798025,14.406397,4,50.6607,14.0328,30.41,42.0
1830536012,48.949286,14.468321,1,48.9745,14.4743,2.84,5.5
1992684364,49.228869,16.639602,14,49.1951,16.6068,4.45,13.2
4025545548,49.147581,14.164919,1,48.9745,14.4743,29.64,34.9
1120768844,50.126278,14.113278,10,50.088,14.4208,22.34,35.4
1403646796,49.239793,17.654962,9,49.2265,17.6625,1.58,6.0
2467595084,49.946875,15.671633,7,50.0343,15.7704,12.01,17.5
123110220,49.312515,14.142512,1,48.9745,14.4743,44.67,50.7
4020077388,50.084092,12.775174,3,50.2327,12.8712,17.88,32.7
2741056332,50.133321,14.141488,10,50.088,14.4208,20.55,35.7
1734423372,50.133321,14.141488,10,50.088,14.4208,20.55,35.7
2959160140,50.133321,14.141488,10,50.088,14.4208,20.55,35.7
107033420,50.133321,14.141488,10,50.088,14.4208,20.55,35.7
1096889164,50.133321,14.141488,10,50.088,14.4208,20.55,35.7
3879301708,49.946772,15.250427,7,50.0343,15.7704,38.43,52.7
3877049164,50.547528,16.341969,6,50.2104,15.8252,52.42,82.5
2331833164,49.841108,13.917517,2,49.7384,13.3736,40.68,39.2
2671309644,49.013015,17.648904,9,49.2265,17.6625,23.76,36.3
3031728972,49.963966,16.982925,8,49.5938,17.2509,45.44,48.3
310522700,49.332399,17.988665,9,49.2265,17.6625,26.43,38.1
3967800140,49.674826,18.340896,12,49.8209,18.2625,17.19,16.5
323601228,50.209467,15.823733,6,50.2104,15.8252,0.15,0.5
3922867020,50.532758,14.131629,4,50.6607,14.0328,15.84,28.4
546452300,49.072654,17.457104,9,49.2265,17.6625,22.71,32.4
3816960844,50.127726,14.46548,10,50.088,14.4208,5.45,14.8
4206605132,49.200221,16.607841,14,49.1951,16.6068,0.57,2.2
1958884172,49.017308,14.608946,1,48.9745,14.4743,10.92,14.9
3013751628,49.288328,17.394143,9,49.2265,17.6625,20.65,32.7
1003631436,49.288328,17.394143,9,49.2265,17.6625,20.65,32.7
2899366732,49.755538,16.459993,7,50.0343,15.7704,58.32,71.6
4159746892,49.146671,18.011906,9,49.2265,17.6625,26.9,49.1
2160771916,49.748616,13.41531,2,49.7384,13.3736,3.21,7.9
3798020940,50.133321,14.141488,10,50.088,14.4208,20.55,35.7
2835157580,50.142801,15.124489,11,50.0406,14.5567,42.07,44.3
3272749900,49.934006,18.000259,12,49.8209,18.2625,22.61,28.5
1817170764,50.10634,14.54628,11,50.0406,14.5567,7.35,18.2
2693198668,49.234958,16.62676,14,49.1951,16.6068,4.66,10.2
2756653900,50.10634,14.54628,11,50.0406,14.5567,7.35,18.2
3310433100,49.210159,13.198571,2,49.7384,13.3736,60.08,68.5
2260939596,50.408808,15.561747,6,50.2104,15.8252,28.93,38.8
436351820,50.042093,15.79772,7,50.0343,15.7704,2.13,6.1
1864868684,50.16079,14.133606,10,50.088,14.4208,22.02,35.5
3627168588,50.621966,13.603224,4,50.6607,14.0328,30.6,41.5
392246092,50.133321,14.141488,10,50.088,14.4208,20.55,35.7
2446312268,50.191132,15.036454,11,50.0406,14.5567,38.08,48.1
2421306188,50.150521,14.180603,10,50.088,14.4208,18.48,30.6
2439066444,50.133321,14.141488,10,50.088,14.4208,20.55,35.7
1902195532,50.133321,14.141488,10,50.088,14.4208,20.55,35.7
1784820556,48.917415,17.095786,14,49.1951,16.6068,47.15,60.8
2882155340,50.170693,14.71081,11,50.0406,14.5567,18.17,29.3
2526229324,50.42633,14.910675,5,50.7671,15.0562,39.26,37.3
2216608588,50.160729,16.276417,6,50.2104,15.8252,32.6,47.0
600556108,48.922425,15.870951,13,49.3961,15.5904,56.48,67.7
3852677964,49.535098,18.391645,12,49.8209,18.2625,33.11,31.5
3116577612,49.195028,16.594592,14,49.1951,16.6068,0.89,2.9
3984114508,49.962548,14.071853,10,50.088,14.4208,28.57,35.1
1454347084,48.859766,16.052072,14,49.1951,16.6068,55.01,58.5
227722060,49.455049,17.442191,8,49.5938,17.2509,20.7,24.9
467874636,49.432709,17.398522,8,49.5938,17.2509,20.84,28.7
1173566284,50.499222,13.450124,4,50.6607,14.0328,44.89,51.5
1025827660,49.873108,14.108423,10,50.088,14.4208,32.71,52.1
501429068,49.185606,15.467392,13,49.3961,15.5904,25.05,32.4
3924636492,49.305398,13.15197,2,49.7384,13.3736,50.74,56.7
862925644,49.305398,13.15197,2,49.7384,13.3736,50.74,56.7
3943904076,50.642782,13.854313,4,50.6607,14.0328,12.74,19.1
3236143948,50.473047,14.733501,5,50.7671,15.0562,39.84,52.7
3211023436,50.234686,12.87245,3,50.2327,12.8712,0.24,0.7
3396977228,50.460477,13.417786,3,50.2327,12.8712,46.32,55.8
3871196236,50.227524,12.874126,3,50.2327,12.8712,0.61,3.1
1508517196,50.227524,12.874126,3,50.2327,12.8712,0.61,3.1
534630988,50.234686,12.87245,3,50.2327,12.8712,0.24,0.7
2437215052,49.742176,13.36827,2,49.7384,13.3736,0.57,2.7
1414673228,50.078481,14.864053,11,50.0406,14.5567,22.34,35.3
1297076812,50.230742,12.871799,3,50.2327,12.8712,0.22,0.7
2789266252,49.050907,14.191984,1,48.9745,14.4743,22.27,28.3
3325244236,49.039427,16.619211,14,49.1951,16.6068,17.33,23.8
4094899020,50.221888,12.886589,3,50.2327,12.8712,1.63,5.9
271790924,49.039427,16.619211,14,49.1951,16.6068,17.33,23.8
3978507084,50.634958,15.710593,6,50.2104,15.8252,47.9,67.8
104018764,50.410376,16.15945,6,50.2104,15.8252,32.52,37.9
136524620,50.651663,13.762213,4,50.6607,14.0328,19.1,25.0
3642962764,49.164767,16.342547,14,49.1951,16.6068,19.5,27.7
1867723596,49.079744,13.961985,1,48.9745,14.4743,39.14,46.7
3260797772,50.211738,13.676848,10,50.088,14.4208,54.76,55.9
3038982988,49.358646,15.99229,13,49.3961,15.5904,29.39,27.2
2255696716,50.491515,13.650295,4,50.6607,14.0328,32.92,40.8
1633891148,49.559642,13.956394,2,49.7384,13.3736,46.43,60.2
1819489100,49.455819,17.446855,8,49.5938,17.2509,20.87,25.2
4267914060,49.946322,17.895236,12,49.8209,18.2625,29.78,37.1
2658349900,49.822108,18.19247,12,49.8209,18.2625,5.03,9.1
644035404,50.729158,15.47905,5,50.7671,15.0562,30.05,55.3
1727628108,49.057629,13.784866,1,48.9745,14.4743,51.12,58.8
2175517516,49.447433,12.925636,2,49.7384,13.3736,45.71,56.6
3499897676,50.626628,13.68723,4,50.6607,14.0328,24.66,31.4
2023502668,49.990292,17.960892,12,49.8209,18.2625,28.66,37.8
966538060,49.32494,17.982338,9,49.2265,17.6625,25.66,36.0
224662348,50.078481,14.864053,11,50.0406,14.5567,22.34,35.3
877802316,50.078481,14.864053,11,50.0406,14.5567,22.34,35.3
2976125772,50.078481,14.864053,11,50.0406,14.5567,22.34,35.3
3065197388,50.653506,15.608695,5,50.7671,15.0562,40.9,70.5
2753827660,50.029889,14.505243,11,50.0406,14.5567,3.86,8.6
3965981516,50.078481,14.864053,11,50.0406,14.5567,22.34,35.3
3813806924,50.04687,14.730411,11,50.0406,14.5567,12.42,22.9
3067884364,50.701332,14.540454,4,50.6607,14.0328,36.05,57.8
1454125900,49.856249,18.538269,12,49.8209,18.2625,20.16,30.5
4137431884,49.297853,17.393119,9,49.2265,17.6625,21.1,31.8
2412524364,49.455819,17.446855,8,49.5938,17.2509,20.87,25.2
1328165452,50.410337,12.980921,3,50.2327,12.8712,21.23,33.9
1858155596,50.777903,15.422761,5,50.7671,15.0562,25.8,47.1
2990666572,49.595411,18.013472,12,49.8209,18.2625,30.81,36.0
3093336908,48.756436,16.85578,14,49.1951,16.6068,52.05,48.7
2875781964,49.979494,15.195726,7,50.0343,15.7704,41.52,60.7
600585036,48.797728,16.633176,14,49.1951,16.6068,44.23,44.2
2571842380,50.024157,15.770613,7,50.0343,15.7704,1.13,3.0
2499556172,50.229316,14.074782,10,50.088,14.4208,29.23,38.9
1508565836,50.037567,15.787009,7,50.0343,15.7704,1.24,3.7
1660609356,50.037567,15.787009,7,50.0343,15.7704,1.24,3.7
2698498892,49.71271,13.198439,2,49.7384,13.3736,12.91,17.8
3252433740,50.212788,14.270543,10,50.088,14.4208,17.53,32.1
2686202700,49.208547,17.233783,9,49.2265,17.6625,31.2,48.8
1091318604,49.981975,13.483199,2,49.7384,13.3736,28.2,43.3
741741388,50.087391,14.405759,10,50.088,14.4208,1.08,5.0
423375692,50.233085,12.887252,3,50.2327,12.8712,1.14,3.4
3320173388,49.463731,17.969031,9,49.2265,17.6625,34.48,56.9
1077687116,50.208173,15.833258,6,50.2104,15.8252,0.62,2.5
860886092,50.335996,13.540195,3,50.2327,12.8712,48.9,64.9
106705740,50.60596,13.618017,4,50.6607,14.0328,29.88,37.7
3149029964,48.949286,14.468321,1,48.9745,14.4743,2.84,5.5
4049257292,49.14459,15.002842,1,48.9745,14.4743,42.9,48.5
78668364,50.220849,12.882258,3,50.2327,12.8712,1.53,5.6
3794977612,50.77184,14.188998,4,50.6607,14.0328,16.54,27.1
3459003212,48.797845,14.614966,1,48.9745,14.4743,22.17,33.4
1345073996,50.486718,13.442696,4,50.6607,14.0328,45.94,52.0
1652347724,50.10634,14.54628,11,50.0406,14.5567,7.35,18.2
726414156,50.661234,13.845615,4,50.6607,14.0328,13.19,19.0
2706125644,48.919752,17.082702,14,49.1951,16.6068,46.26,62.4
2320249676,50.424403,14.38993,4,50.6607,14.0328,36.43,47.4
1586312012,50.438263,15.351851,6,50.2104,15.8252,42.09,48.0
2660258380,48.737966,14.110538,1,48.9745,14.4743,37.42,43.2
832385868,49.265109,13.904735,1,48.9745,14.4743,52.56,59.5
3113243212,48.737966,14.110538,1,48.9745,14.4743,37.42,43.2
1220358988,49.1438,14.994656,1,48.9745,14.4743,42.33,49.9
2762117964,49.574603,17.249588,8,49.5938,17.2509,2.14,5.0
3144430412,49.442545,14.37173,1,48.9745,14.4743,52.57,63.5
4153226060,49.308407,16.533392,14,49.1951,16.6068,13.68,18.1
3018249036,50.696261,15.737703,5,50.7671,15.0562,48.61,105.7
1841115980,49.237804,13.521506,2,49.7384,13.3736,56.68,71.7
845136716,50.666135,14.016783,4,50.6607,14.0328,1.28,2.9
3149738828,49.306087,14.155958,1,48.9745,14.4743,43.54,50.6
901591884,50.15758,14.198767,10,50.088,14.4208,17.62,29.8
2092356428,48.76558,16.88546,14,49.1951,16.6068,51.91,44.6
3766932044,49.249838,16.621857,14,49.1951,16.6068,6.18,13.0
4273746764,50.411863,15.521605,6,50.2104,15.8252,31.09,39.1
3455181644,49.210087,16.628192,14,49.1951,16.6068,2.28,6.1
913298252,50.772333,15.060215,5,50.7671,15.0562,0.65,2.6
2431329100,48.927684,14.450214,1,48.9745,14.4743,5.49,8.8
1199186764,49.822876,18.309874,12,49.8209,18.2625,3.41,11.5
32187212,48.927684,14.450214,1,48.9745,14.4743,5.49,8.8
3971797836,49.951922,15.808628,7,50.0343,15.7704,9.56,13.9
2624201548,49.933041,17.87888,12,49.8209,18.2625,30.19,38.2
1957372748,49.474368,14.290807,1,48.9745,14.4743,57.16,65.9
3523482444,50.088622,14.416864,10,50.088,14.4208,0.29,2.4
671818572,50.954318,14.553957,5,50.7671,15.0562,40.94,53.5
808133452,50.63759,13.822231,4,50.6607,14.0328,15.07,18.1
356197196,49.762148,16.475483,8,49.5938,17.2509,58.85,59.0
4027446092,49.783461,18.266473,12,49.8209,18.2625,4.17,8.1
3577422668,49.730992,17.292922,8,49.5938,17.2509,15.55,23.7
906699596,50.045026,18.025956,12,49.8209,18.2625,30.13,46.1
3322618700,49.78048,18.260911,12,49.8209,18.2625,4.5,9.6
3559596876,50.355806,13.788526,4,50.6607,14.0328,38.05,48.6
2083201868,49.208737,16.684293,14,49.1951,16.6068,5.83,14.3
1918575436,50.645542,13.854321,4,50.6607,14.0328,12.7,19.7
382317388,49.420419,14.677086,1,48.9745,14.4743,51.73,39.1
1196106572,50.136322,14.126186,10,50.088,14.4208,21.68,33.4
2001412940,50.136322,14.126186,10,50.088,14.4208,21.68,33.4
2756387660,50.136322,14.126186,10,50.088,14.4208,21.68,33.4
3464176460,50.655041,15.913119,6,50.2104,15.8252,49.83,59.8
2202739532,50.130561,14.729934,11,50.0406,14.5567,15.9,25.3
357245772,50.136322,14.126186,10,50.088,14.4208,21.68,33.4
3531285324,49.337164,18.004862,9,49.2265,17.6625,27.72,42.1
4152042316,50.493576,13.657189,4,50.6607,14.0328,32.39,39.3
4184548172,50.81084,14.536749,5,50.7671,15.0562,36.84,50.2
4202799948,49.366551,16.6454,14,49.1951,16.6068,19.27,31.1
937284172,49.182212,16.562528,14,49.1951,16.6068,3.52,8.4
3213112140,50.574362,15.896955,6,50.2104,15.8252,40.79,48.0
3225674572,49.597842,17.234737,8,49.5938,17.2509,1.25,3.3
4006777420,49.597842,17.234737,8,49.5938,17.2509,1.25,3.3
1032074060,49.019489,15.101026,1,48.9745,14.4743,46.0,56.3
1902846796,50.490811,13.645795,4,50.6607,14.0328,33.22,40.8
2318959436,49.597842,17.234737,8,49.5938,17.2509,1.25,3.3
542229324,50.770857,14.544358,5,50.7671,15.0562,36.0,43.0
2072420940,50.62475,13.818018,4,50.6607,14.0328,15.66,19.3
3570676556,50.184927,15.826511,6,50.2104,15.8252,2.83,7.2
3634246476,49.11335,16.715518,14,49.1951,16.6068,12.05,19.9
1255420748,49.221553,16.294148,14,49.1951,16.6068,22.9,30.9
2863936332,49.010707,17.120989,14,49.1951,16.6068,42.68,54.0
3131323212,50.130561,14.729934,11,50.0406,14.5567,15.9,25.3
2946773836,49.980875,17.364081,8,49.5938,17.2509,43.8,63.5
3544855372,50.351599,14.698896,10,50.088,14.4208,35.36,53.2
3787731788,50.448791,14.37597,4,50.6607,14.0328,33.81,50.9
3236345420,49.201508,16.623514,14,49.1951,16.6068,1.41,5.3
4240716620,49.939362,17.914024,12,49.8209,18.2625,28.23,35.9
1416061516,48.9803,14.475083,1,48.9745,14.4743,0.65,2.8
980693836,49.780332,13.372159,2,49.7384,13.3736,4.66,9.5
3742446412,48.903178,16.550187,14,49.1951,16.6068,32.72,33.5
3706991436,49.116267,17.766993,9,49.2265,17.6625,14.42,29.5
3555996492,49.435435,15.217384,13,49.3961,15.5904,27.34,32.9
2376151884,48.902959,16.543645,14,49.1951,16.6068,32.81,32.4
2610484044,49.617159,15.574525,13,49.3961,15.5904,24.61,27.4
1894638412,49.199639,16.620007,14,49.1951,16.6068,1.08,4.1
4160336716,48.802241,16.382116,14,49.1951,16.6068,46.66,50.9
3390321484,50.437527,15.360176,6,50.2104,15.8252,41.57,46.2
2494968396,50.060602,15.760911,7,50.0343,15.7704,3.0,5.7
2275750476,50.061029,15.760523,7,50.0343,15.7704,3.05,5.9
2024874572,50.061611,15.760532,7,50.0343,15.7704,3.12,6.0
3103449932,49.684005,18.630927,12,49.8209,18.2625,30.53,36.1
4133020492,49.590402,17.249631,8,49.5938,17.2509,0.39,1.2
2683712332,49.452089,17.44082,8,49.5938,17.2509,20.89,24.8
1007956812,50.430464,15.348738,6,50.2104,15.8252,41.75,46.3
3769418572,50.603205,15.322016,5,50.7671,15.0562,26.13,38.6
4102996812,49.557523,17.210488,8,49.5938,17.2509,4.98,7.3
2175231308,50.763198,15.06024,5,50.7671,15.0562,0.52,2.3
3019572044,50.132369,14.53639,10,50.088,14.4208,9.61,20.0
77382476,50.222546,12.187815,3,50.2327,12.8712,48.63,50.8
3376055116,48.8368,16.163374,14,49.1951,16.6068,51.31,52.8
4275950156,49.182212,16.562528,14,49.1951,16.6068,3.52,8.4
993276748,49.984449,14.496599,11,50.0406,14.5567,7.58,16.2
3085046604,49.184206,16.562735,14,49.1951,16.6068,3.42,8.5
2936288076,49.76213,15.907555,7,50.0343,15.7704,31.82,39.3
3726914380,49.833504,18.252586,12,49.8209,18.2625,1.57,3.2
103035724,50.293011,15.475249,6,50.2104,15.8252,26.52,38.7
221524812,50.608383,16.32988,6,50.2104,15.8252,56.9,83.1
670946124,50.252771,14.314982,10,50.088,14.4208,19.81,33.1
1803944524,49.087013,13.654737,1,48.9745,14.4743,61.05,82.1
1594110796,49.226655,17.666337,9,49.2265,17.6625,0.28,1.0
1092891468,50.768379,14.192576,4,50.6607,14.0328,16.43,26.2
1897198156,50.652758,15.905711,6,50.2104,15.8252,49.52,58.9
2524631884,49.355109,16.429971,14,49.1951,16.6068,21.93,31.1
2002006860,49.170488,16.563295,14,49.1951,16.6068,4.18,11.9
777270092,49.014892,13.578896,1,48.9745,14.4743,65.48,77.9
1270166348,50.234005,13.444067,3,50.2327,12.8712,40.75,51.9
1414804300,50.176901,12.668459,3,50.2327,12.8712,15.71,14.5
3015484236,50.052523,15.750224,7,50.0343,15.7704,2.49,5.9
2272539468,50.76128,15.068951,5,50.7671,15.0562,1.11,4.6
1885614924,49.148669,16.667677,14,49.1951,16.6068,6.8,14.7
1550558028,49.691141,18.348155,12,49.8209,18.2625,15.69,18.7
2912236364,49.747479,13.36918,2,49.7384,13.3736,1.06,3.5
3145827148,49.601918,15.579787,13,49.3961,15.5904,22.9,25.4
2830447436,50.186574,15.026894,11,50.0406,14.5567,37.25,48.6
3652531020,49.241961,15.071435,13,49.3961,15.5904,41.34,57.8
2662675276,50.901806,14.625083,5,50.7671,15.0562,33.78,46.2
1537553228,50.060123,15.7596,7,50.0343,15.7704,2.97,5.3
1809134412,50.464932,13.435124,4,50.6607,14.0328,47.5,52.9
3342402124,50.283851,17.284547,8,49.5938,17.2509,76.77,118.3
1690137164,49.861803,14.260381,10,50.088,14.4208,27.64,35.0
3215455052,49.838655,18.289408,12,49.8209,18.2625,2.76,6.3
3368366924,49.983756,14.907878,11,50.0406,14.5567,25.88,38.9
1707422540,48.937514,16.732434,14,49.1951,16.6068,30.07,28.0
2995204940,50.226331,12.85309,3,50.2327,12.8712,1.47,3.6
3632739148,50.226331,12.85309,3,50.2327,12.8712,1.47,3.6
1257583436,50.670561,14.071462,4,50.6607,14.0328,2.94,5.8
1092793164,50.226331,12.85309,3,50.2327,12.8712,1.47,3.6
1291137868,48.941506,16.723352,14,49.1951,16.6068,29.45,28.9
971322188,49.178647,14.694771,1,48.9745,14.4743,27.81,22.7
43463500,50.226331,12.85309,3,50.2327,12.8712,1.47,3.6
2080715596,49.199818,16.640552,14,49.1951,16.6068,2.51,7.7
1803596620,49.878586,18.436346,12,49.8209,18.2625,14.02,27.3
2129494860,50.504619,14.388075,4,50.6607,14.0328,30.5,49.7
3921605452,49.929659,14.009649,10,50.088,14.4208,34.25,38.0
2336813900,50.602671,15.623612,5,50.7671,15.0562,43.96,69.8
2491036236,50.078197,14.864236,11,50.0406,14.5567,22.35,35.3
1217119052,49.067475,17.446996,9,49.2265,17.6625,23.63,36.6
3685102412,50.068322,15.683137,7,50.0343,15.7704,7.29,14.8
1276523340,50.59334,13.56492,4,50.6607,14.0328,33.84,44.5
2684863308,50.191625,15.03214,11,50.0406,14.5567,37.83,48.5
2060923724,49.571294,17.254212,8,49.5938,17.2509,2.51,6.1
1748448076,48.933819,15.527187,13,49.3961,15.5904,51.61,66.5
3427349324,49.878264,16.88084,8,49.5938,17.2509,41.33,37.4
430650188,50.068853,15.129715,11,50.0406,14.5567,41.03,47.7
3510317900,49.190349,16.653398,14,49.1951,16.6068,3.43,10.2
321205068,49.595676,17.237192,8,49.5938,17.2509,1.01,3.3
2890449740,49.735369,13.399012,2,49.7384,13.3736,1.86,5.8
67347276,48.737966,14.110538,1,48.9745,14.4743,37.42,43.2
2556834636,49.187703,16.589528,14,49.1951,16.6068,1.5,4.2
3676779340,50.239853,17.20989,8,49.5938,17.2509,71.9,106.2
757412684,49.595676,17.237192,8,49.5938,17.2509,1.01,3.3
1893086028,50.022711,14.44283,10,50.088,14.4208,7.43,17.4
4151718732,49.898328,16.569857,7,50.0343,15.7704,59.15,76.5
3856085836,50.542378,13.776049,4,50.6607,14.0328,22.39,28.2
4248253260,49.778028,18.221346,12,49.8209,18.2625,5.61,11.5
2876912460,49.447968,17.445715,8,49.5938,17.2509,21.46,26.4
2864395084,50.07282,12.37521,3,50.2327,12.8712,39.56,31.6
1314599756,50.370491,12.822466,3,50.2327,12.8712,15.71,29.9
3506778956,50.000718,14.926762,11,50.0406,14.5567,26.81,42.8
2477310796,50.478337,13.41653,3,50.2327,12.8712,47.36,56.4
3188077388,50.024942,15.188717,7,50.0343,15.7704,41.56,51.2
3875570508,50.674344,14.106688,4,50.6607,14.0328,5.42,9.9
214381388,49.749088,15.881724,7,50.0343,15.7704,32.7,41.6
249246540,49.03787,13.636443,1,48.9745,14.4743,61.52,73.0
2841973580,50.769482,14.216138,4,50.6607,14.0328,17.69,28.1
87933772,50.20358,15.293023,6,50.2104,15.8252,37.88,41.6
889860940,49.939598,17.891355,12,49.8209,18.2625,29.69,37.5
1748214604,48.737966,14.110538,1,48.9745,14.4743,37.42,43.2
1013330764,49.187703,16.589528,14,49.1951,16.6068,1.5,4.2
3737596748,49.180644,16.670573,14,49.1951,16.6068,4.91,10.8
2195403596,50.227688,12.861363,3,50.2327,12.8712,0.89,2.4
146019148,50.113986,14.373572,10,50.088,14.4208,4.44,14.1
3383112524,50.685519,15.982037,6,50.2104,15.8252,53.99,68.4
1479947084,50.271947,12.781021,3,50.2327,12.8712,7.76,14.0
3130471244,49.187703,16.589528,14,49.1951,16.6068,1.5,4.2
1882571596,49.59024,18.36161,12,49.8209,18.2625,26.62,25.0
3557110604,49.594669,17.2393,8,49.5938,17.2509,0.84,2.5
1316565836,49.837402,18.262918,12,49.8209,18.2625,1.84,4.2
2483434316,50.088448,17.684328,12,49.8209,18.2625,50.95,60.8
2123838284,49.617566,14.195775,11,50.0406,14.5567,53.69,68.3
2606629452,49.233297,17.676079,9,49.2265,17.6625,1.24,3.1
3948360524,49.208565,15.88026,13,49.3961,15.5904,29.61,38.6
1084613452,50.679014,15.5312,5,50.7671,15.0562,34.84,66.5
2579903308,50.505363,13.633869,4,50.6607,14.0328,33.04,40.7
628343628,50.779503,14.625572,5,50.7671,15.0562,30.31,35.2
727581260,49.233297,17.676079,9,49.2265,17.6625,1.24,3.1
1028993868,50.791086,15.14246,5,50.7671,15.0562,6.63,15.5
2657997644,48.987476,14.436117,1,48.9745,14.4743,3.14,8.7
1295397708,50.174202,12.646068,3,50.2327,12.8712,17.29,17.5
3482792780,49.187703,16.589528,14,49.1951,16.6068,1.5,4.2
1036735052,49.233297,17.676079,9,49.2265,17.6625,1.24,3.1
1109865292,49.340714,14.714003,1,48.9745,14.4743,44.3,39.0
2480616268,50.071482,14.442348,10,50.088,14.4208,2.4,9.8
4153094988,50.077325,12.343798,3,50.2327,12.8712,41.36,34.6
2413048652,49.76213,15.907555,7,50.0343,15.7704,31.82,39.3
1193489228,50.381773,13.268647,3,50.2327,12.8712,32.73,42.9
3810931532,50.425339,14.91356,5,50.7671,15.0562,39.31,36.7
1351037772,50.451248,14.376322,4,50.6607,14.0328,33.64,51.2
1759982412,48.878545,16.035762,14,49.1951,16.6068,54.51,62.1
475476812,49.340714,14.714003,1,48.9745,14.4743,44.3,39.0
452670284,49.03787,13.636443,1,48.9745,14.4743,61.52,73.0
457519948,50.024317,14.457196,11,50.0406,14.5567,7.33,16.6
3252040524,49.742669,13.599614,2,49.7384,13.3736,16.25,21.3
1629893452,49.975564,12.697579,3,50.2327,12.8712,31.16,43.9
528954188,49.666495,12.773731,2,49.7384,13.3736,43.87,43.9
3725509452,50.456132,13.414775,3,50.2327,12.8712,45.88,55.4
4215976524,49.201508,16.623514,14,49.1951,16.6068,1.41,5.3
4269421388,49.447968,17.445715,8,49.5938,17.2509,21.46,26.4
2289161036,50.078197,14.864236,11,50.0406,14.5567,22.35,35.3
880096076,50.670138,14.094706,4,50.6607,14.0328,4.49,10.2
2855256908,50.129477,14.737581,11,50.0406,14.5567,16.25,27.6
4199953228,49.002773,14.542779,1,48.9745,14.4743,5.9,12.2
1636250444,50.766433,14.764063,5,50.7671,15.0562,20.55,25.5
431567692,50.229369,17.20464,8,49.5938,17.2509,70.75,105.8
3433779788,49.435321,12.934441,2,49.7384,13.3736,46.24,58.8
2289709900,49.447968,17.445715,8,49.5938,17.2509,21.46,26.4
4256809804,50.070581,14.864423,11,50.0406,14.5567,22.22,35.1
691745612,49.190063,16.626923,14,49.1951,16.6068,1.57,5.9
675623756,49.250461,15.200116,13,49.3961,15.5904,32.59,44.8
1641857868,50.132486,14.741659,11,50.0406,14.5567,16.69,27.3
2888512332,49.679721,18.360717,12,49.8209,18.2625,17.21,19.6
118780492,49.230421,17.000364,14,49.1951,16.6068,28.86,34.9
3741586252,50.102942,14.581759,11,50.0406,14.5567,7.16,20.8
1508746572,49.218355,16.599741,14,49.1951,16.6068,2.64,6.1
893727564,50.198846,15.860598,6,50.2104,15.8252,2.83,6.1
2029400908,49.803412,18.418406,12,49.8209,18.2625,11.35,20.0
3448423244,50.635988,15.811802,6,50.2104,15.8252,47.33,57.5
1785148236,49.014999,14.003011,1,48.9745,14.4743,34.68,43.7
2079245132,49.843287,18.28216,12,49.8209,18.2625,2.86,6.5
2772775756,50.089021,17.719161,12,49.8209,18.2625,48.99,57.6
3802010956,50.184579,16.939539,8,49.5938,17.2509,69.38,83.6
3365585740,50.635988,15.811802,6,50.2104,15.8252,47.33,57.5
3114742604,50.013491,16.743298,8,49.5938,17.2509,59.2,60.3
3441762892,50.55967,13.77924,4,50.6607,14.0328,21.13,24.9
4128756556,49.3125,14.153262,1,48.9745,14.4743,44.25,50.4
747320140,50.499594,13.450997,4,50.6607,14.0328,44.82,51.7
3459171148,49.596635,17.268914,8,49.5938,17.2509,1.34,5.0
3344249676,50.791086,15.14246,5,50.7671,15.0562,6.63,15.5
2872710476,50.184579,16.939539,8,49.5938,17.2509,69.38,83.6
1697309516,50.912314,14.628018,5,50.7671,15.0562,34.13,46.3
2619679308,50.55967,13.77924,4,50.6607,14.0328,21.13,24.9
3326264140,49.591639,12.718169,2,49.7384,13.3736,49.92,52.6
2570720588,50.184579,16.939539,8,49.5938,17.2509,69.38,83.6
4067025740,50.073698,12.371191,3,50.2327,12.8712,39.77,30.9
1047786316,49.934246,17.883115,12,49.8209,18.2625,29.96,39.3
202847052,50.028996,15.191584,7,50.0343,15.7704,41.35,51.2
4066849612,49.801012,12.631663,3,50.2327,12.8712,50.96,67.9
2923115340,49.331208,13.208416,2,49.7384,13.3736,46.82,52.6
2247570252,50.290425,16.165558,6,50.2104,15.8252,25.78,39.6
2083636044,49.394376,15.576775,13,49.3961,15.5904,1.0,3.0
1010881356,49.781326,18.254963,12,49.8209,18.2625,4.43,9.6
4147589964,50.222536,12.888015,3,50.2327,12.8712,1.65,4.3
67842892,49.799606,18.39904,12,49.8209,18.2625,10.08,17.4
445002572,48.971605,14.482278,1,48.9745,14.4743,0.67,3.3
3745125708,50.184579,16.939539,8,49.5938,17.2509,69.38,83.6
1870017356,48.909444,13.886061,1,48.9745,14.4743,43.57,60.7
3953603404,49.47967,17.117293,8,49.5938,17.2509,15.94,16.6
839332684,50.435567,15.363157,6,50.2104,15.8252,41.27,45.7
3088241996,50.726149,15.609441,5,50.7671,15.0562,39.19,80.8
311112524,50.405438,15.68004,6,50.2104,15.8252,24.01,31.4
1865147212,48.754569,16.878602,14,49.1951,16.6068,52.85,46.5
623149900,48.763196,16.892574,14,49.1951,16.6068,52.36,44.6
2130711372,50.56061,14.657647,5,50.7671,15.0562,36.28,57.5
4034278220,48.699584,14.673534,1,48.9745,14.4743,33.87,48.3
701969228,49.777774,18.252625,12,49.8209,18.2625,4.85,9.4
624374604,49.849862,18.554053,12,49.8209,18.2625,21.16,34.1
3343332172,49.199033,16.645558,14,49.1951,16.6068,2.85,7.6
629879628,50.077325,12.343798,3,50.2327,12.8712,41.36,34.6
439743308,50.650085,15.605046,5,50.7671,15.0562,40.78,67.7
3527537484,49.595411,18.013472,12,49.8209,18.2625,30.81,36.0
1335817036,50.221451,14.161618,10,50.088,14.4208,23.69,37.2
278524748,50.608323,13.625301,4,50.6607,14.0328,29.32,37.1
1900802892,50.879884,14.595034,5,50.7671,15.0562,34.74,49.0
3100476236,49.847217,18.174873,12,49.8209,18.2625,6.93,14.0
2446779212,50.228139,14.076585,10,50.088,14.4208,29.05,38.0
2438976332,50.431307,14.910709,5,50.7671,15.0562,38.72,37.8
263840332,49.535091,15.357229,13,49.3961,15.5904,22.86,23.6
161600332,50.15036,15.1171,11,50.0406,14.5567,41.8,45.3
435893068,50.183459,15.831455,6,50.2104,15.8252,3.03,6.6
1545286476,50.240441,14.300853,10,50.088,14.4208,18.98,33.8
2936746828,50.211282,15.81662,6,50.2104,15.8252,0.62,3.2
1767584588,50.346257,14.492161,10,50.088,14.4208,29.16,42.4
2254123852,50.365971,12.935122,3,50.2327,12.8712,15.5,19.7
3058139980,50.492003,13.029329,3,50.2327,12.8712,30.94,44.0
4105220940,48.722411,14.095162,1,48.9745,14.4743,39.44,45.7
2555769676,50.05185,14.681346,11,50.0406,14.5567,8.99,17.5
4158554956,50.921865,15.08029,5,50.7671,15.0562,17.29,28.8
1213068108,50.182164,12.55458,3,50.2327,12.8712,23.22,29.3
853836620,49.678491,18.381538,12,49.8209,18.2625,18.0,22.1
2543530828,50.759525,15.025464,5,50.7671,15.0562,2.32,7.6
159069004,49.2023,17.581757,9,49.2265,17.6625,6.45,12.4
3145413452,49.2023,17.581757,9,49.2265,17.6625,6.45,12.4
3816469324,50.221094,12.88991,3,50.2327,12.8712,1.85,3.8
3893732172,50.024688,15.201971,7,50.0343,15.7704,40.62,49.8
3039155020,49.900046,16.451388,7,50.0343,15.7704,50.94,67.3
2509554508,49.612451,16.680496,8,49.5938,17.2509,41.16,61.1
1334100812,48.998198,14.453556,1,48.9745,14.4743,3.04,7.1
4071932748,50.393137,13.17719,3,50.2327,12.8712,28.11,35.2
3852780364,49.713153,12.774841,2,49.7384,13.3736,43.13,38.6
3898995532,50.33773,15.926775,6,50.2104,15.8252,15.89,23.5
2432623180,50.160753,14.133764,10,50.088,14.4208,22.0,35.5
1774502732,49.197522,16.658122,14,49.1951,16.6068,3.74,10.1
3970159436,49.403982,17.646592,9,49.2265,17.6625,19.77,34.9
1321517900,49.197522,16.658122,14,49.1951,16.6068,3.74,10.1
4005872460,49.197522,16.658122,14,49.1951,16.6068,3.74,10.1
482657100,49.197522,16.658122,14,49.1951,16.6068,3.74,10.1
3905991500,49.30027,17.390884,9,49.2265,17.6625,21.35,31.9
3301229388,49.197522,16.658122,14,49.1951,16.6068,3.74,10.1
4072981324,49.197522,16.658122,14,49.1951,16.6068,3.74,10.1
2244264780,49.197522,16.658122,14,49.1951,16.6068,3.74,10.1
3556438860,50.091553,14.434231,10,50.088,14.4208,1.04,5.1
1204077388,49.197522,16.658122,14,49.1951,16.6068,3.74,10.1
821285708,50.032128,14.227238,10,50.088,14.4208,15.15,26.8
1576321868,49.197522,16.658122,14,49.1951,16.6068,3.74,10.1
4160013132,49.197522,16.658122,14,49.1951,16.6068,3.74,10.1
1586164556,49.740248,13.393179,2,49.7384,13.3736,1.42,4.3
904184652,50.580452,16.327053,6,50.2104,15.8252,54.39,79.1
3359802188,50.411334,14.927087,5,50.7671,15.0562,40.6,35.0
1155842892,49.197522,16.658122,14,49.1951,16.6068,3.74,10.1
2417279820,49.032027,14.641251,1,48.9745,14.4743,13.76,19.0
3533755212,49.190374,16.358218,14,49.1951,16.6068,18.07,23.1
4125410124,50.343982,15.911481,6,50.2104,15.8252,16.07,20.3
2752824140,49.004181,13.995545,1,48.9745,14.4743,35.09,45.4
98878284,49.537627,17.375763,8,49.5938,17.2509,10.96,19.6
865727308,49.399811,13.276098,2,49.7384,13.3736,38.3,43.6
2804511308,50.769234,15.281111,5,50.7671,15.0562,15.82,32.9
52065356,49.259766,16.622121,14,49.1951,16.6068,7.28,14.2
1702949708,49.934386,17.894369,12,49.8209,18.2625,29.24,36.8
1850786636,49.671125,18.673232,12,49.8209,18.2625,33.89,39.4
3947807564,49.20694,15.859634,13,49.3961,15.5904,28.7,35.3
4062495564,49.246713,16.913513,14,49.1951,16.6068,23.0,29.5
1881457484,49.859337,17.031037,8,49.5938,17.2509,33.49,46.1
1710216012,49.868613,18.556581,12,49.8209,18.2625,21.74,34.8
2733953868,49.849299,18.555276,12,49.8209,18.2625,21.23,33.6
304137036,50.585198,15.158551,5,50.7671,15.0562,21.47,21.2
348340812,49.963037,16.984929,8,49.5938,17.2509,45.28,48.0
729072460,50.783065,14.214217,4,50.6607,14.0328,18.66,29.0
3883705164,49.228869,16.639602,14,49.1951,16.6068,4.45,13.2
2121696076,50.111694,14.684008,11,50.0406,14.5567,12.04,26.6
466928460,49.197522,16.658122,14,49.1951,16.6068,3.74,10.1
412074828,49.595772,17.24978,8,49.5938,17.2509,0.23,2.4
636797772,49.197522,16.658122,14,49.1951,16.6068,3.74,10.1
703906636,49.197522,16.658122,14,49.1951,16.6068,3.74,10.1
803521356,49.197522,16.658122,14,49.1951,16.6068,3.74,10.1
1371849548,50.211982,15.822651,6,50.2104,15.8252,0.25,0.8
4260791116,49.098905,17.749494,9,49.2265,17.6625,15.53,28.2
1714119244,50.037567,15.787009,7,50.0343,15.7704,1.24,3.7
1406452556,49.197522,16.658122,14,49.1951,16.6068,3.74,10.1
1557447500,49.197522,16.658122,14,49.1951,16.6068,3.74,10.1
1960100684,49.197522,16.658122,14,49.1951,16.6068,3.74,10.1
1945420620,49.197522,16.658122,14,49.1951,16.6068,3.74,10.1
1363198796,50.634192,13.816159,4,50.6607,14.0328,15.56,17.5
1481290572,49.204618,16.680732,14,49.1951,16.6068,5.47,13.4
2027209548,49.197522,16.658122,14,49.1951,16.6068,3.74,10.1
1909769036,49.197522,16.658122,14,49.1951,16.6068,3.74,10.1
2782184268,49.197522,16.658122,14,49.1951,16.6068,3.74,10.1
2798961484,49.197522,16.658122,14,49.1951,16.6068,3.74,10.1
2037433164,48.902961,16.543644,14,49.1951,16.6068,32.81,32.4
2999419724,48.965283,16.661166,14,49.1951,16.6068,25.86,34.2
2966733644,49.197522,16.658122,14,49.1951,16.6068,3.74,10.1
3084174156,49.197522,16.658122,14,49.1951,16.6068,3.74,10.1
3335832396,49.197522,16.658122,14,49.1951,16.6068,3.74,10.1
3195745100,48.805639,16.385585,14,49.1951,16.6068,46.22,52.4
3567567692,49.197522,16.658122,14,49.1951,16.6068,3.74,10.1
3108029260,50.769852,14.214979,4,50.6607,14.0328,17.66,27.8
3386164044,49.197522,16.658122,14,49.1951,16.6068,3.74,10.1
3738485580,49.197522,16.658122,14,49.1951,16.6068,3.74,10.1
366330700,49.197522,16.658122,14,49.1951,16.6068,3.74,10.1
415613772,49.197522,16.658122,14,49.1951,16.6068,3.74,10.1
770032460,49.421451,14.659994,1,48.9745,14.4743,51.5,39.5
3225002828,49.205526,16.622905,14,49.1951,16.6068,1.65,4.7
1205191500,49.197522,16.658122,14,49.1951,16.6068,3.74,10.1
1237697356,49.197522,16.658122,14,49.1951,16.6068,3.74,10.1
1423295308,49.197522,16.658122,14,49.1951,16.6068,3.74,10.1
2472854348,49.226655,17.666334,9,49.2265,17.6625,0.28,1.0
1334182476,49.087013,13.654737,1,48.9745,14.4743,61.05,82.1
3067462476,49.197522,16.658122,14,49.1951,16.6068,3.74,10.1
4089172812,50.432632,15.37287,6,50.2104,15.8252,40.52,44.8
2987770700,49.414412,14.657801,1,48.9745,14.4743,50.7,42.5
259572556,50.726149,15.609441,5,50.7671,15.0562,39.19,80.8
2545345356,49.599947,18.356554,12,49.8209,18.2625,25.48,23.4
1342821196,50.388451,13.177961,3,50.2327,12.8712,27.83,34.0
1379976012,50.13,16.802807,8,49.5938,17.2509,67.72,79.6
4183868236,50.490405,13.434972,4,50.6607,14.0328,46.27,52.2
962642764,49.672732,18.346569,12,49.8209,18.2625,17.55,17.2
2804732748,50.505689,13.438669,4,50.6607,14.0328,45.35,53.1
1097790284,50.402927,16.146768,6,50.2104,15.8252,31.3,37.8
3595170636,49.402602,16.719845,14,49.1951,16.6068,24.49,39.6
201249612,50.222869,12.190682,3,50.2327,12.8712,48.42,49.3
661787468,50.229786,12.869043,3,50.2327,12.8712,0.36,2.0
1043125068,50.686018,13.882108,4,50.6607,14.0328,10.99,17.1
199951180,50.089474,14.123772,10,50.088,14.4208,21.19,30.7
1011336012,49.197522,16.658122,14,49.1951,16.6068,3.74,10.1
1438761804,48.909047,13.718391,1,48.9745,14.4743,55.69,75.8
1446495052,49.197522,16.658122,14,49.1951,16.6068,3.74,10.1
1497875276,49.197522,16.658122,14,49.1951,16.6068,3.74,10.1
2101396300,50.722322,15.167926,5,50.7671,15.0562,9.31,15.9
2890384204,49.197522,16.658122,14,49.1951,16.6068,3.74,10.1
3711419212,49.197522,16.658122,14,49.1951,16.6068,3.74,10.1
1922089804,50.722322,15.167926,5,50.7671,15.0562,9.31,15.9
4182229836,49.197522,16.658122,14,49.1951,16.6068,3.74,10.1
2662191948,50.270477,12.786443,3,50.2327,12.8712,7.35,14.8
4199007052,49.197522,16.658122,14,49.1951,16.6068,3.74,10.1
458510924,49.208993,17.533484,9,49.2265,17.6625,9.57,17.2
1772786508,49.672808,18.341224,12,49.8209,18.2625,17.41,16.9
2794505036,49.414412,14.657801,1,48.9745,14.4743,50.7,42.5
4018336588,49.841382,18.267381,12,49.8209,18.2625,2.3,5.7
4094775884,50.470524,16.18327,6,50.2104,15.8252,38.5,50.7
2032685644,49.488405,16.661262,14,49.1951,16.6068,32.85,41.4
4041327436,50.768023,15.375134,5,50.7671,15.0562,22.43,43.1
2537050700,49.488405,16.661262,14,49.1951,16.6068,32.85,41.4
1759626060,49.300257,14.46284,1,48.9745,14.4743,36.23,48.3
1226163020,49.414412,14.657801,1,48.9745,14.4743,50.7,42.5
742507340,49.373406,16.649567,14,49.1951,16.6068,20.07,32.6
901501772,50.676891,14.09854,4,50.6607,14.0328,4.97,10.4
1160889164,49.479355,15.006243,13,49.3961,15.5904,43.24,55.0
1147130700,49.140538,15.000596,1,48.9745,14.4743,42.56,49.7
590463820,50.327168,13.545772,3,50.2327,12.8712,49.07,64.8
3642291020,49.9467,14.028048,10,50.088,14.4208,32.16,38.0
698913612,49.31593,14.159261,1,48.9745,14.4743,44.34,51.1
3518681932,50.643699,13.841234,4,50.6607,14.0328,13.64,19.0
2295403340,49.977265,14.085982,10,50.088,14.4208,26.9,35.8
1664095052,50.087853,14.48853,10,50.088,14.4208,4.83,13.2
1189941836,49.101782,16.754945,14,49.1951,16.6068,14.96,23.9
623100748,49.667836,15.395175,13,49.3961,15.5904,33.34,46.0
4213424972,50.686159,13.881589,4,50.6607,14.0328,11.03,17.0
1344521036,49.953381,15.77916,7,50.0343,15.7704,9.02,14.8
522437452,50.489786,13.025591,3,50.2327,12.8712,30.61,43.4
3962262092,49.676767,17.984349,12,49.8209,18.2625,25.62,27.7
3574649676,49.302545,14.152636,1,48.9745,14.4743,43.34,49.5
1231020876,49.780613,14.170789,10,50.088,14.4208,38.58,42.6
3029123916,49.712813,13.643579,2,49.7384,13.3736,19.61,27.8
3241239116,48.940846,16.737623,14,49.1951,16.6068,29.83,27.1
56869708,50.812641,14.535357,5,50.7671,15.0562,36.96,50.6
3681129292,49.781232,14.167639,10,50.088,14.4208,38.62,42.4
3173049164,49.590751,17.282743,8,49.5938,17.2509,2.32,6.7
1843352140,49.168629,16.727314,14,49.1951,16.6068,9.24,16.8
96256844,49.730214,13.399443,2,49.7384,13.3736,2.07,6.5
371163980,50.20802,16.454458,6,50.2104,15.8252,44.78,67.4
3453797196,50.233308,14.408602,10,50.088,14.4208,16.18,27.5
516735820,50.637713,13.837021,4,50.6607,14.0328,14.04,17.2
605823564,49.476301,17.114391,8,49.5938,17.2509,16.36,17.4
2808906572,50.31541,14.911682,11,50.0406,14.5567,39.66,43.2
2171454284,49.591482,18.359607,12,49.8209,18.2625,26.45,24.5
1074578252,50.053101,14.50719,11,50.0406,14.5567,3.8,8.6
4202480460,50.485092,15.512307,6,50.2104,15.8252,37.76,50.2
652989260,50.204747,14.554671,10,50.088,14.4208,16.11,28.2
1328333644,50.073008,14.858983,11,50.0406,14.5567,21.88,35.2
2942092108,50.542746,16.232762,6,50.2104,15.8252,46.91,62.7
3397174092,50.596167,15.805643,6,50.2104,15.8252,42.92,56.3
2085716812,50.013176,17.316339,8,49.5938,17.2509,46.87,64.5
461161292,50.641549,15.608982,5,50.7671,15.0562,41.36,66.6
1365033804,49.294627,17.38742,9,49.2265,17.6625,21.35,31.6
3647783756,50.503219,13.45167,4,50.6607,14.0328,44.61,51.1
359449420,50.582286,16.336788,6,50.2104,15.8252,55.0,78.4
1668072268,49.739639,13.372223,2,49.7384,13.3736,0.17,3.2
1600639820,50.671933,14.929235,5,50.7671,15.0562,13.85,31.5
3722400332,49.168629,16.727314,14,49.1951,16.6068,9.24,16.8
698205004,50.582286,16.336788,6,50.2104,15.8252,55.0,78.4
1890697804,49.204566,16.614484,14,49.1951,16.6068,1.19,4.1
1321059148,49.975806,16.407085,7,50.0343,15.7704,45.96,63.8
549307212,50.129705,14.130056,10,50.088,14.4208,21.25,32.8
3428409932,50.223754,15.783615,6,50.2104,15.8252,3.31,8.4
1892533068,50.093385,13.722479,2,49.7384,13.3736,46.71,70.1
893003084,50.227524,12.874126,3,50.2327,12.8712,0.61,3.1
3535266636,50.359554,12.843016,3,50.2327,12.8712,14.25,33.3
195937100,49.586849,15.545065,13,49.3961,15.5904,21.46,28.8
3449783116,49.621084,14.809082,11,50.0406,14.5567,50.04,65.1
593904972,50.222153,12.887468,3,50.2327,12.8712,1.65,4.1
865854284,50.130647,14.729075,11,50.0406,14.5567,15.86,25.0
1102771020,50.222124,12.890697,3,50.2327,12.8712,1.82,3.6
3355296588,50.077268,12.374432,3,50.2327,12.8712,39.39,30.2
2180891468,49.482196,16.642473,14,49.1951,16.6068,32.03,41.8
1122878284,50.654523,13.843126,4,50.6607,14.0328,13.39,19.6
1022214988,50.077928,14.121163,10,50.088,14.4208,21.41,31.7
1582228300,50.634768,15.712058,6,50.2104,15.8252,47.86,68.2
637387596,49.019544,13.997136,1,48.9745,14.4743,35.17,45.3
3926770508,50.542378,13.776049,4,50.6607,14.0328,22.39,28.2
1124975436,50.304585,15.831994,6,50.2104,15.8252,10.48,14.8
2937963340,49.94367,18.138278,12,49.8209,18.2625,16.3,31.1
4144874316,50.223989,17.196701,8,49.5938,17.2509,70.18,103.0
4063085388,50.360036,15.631926,6,50.2104,15.8252,21.57,25.2
233050700,49.237413,16.527327,14,49.1951,16.6068,7.45,13.9
3144393548,49.781864,14.686276,11,50.0406,14.5567,30.23,34.0
2357715788,50.033426,15.52724,7,50.0343,15.7704,17.37,23.1
3995976524,49.398396,15.588811,13,49.3961,15.5904,0.28,2.3
2653799244,49.398396,15.588811,13,49.3961,15.5904,0.28,2.3
2583556940,48.967205,14.472686,1,48.9745,14.4743,0.82,2.6
4102218572,49.779833,13.37499,2,49.7384,13.3736,4.61,10.0
2772288332,49.484191,17.338247,8,49.5938,17.2509,13.72,20.7
206422860,50.542069,13.779429,4,50.6607,14.0328,22.22,28.0
2678580044,50.088296,14.13071,10,50.088,14.4208,20.7,29.8
2243228492,49.46949,13.604367,2,49.7384,13.3736,34.21,41.2
1303704396,49.46949,13.604367,2,49.7384,13.3736,34.21,41.2
1917698892,50.517343,13.785602,4,50.6607,14.0328,23.64,31.2
760865612,49.46949,13.604367,2,49.7384,13.3736,34.21,41.2
145392204,49.293872,13.14353,2,49.7384,13.3736,52.15,57.9
1717166924,49.46949,13.604367,2,49.7384,13.3736,34.21,41.2
2288894796,49.852285,18.553835,12,49.8209,18.2625,21.18,33.9
782693196,49.7674,16.534251,8,49.5938,17.2509,55.06,53.8
2504950604,50.476672,16.094377,6,50.2104,15.8252,35.24,47.3
3891520076,49.226655,17.666337,9,49.2265,17.6625,0.28,1.0
761566028,50.476672,16.094377,6,50.2104,15.8252,35.24,47.3
796365644,50.091666,15.060743,11,50.0406,14.5567,36.42,43.0
2960708428,50.052523,15.750224,7,50.0343,15.7704,2.49,5.9
1992282956,49.952213,15.815386,7,50.0343,15.7704,9.68,14.5
3926389580,50.336768,13.551654,4,50.6607,14.0328,49.55,60.4
305984332,50.726139,15.17578,5,50.7671,15.0562,9.57,16.4
564650828,50.071049,15.683903,7,50.0343,15.7704,7.41,14.3
3426173516,49.215016,16.753184,14,49.1951,16.6068,10.86,21.4
1982198604,49.677903,18.362209,12,49.8209,18.2625,17.44,19.8
1584353868,49.168629,16.727314,14,49.1951,16.6068,9.24,16.8
1186648908,50.643699,13.841234,4,50.6607,14.0328,13.64,19.0
4194956108,49.950394,16.981326,8,49.5938,17.2509,44.12,48.5
2888553292,50.224375,12.883903,3,50.2327,12.8712,1.29,3.8
187683660,50.088336,12.381267,3,50.2327,12.8712,38.42,31.3
4004041548,50.059767,14.454899,10,50.088,14.4208,3.97,12.3
745493068,49.168629,16.727314,14,49.1951,16.6068,9.24,16.8
2728563532,50.235275,12.888385,3,50.2327,12.8712,1.26,4.2
1889260364,50.287181,14.823881,11,50.0406,14.5567,33.38,36.0
3917468492,49.730675,17.296823,8,49.5938,17.2509,15.57,23.6
1038668620,49.77073,17.117229,8,49.5938,17.2509,21.9,30.3
418054988,50.713735,15.31539,5,50.7671,15.0562,19.18,33.9
3045774156,48.818866,16.112892,14,49.1951,16.6068,55.21,57.3
2952196940,50.428216,15.581408,6,50.2104,15.8252,29.77,38.9
555803468,50.186008,14.854004,11,50.0406,14.5567,26.66,34.2
880792396,50.477534,16.185241,6,50.2104,15.8252,39.18,52.5
1575539532,48.915432,16.167973,14,49.1951,16.6068,44.6,53.6
165630540,49.168629,16.727314,14,49.1951,16.6068,9.24,16.8
2528826188,50.643699,13.841234,4,50.6607,14.0328,13.64,19.0
328979276,50.287181,14.823881,11,50.0406,14.5567,33.38,36.0
3983266636,49.972001,12.702046,3,50.2327,12.8712,31.4,45.1
4234138444,50.506837,13.660044,4,50.6607,14.0328,31.39,36.7
936956748,50.916097,14.50738,5,50.7671,15.0562,41.95,56.6
3906949708,49.168629,16.727314,14,49.1951,16.6068,9.24,16.8
4156216140,50.643699,13.841234,4,50.6607,14.0328,13.64,19.0
2329183052,49.03943,17.81684,9,49.2265,17.6625,23.64,42.2
1534387020,50.787027,15.151884,5,50.7671,15.0562,7.08,16.9
555082572,49.524201,12.758057,2,49.7384,13.3736,50.33,65.0
1919931212,50.111695,14.684007,11,50.0406,14.5567,12.04,26.6
839439180,50.583013,16.340702,6,50.2104,15.8252,55.24,79.0
68801356,50.311835,12.87212,3,50.2327,12.8712,8.8,17.6
4262281804,50.25535,12.201739,3,50.2327,12.8712,47.67,54.9
3487032140,49.844831,18.180943,12,49.8209,18.2625,6.43,13.4
3890135884,48.6471,14.2211,1,48.9745,14.4743,40.85,59.6
329839180,50.774841,15.42685,5,50.7671,15.0562,26.08,48.7
100324172,49.486348,15.699603,13,49.3961,15.5904,12.77,21.3
3096171340,49.751217,14.206943,10,50.088,14.4208,40.46,46.9
2473579340,50.604083,15.509843,5,50.7671,15.0562,36.74,60.5
3969504076,50.702484,14.53841,4,50.6607,14.0328,35.93,58.1
484246092,49.964017,12.6905,3,50.2327,12.8712,32.54,45.7
650826572,50.76644,15.06,5,50.7671,15.0562,0.28,0.9
13988428,50.174239,12.649052,3,50.2327,12.8712,17.09,17.6
2724586316,49.554732,15.944496,13,49.3961,15.5904,31.08,41.1
991421260,48.685563,14.578877,1,48.9745,14.4743,33.03,38.3
90166092,49.153255,16.876494,14,49.1951,16.6068,20.15,22.6
2409222988,48.848097,16.055167,14,49.1951,16.6068,55.74,59.0
3828994892,50.216973,12.627167,3,50.2327,12.8712,17.45,23.7
837473100,49.832401,18.254576,12,49.8209,18.2625,1.4,3.0
1442050892,50.667191,14.076699,4,50.6607,14.0328,3.18,6.5
4173419084,50.773178,14.194714,4,50.6607,14.0328,16.92,26.6
1468392268,49.520596,14.479244,11,50.0406,14.5567,58.09,74.0
1250480972,49.978115,12.701868,3,50.2327,12.8712,30.78,43.0
688509772,49.99354,14.204007,10,50.088,14.4208,18.71,30.0
2450649932,50.621873,15.819386,6,50.2104,15.8252,45.76,55.0
663540556,49.474858,17.083047,8,49.5938,17.2509,17.93,22.5
1438389068,50.648312,13.836732,4,50.6607,14.0328,13.89,20.3
1338368844,50.219402,12.180745,3,50.2327,12.8712,49.14,47.9
3704021836,50.22438,15.802632,6,50.2104,15.8252,2.23,4.6
473424716,50.563644,15.911125,6,50.2104,15.8252,39.75,48.1
303358796,49.841999,18.286252,12,49.8209,18.2625,2.9,7.8
2229224012,50.022979,17.279475,8,49.5938,17.2509,47.77,70.7
2215236428,50.762129,15.06023,5,50.7671,15.0562,0.62,2.4
3442713420,48.737966,14.110538,1,48.9745,14.4743,37.42,43.2
1423499852,49.107864,16.375326,14,49.1951,16.6068,19.43,27.8
3570434892,49.200139,16.633185,14,49.1951,16.6068,2.0,7.0
2680546124,49.162121,13.887265,1,48.9745,14.4743,47.58,55.5
3968389964,50.726398,15.591917,5,50.7671,15.0562,37.96,80.1
2446971724,49.541722,18.208615,12,49.8209,18.2625,31.28,41.6
1935266636,50.341039,12.499124,3,50.2327,12.8712,29.05,43.2
2768950092,49.3921,15.5847,13,49.3961,15.5904,0.61,3.1
417059660,49.10146,14.572953,1,48.9745,14.4743,15.84,16.0
1000813132,49.201508,16.623514,14,49.1951,16.6068,1.41,5.3
665183052,50.993417,14.333112,4,50.6607,14.0328,42.59,77.0
2639987532,49.946772,15.250427,7,50.0343,15.7704,38.43,52.7
2877870924,50.430487,15.588996,6,50.2104,15.8252,29.67,38.4
3167343436,50.782107,15.041629,5,50.7671,15.0562,1.96,5.7
2804601676,50.21677,17.234767,8,49.5938,17.2509,69.28,106.1
3886797644,49.594714,18.25802,12,49.8209,18.2625,25.15,32.9
2818306892,48.765912,14.178423,1,48.9745,14.4743,31.72,37.9
2811683660,50.101821,14.396829,10,50.088,14.4208,2.3,8.5
3697534540,48.806392,16.633788,14,49.1951,16.6068,43.27,43.1
4119450444,49.782323,16.929115,8,49.5938,17.2509,31.23,26.7
2783507276,49.72996,13.401585,2,49.7384,13.3736,2.22,6.0
2117784396,50.279126,14.500453,10,50.088,14.4208,22.0,31.6
1370215244,49.10146,14.572953,1,48.9745,14.4743,15.84,16.0
382001996,50.700767,15.467867,5,50.7671,15.0562,29.9,53.2
3488998220,50.18488,15.038945,11,50.0406,14.5567,37.95,46.2
993129292,50.305211,16.3498,6,50.2104,15.8252,38.76,57.3
3430470476,49.939062,17.902694,12,49.8209,18.2625,28.94,35.8
161141580,50.542069,13.779429,4,50.6607,14.0328,22.22,28.0
120824652,48.737966,14.110538,1,48.9745,14.4743,37.42,43.2
1239143244,49.781406,14.165892,10,50.088,14.4208,38.67,42.7
944038732,49.839294,13.582086,2,49.7384,13.3736,18.7,30.2
324985676,50.163915,12.576868,3,50.2327,12.8712,22.3,25.6
2429145932,48.901455,14.644562,1,48.9745,14.4743,14.85,23.3
2493903692,49.807281,18.266518,12,49.8209,18.2625,1.54,4.2
1019908940,49.404386,15.59811,13,49.3961,15.5904,1.08,4.1
1019990860,49.125336,16.331075,14,49.1951,16.6068,21.5,30.4
387244876,50.551757,13.790051,4,50.6607,14.0328,20.98,26.6
4136104780,49.444199,14.367103,1,48.9745,14.4743,52.81,63.8
779735884,50.082906,16.767171,8,49.5938,17.2509,64.51,69.7
742978124,49.970251,12.700969,3,50.2327,12.8712,31.61,44.2
2257314636,50.760705,15.04027,5,50.7671,15.0562,1.33,6.5
4099674956,48.808756,14.326987,1,48.9745,14.4743,21.35,26.3
3093734220,49.842122,13.917542,2,49.7384,13.3736,40.72,39.3
3544249164,50.347867,13.805,4,50.6607,14.0328,38.34,50.7
2892682060,49.973516,16.95746,8,49.5938,17.2509,47.19,49.2
3615216460,49.879193,18.440289,12,49.8209,18.2625,14.3,29.0
781026124,50.635204,13.837463,4,50.6607,14.0328,14.06,17.4
3787842380,49.576544,14.39656,11,50.0406,14.5567,52.86,72.9
4214612812,49.300547,14.144637,1,48.9745,14.4743,43.47,49.2
1691931468,49.688904,18.357368,12,49.8209,18.2625,16.18,19.4
2750010188,49.596031,17.267295,8,49.5938,17.2509,1.21,4.0
934990668,50.643699,13.841234,4,50.6607,14.0328,13.64,19.0
711483980,50.766997,15.054674,5,50.7671,15.0562,0.11,4.3
1179374412,49.556091,16.583972,14,49.1951,16.6068,40.17,46.5
2684191564,50.091553,14.434231,10,50.088,14.4208,1.04,5.1
1794499404,49.688914,15.994313,7,50.0343,15.7704,41.62,53.6
1519903564,50.03822,15.76105,7,50.0343,15.7704,0.8,2.7
3356148556,49.461676,17.970543,9,49.2265,17.6625,34.38,56.3
3277189964,50.693531,14.549442,4,50.6607,14.0328,36.59,58.1
1954739020,48.765596,14.028755,1,48.9745,14.4743,40.02,52.1
1726935884,48.831344,14.457198,1,48.9745,14.4743,15.97,17.6
231338828,49.8093,18.242249,12,49.8209,18.2625,1.94,7.8
2467214156,49.689128,15.279335,13,49.3961,15.5904,39.57,42.8
1184269132,49.398396,15.588811,13,49.3961,15.5904,0.28,2.3
3844424268,50.34604,12.826772,3,50.2327,12.8712,12.99,23.4
3301065292,50.619133,15.616461,5,50.7671,15.0562,42.76,66.4
3874808396,49.226655,17.666337,9,49.2265,17.6625,0.28,1.0
434762572,49.714598,14.872455,11,50.0406,14.5567,42.73,49.8
3834745676,50.656675,14.730834,5,50.7671,15.0562,25.99,43.6
56460108,50.369447,12.816004,3,50.2327,12.8712,15.7,29.7
3231114060,50.515598,14.046795,4,50.6607,14.0328,16.16,21.6
1251402572,50.48365,14.027782,4,50.6607,14.0328,19.69,22.3
2574693196,49.0154,17.13135,14,49.1951,16.6068,43.1,55.5
3066487628,49.876155,18.441067,12,49.8209,18.2625,14.2,27.0
218555212,49.829594,18.275327,12,49.8209,18.2625,1.33,3.8
2838946636,49.10146,14.572953,1,48.9745,14.4743,15.84,16.0
3970274124,49.759097,13.414076,2,49.7384,13.3736,3.71,9.3
1636275020,49.742114,13.585798,2,49.7384,13.3736,15.25,19.5
1686606668,49.742114,13.585798,2,49.7384,13.3736,15.25,19.5
3246908236,50.475237,16.181573,6,50.2104,15.8252,38.82,51.5
4048020300,50.128868,12.552487,3,50.2327,12.8712,25.46,25.2
2262295372,49.744003,13.416292,2,49.7384,13.3736,3.13,8.8
4093109068,50.128868,12.552487,3,50.2327,12.8712,25.46,25.2
2179588940,49.56248,16.57691,14,49.1951,16.6068,40.91,47.0
4175946572,50.128868,12.552487,3,50.2327,12.8712,25.46,25.2
770171724,50.482305,14.941487,5,50.7671,15.0562,32.69,30.1
1902375756,50.366475,12.919624,3,50.2327,12.8712,15.27,20.2
106423116,49.514199,15.502468,13,49.3961,15.5904,14.59,20.0
4124115532,50.553165,14.617552,5,50.7671,15.0562,39.01,60.3
1203958604,50.682597,13.999116,4,50.6607,14.0328,3.4,5.8
737207116,49.953331,15.278981,7,50.0343,15.7704,36.26,49.4
2074141516,49.90853,14.546781,11,50.0406,14.5567,14.7,28.7
2012148556,49.140538,15.000596,1,48.9745,14.4743,42.56,49.7
2844521292,49.805919,18.249377,12,49.8209,18.2625,1.91,5.9
2886787916,50.414369,12.996254,3,50.2327,12.8712,22.07,34.3
3826312012,49.782224,18.446014,12,49.8209,18.2625,13.86,21.7
4109427532,50.019941,16.232938,7,50.0343,15.7704,33.08,48.0
1026614092,49.116847,13.934043,1,48.9745,14.4743,42.44,54.2
662668108,49.392982,15.582685,13,49.3961,15.5904,0.66,2.6
937485132,50.227739,12.876246,3,50.2327,12.8712,0.66,1.5
1897980748,50.674963,14.108162,4,50.6607,14.0328,5.54,9.0
673243980,49.969427,16.989542,8,49.5938,17.2509,45.79,50.0
3208700748,49.187703,16.589528,14,49.1951,16.6068,1.5,4.2
1178657612,50.304644,16.350643,6,50.2104,15.8252,38.8,57.0
72409932,50.304644,16.350643,6,50.2104,15.8252,38.8,57.0
2840781644,50.358447,14.763821,11,50.0406,14.5567,38.29,48.9
1767957324,49.74135,13.60137,2,49.7384,13.3736,16.37,22.2
2291712844,50.186008,14.854004,11,50.0406,14.5567,26.66,34.2
1823597388,50.6219,13.705042,4,50.6607,14.0328,23.51,28.4
2704708428,49.748302,13.625679,2,49.7384,13.3736,18.15,24.1
1319166796,49.90853,14.546781,11,50.0406,14.5567,14.7,28.7
2456871756,50.482305,14.941487,5,50.7671,15.0562,32.69,30.1
1783685964,50.304644,16.350643,6,50.2104,15.8252,38.8,57.0
927572812,49.337045,17.989354,9,49.2265,17.6625,26.71,38.2
2957108044,50.627029,15.137665,5,50.7671,15.0562,16.6,18.7
4260488012,49.745059,13.331055,2,49.7384,13.3736,3.15,8.6
78766924,49.263203,15.235537,13,49.3961,15.5904,29.66,40.4
4124635980,50.476672,16.094377,6,50.2104,15.8252,35.24,47.3
926937932,50.361211,15.923709,6,50.2104,15.8252,18.17,23.1
3296260940,49.748475,18.608193,12,49.8209,18.2625,26.09,33.2
2636243788,49.940577,17.898497,12,49.8209,18.2625,29.28,36.3
478339916,50.74417,15.818295,5,50.7671,15.0562,53.67,111.3
1424933708,49.851449,18.273802,12,49.8209,18.2625,3.49,8.6
2440069964,49.948114,14.677445,11,50.0406,14.5567,13.43,18.6
1858806348,50.187862,14.456816,10,50.088,14.4208,11.4,21.2
1742771020,50.038617,15.764408,7,50.0343,15.7704,0.64,1.6
1690493772,49.211631,16.625581,14,49.1951,16.6068,2.29,6.3
2602992460,50.421502,14.906493,5,50.7671,15.0562,39.86,38.8
1267983180,49.757597,16.663531,8,49.5938,17.2509,46.02,44.1
4184007500,50.627029,15.137665,5,50.7671,15.0562,16.6,18.7
3583238988,49.282262,17.004621,14,49.1951,16.6068,30.46,30.6
1548936012,49.834741,18.182066,12,49.8209,18.2625,5.97,11.0
776135500,49.742962,13.329608,2,49.7384,13.3736,3.2,7.5
3719553868,49.454022,17.440487,8,49.5938,17.2509,20.71,25.4
2461262668,50.714845,14.193146,4,50.6607,14.0328,12.8,18.1
906158924,50.640397,13.824506,4,50.6607,14.0328,14.86,20.5
527168332,50.209041,12.827696,3,50.2327,12.8712,4.06,7.8
435413836,49.313491,14.139577,1,48.9745,14.4743,44.87,50.7
2344870732,50.163918,12.576871,3,50.2327,12.8712,22.3,25.6
2077881164,50.271691,17.250048,8,49.5938,17.2509,75.38,113.5
969139020,49.911952,17.368052,8,49.5938,17.2509,36.36,53.8
163832652,50.164123,12.578723,3,50.2327,12.8712,22.17,24.0
2333336396,49.776489,18.447657,12,49.8209,18.2625,14.18,20.9
1759765324,50.040174,15.728927,7,50.0343,15.7704,3.03,7.6
2818827084,49.800302,12.624951,3,50.2327,12.8712,51.2,69.3
1286378060,50.624778,13.817306,4,50.6607,14.0328,15.71,19.2
388227916,50.21085,15.820236,6,50.2104,15.8252,0.36,0.6
1463444044,50.038311,15.761887,7,50.0343,15.7704,0.75,1.9
913564492,49.733129,13.75705,2,49.7384,13.3736,27.56,39.3
35758924,49.595796,13.105692,2,49.7384,13.3736,24.96,31.3
203653964,49.713951,15.671783,13,49.3961,15.5904,35.83,45.0
3751600972,50.453543,14.376021,4,50.6607,14.0328,33.44,50.6
346874700,49.964588,12.701183,3,50.2327,12.8712,32.18,45.7
262992716,50.304876,12.1742,3,50.2327,12.8712,50.18,61.1
3014452044,48.866372,16.046303,14,49.1951,16.6068,54.83,60.0
3117212492,49.584741,17.258429,8,49.5938,17.2509,1.14,3.3
4093559628,49.486693,15.730702,13,49.3961,15.5904,14.3,22.5
3968529228,50.096523,17.681306,12,49.8209,18.2625,51.65,61.4
123359820,49.8322,18.257536,12,49.8209,18.2625,1.31,3.1
1475101260,49.795286,18.241178,12,49.8209,18.2625,3.23,8.7
1465537100,49.8322,18.257536,12,49.8209,18.2625,1.31,3.1
2142274380,49.832203,18.257537,12,49.8209,18.2625,1.31,3.1
1711347020,50.62269,13.819734,4,50.6607,14.0328,15.61,19.1
4178494284,48.97927,14.447923,1,48.9745,14.4743,2.0,5.6
1830031948,49.237413,16.527327,14,49.1951,16.6068,7.45,13.9
1665057612,50.088344,17.717876,12,49.8209,18.2625,49.02,58.0
1698612044,49.238848,15.068838,13,49.3961,15.5904,41.65,57.8
2291390028,50.690249,15.767892,5,50.7671,15.0562,50.82,103.6
3666789196,49.930226,14.181601,10,50.088,14.4208,24.49,45.3
3731800908,50.754752,15.003357,5,50.7671,15.0562,3.96,12.1
1594221388,50.780452,14.625397,5,50.7671,15.0562,30.33,35.7
3584017228,50.540845,15.733042,6,50.2104,15.8252,37.32,54.2
1066320716,49.930233,14.18163,10,50.088,14.4208,24.49,45.3
1224917836,50.68129,13.875414,4,50.6607,14.0328,11.33,16.2
2217079628,50.05185,14.681346,11,50.0406,14.5567,8.99,17.5
1256448588,49.226655,17.666337,9,49.2265,17.6625,0.28,1.0
3633300300,49.595772,17.24978,8,49.5938,17.2509,0.23,2.4
1586479948,49.595772,17.24978,8,49.5938,17.2509,0.23,2.4
3768566604,49.756583,13.270015,2,49.7384,13.3736,7.71,14.0
2291123020,49.595772,17.24978,8,49.5938,17.2509,0.23,2.4
747619148,49.595772,17.24978,8,49.5938,17.2509,0.23,2.4
1167049548,49.595772,17.24978,8,49.5938,17.2509,0.23,2.4
3968844620,49.595772,17.24978,8,49.5938,17.2509,0.23,2.4
2089796428,49.595772,17.24978,8,49.5938,17.2509,0.23,2.4
985645900,49.595772,17.24978,8,49.5938,17.2509,0.23,2.4
2611987276,49.977703,14.798451,11,50.0406,14.5567,18.64,32.4
2061484876,49.147581,14.164919,1,48.9745,14.4743,29.64,34.9
499106636,49.427306,18.293923,12,49.8209,18.2625,43.82,57.9
1177826124,49.147581,14.164919,1,48.9745,14.4743,29.64,34.9
113230668,49.427306,18.293923,12,49.8209,18.2625,43.82,57.9
719307596,49.147581,14.164919,1,48.9745,14.4743,29.64,34.9
515883852,49.427306,18.293923,12,49.8209,18.2625,43.82,57.9
639476556,49.746188,13.345329,2,49.7384,13.3736,2.21,5.5
2412241740,50.772039,15.169133,5,50.7671,15.0562,7.96,18.0
2495595340,49.427306,18.293923,12,49.8209,18.2625,43.82,57.9
4022321996,49.427306,18.293923,12,49.8209,18.2625,43.82,57.9
1706804044,50.63446,15.782119,6,50.2104,15.8252,47.25,60.7
1375716172,50.781307,14.215293,4,50.6607,14.0328,18.57,28.0
2854126412,50.248844,12.828562,3,50.2327,12.8712,3.52,6.8
3448890188,50.220041,12.882193,3,50.2327,12.8712,1.61,5.6
34587468,48.856881,17.113162,14,49.1951,16.6068,52.7,54.4
2765677132,49.107864,16.375326,14,49.1951,16.6068,19.43,27.8
3893834572,49.836282,18.180915,12,49.8209,18.2625,6.1,10.6
2057626444,50.435155,14.907969,5,50.7671,15.0562,38.36,37.1
809153100,50.007394,14.45506,11,50.0406,14.5567,8.15,18.6
2771370828,50.728821,14.397818,4,50.6607,14.0328,26.8,45.6
607249228,49.831431,18.287419,12,49.8209,18.2625,2.14,6.6
371647308,49.800243,12.636474,3,50.2327,12.8712,50.93,67.1
1064289100,49.920996,14.255203,10,50.088,14.4208,22.02,36.1
1382007628,49.962439,16.966585,8,49.5938,17.2509,45.79,47.1
4031759180,50.67148,15.916851,6,50.2104,15.8252,51.68,61.9
1098892108,49.048044,15.813351,13,49.3961,15.5904,41.95,50.0
2539635532,50.418577,12.981488,3,50.2327,12.8712,22.1,34.8
3716727628,48.979896,16.51071,14,49.1951,16.6068,24.93,26.7
3179856716,48.979896,16.51071,14,49.1951,16.6068,24.93,26.7
3115893580,49.216496,16.497163,14,49.1951,16.6068,8.31,18.8
1116259148,48.979896,16.51071,14,49.1951,16.6068,24.93,26.7
1203290956,50.667262,14.029926,4,50.6607,14.0328,0.76,1.6
579388236,48.979896,16.51071,14,49.1951,16.6068,24.93,26.7
3048784716,49.835697,18.155113,12,49.8209,18.2625,7.88,15.2
599376716,50.070581,14.864423,11,50.0406,14.5567,22.22,35.1
2482553676,49.989494,14.606438,11,50.0406,14.5567,6.7,15.1
2174456652,50.653329,15.45121,5,50.7671,15.0562,30.56,54.1
4072194892,49.835697,18.155113,12,49.8209,18.2625,7.88,15.2
150442828,50.634842,15.716414,6,50.2104,15.8252,47.82,66.8
3170796364,50.777552,15.413321,5,50.7671,15.0562,25.14,45.3
2769675084,50.777552,15.413321,5,50.7671,15.0562,25.14,45.3
3231421260,50.634513,15.710543,6,50.2104,15.8252,47.85,67.9
1441317708,48.911149,13.896063,1,48.9745,14.4743,42.81,59.5
295408460,50.634513,15.710543,6,50.2104,15.8252,47.85,67.9
3038696268,50.233885,12.85306,3,50.2327,12.8712,1.3,2.2
137356108,50.2301,12.874777,3,50.2327,12.8712,0.39,1.1
3406349132,49.443594,14.3717,1,48.9745,14.4743,52.69,63.5
1399317324,50.227064,12.861486,3,50.2327,12.8712,0.93,3.5
792249164,49.839846,18.286909,12,49.8209,18.2625,2.74,6.2
4134126412,49.967313,14.573333,11,50.0406,14.5567,8.24,18.9
291029836,50.733419,15.448026,5,50.7671,15.0562,27.82,55.2
2908275532,49.091179,14.225761,1,48.9745,14.4743,22.29,29.0
3015299916,50.898663,14.624049,5,50.7671,15.0562,33.69,46.3
711508812,48.642864,14.234041,1,48.9745,14.4743,40.86,59.4
71820108,49.786835,15.817754,7,50.0343,15.7704,27.73,30.1
1936245580,50.194619,14.673641,11,50.0406,14.5567,19.05,29.2
323478348,48.769805,16.893445,14,49.1951,16.6068,51.71,43.4
428376908,49.88266,17.05914,8,49.5938,17.2509,34.95,49.8
2856895308,50.033738,15.781216,7,50.0343,15.7704,0.78,3.9
2387927884,50.163393,12.575573,3,50.2327,12.8712,22.41,24.3
4033397580,49.740716,13.367254,2,49.7384,13.3736,0.52,2.2
627622732,49.782837,13.38191,2,49.7384,13.3736,4.98,10.0
2847589196,50.766433,14.764063,5,50.7671,15.0562,20.55,25.5
765117260,49.967313,14.573333,11,50.0406,14.5567,8.24,18.9
395952972,50.45398,15.900615,6,50.2104,15.8252,27.61,34.1
1804895052,50.445781,15.816246,6,50.2104,15.8252,26.18,34.3
1418314572,50.070581,14.864423,11,50.0406,14.5567,22.22,35.1
2208756556,48.960107,14.926341,1,48.9745,14.4743,33.04,41.6
3802776396,49.794257,18.231525,12,49.8209,18.2625,3.7,9.4
2058994508,50.070581,14.864423,11,50.0406,14.5567,22.22,35.1
1656341324,50.070581,14.864423,11,50.0406,14.5567,22.22,35.1
2330575692,49.253669,15.186152,13,49.3961,15.5904,33.3,44.2
3169436492,49.543119,16.583233,14,49.1951,16.6068,38.74,44.3
2153046860,49.771204,18.457814,12,49.8209,18.2625,15.07,23.4
1851667020,50.657064,13.838543,4,50.6607,14.0328,13.7,20.4
1676264268,50.368068,15.637868,6,50.2104,15.8252,22.01,25.1
1511068492,49.715747,18.062782,12,49.8209,18.2625,18.51,26.8
770294604,50.60683,16.332307,6,50.2104,15.8252,56.87,83.6
423215948,49.761897,13.348065,2,49.7384,13.3736,3.19,8.5
840373068,49.715747,18.062782,12,49.8209,18.2625,18.51,26.8
4086768460,49.990962,14.653517,11,50.0406,14.5567,8.85,17.0
1757004620,50.070581,14.864423,11,50.0406,14.5567,22.22,35.1
2350322508,49.715747,18.062782,12,49.8209,18.2625,18.51,26.8
750371660,50.070581,14.864423,11,50.0406,14.5567,22.22,35.1
2705965900,49.930578,14.180683,10,50.088,14.4208,24.51,45.1
3468280652,50.070581,14.864423,11,50.0406,14.5567,22.22,35.1
2293875532,50.070581,14.864423,11,50.0406,14.5567,22.22,35.1
3404591948,50.41295,15.523381,6,50.2104,15.8252,31.09,39.6
4151952204,49.967313,14.573333,11,50.0406,14.5567,8.24,18.9
3798582092,49.930015,14.180756,10,50.088,14.4208,24.55,45.1
2190385996,50.220849,12.882258,3,50.2327,12.8712,1.53,5.6
62571340,50.496334,13.655023,4,50.6607,14.0328,32.34,38.7
398115660,49.53289,12.929511,2,49.7384,13.3736,39.31,48.6
516604748,50.500255,13.432287,4,50.6607,14.0328,46.0,53.8
3215577932,49.781233,13.363039,2,49.7384,13.3736,4.82,10.8
604537676,49.598563,17.235058,8,49.5938,17.2509,1.26,3.5
2816131916,49.481919,15.722014,13,49.3961,15.5904,13.48,20.8
2767029068,48.917415,17.095786,14,49.1951,16.6068,47.15,60.8
2750714444,49.597842,17.234737,8,49.5938,17.2509,1.25,3.3
3471491916,50.609902,15.327991,5,50.7671,15.0562,25.93,39.2
1008386892,49.85916,18.272152,12,49.8209,18.2625,4.31,9.7
3934880588,50.459332,15.234911,5,50.7671,15.0562,36.47,45.6
2321204044,49.19795,16.644049,14,49.1951,16.6068,2.73,8.6
2693239628,49.594527,17.248718,8,49.5938,17.2509,0.18,1.5
3172832076,50.019857,15.190441,7,50.0343,15.7704,41.46,50.9
4226483020,50.713735,15.31539,5,50.7671,15.0562,19.18,33.9
2606416716,49.19795,16.644049,14,49.1951,16.6068,2.73,8.6
4038624076,50.207366,14.55822,10,50.088,14.4208,16.49,29.0
140165964,49.19795,16.644049,14,49.1951,16.6068,2.73,8.6
1482343244,49.19795,16.644049,14,49.1951,16.6068,2.73,8.6
2656748364,49.19795,16.644049,14,49.1951,16.6068,2.73,8.6
3260728140,49.19795,16.644049,14,49.1951,16.6068,2.73,8.6
3998925644,49.19795,16.644049,14,49.1951,16.6068,2.73,8.6
1867170636,49.596911,18.007279,12,49.8209,18.2625,30.94,35.2
3705389900,50.289022,14.83745,11,50.0406,14.5567,34.1,36.2
2404041548,49.596911,18.007279,12,49.8209,18.2625,30.94,35.2
844809036,49.19795,16.644049,14,49.1951,16.6068,2.73,8.6
1415234380,49.83841,18.328744,12,49.8209,18.2625,5.13,12.1
3138360140,49.226655,17.666337,9,49.2265,17.6625,0.28,1.0
3045454668,49.22041,13.955795,1,48.9745,14.4743,46.61,54.6
166445900,49.226867,16.647391,14,49.1951,16.6068,4.6,10.6
1694815052,50.225806,12.876033,3,50.2327,12.8712,0.84,2.8
3577447244,48.752575,16.88854,14,49.1951,16.6068,53.33,46.6
4017800012,49.844819,18.161111,12,49.8209,18.2625,7.74,14.5
2844509004,50.085993,14.451706,10,50.088,14.4208,2.22,8.3
3901473612,49.967313,14.573333,11,50.0406,14.5567,8.24,18.9
2170745676,49.657702,18.086903,12,49.8209,18.2625,22.1,32.8
2224800588,49.967313,14.573333,11,50.0406,14.5567,8.24,18.9
2526790476,49.481919,15.722014,13,49.3961,15.5904,13.48,20.8
1780204364,50.0268,15.1804,7,50.0343,15.7704,42.15,52.6
358196044,49.588884,13.070411,2,49.7384,13.3736,27.43,34.9
2292958028,48.984356,14.469038,1,48.9745,14.4743,1.16,4.6
2441855820,50.24211,12.840617,3,50.2327,12.8712,2.41,5.7
1452000076,49.481919,15.722014,13,49.3961,15.5904,13.48,20.8
3279614796,50.657624,14.992499,5,50.7671,15.0562,12.97,23.3
1336656716,49.967313,14.573333,11,50.0406,14.5567,8.24,18.9
4158886476,49.597842,17.234737,8,49.5938,17.2509,1.25,3.3
1254867788,49.226867,16.647391,14,49.1951,16.6068,4.6,10.6
1875624780,49.32494,17.982338,9,49.2265,17.6625,25.66,36.0
2412495692,48.986056,14.436193,1,48.9745,14.4743,3.06,8.5
3887186508,49.204567,16.614482,14,49.1951,16.6068,1.19,4.1
45204044,49.204566,16.614484,14,49.1951,16.6068,1.19,4.1
4272013900,49.204543,16.614493,14,49.1951,16.6068,1.19,4.1
766624332,49.204566,16.614484,14,49.1951,16.6068,1.19,4.1
1796981580,50.235782,12.893425,3,50.2327,12.8712,1.62,4.2
2784740172,50.255427,14.515517,10,50.088,14.4208,19.8,31.0
1645986636,50.145237,14.103807,10,50.088,14.4208,23.48,36.5
1159447372,50.052523,15.750224,7,50.0343,15.7704,2.49,5.9
4055556940,50.649424,13.837821,4,50.6607,14.0328,13.8,19.8
1367462732,48.949286,14.468321,1,48.9745,14.4743,2.84,5.5
1999430476,50.13257,16.178201,6,50.2104,15.8252,26.59,32.8
3013792588,49.022495,15.101446,1,48.9745,14.4743,46.06,55.6
2131477324,50.511064,13.635609,4,50.6607,14.0328,32.61,38.7
2471219788,49.205276,16.604406,14,49.1951,16.6068,1.14,4.0
1664861004,49.133102,14.998614,1,48.9745,14.4743,42.08,48.5
741471052,50.100176,13.728685,2,49.7384,13.3736,47.59,70.8
4091925324,50.777552,15.413321,5,50.7671,15.0562,25.14,45.3
3021136716,50.504619,14.388075,4,50.6607,14.0328,30.5,49.7
109089612,50.226336,12.882504,3,50.2327,12.8712,1.07,2.7
3213517388,50.760631,15.031375,5,50.7671,15.0562,1.89,7.3
219923276,48.949286,14.468321,1,48.9745,14.4743,2.84,5.5
2120926028,48.949286,14.468321,1,48.9745,14.4743,2.84,5.5
2937832268,48.949286,14.468321,1,48.9745,14.4743,2.84,5.5
4213367628,49.974909,16.144283,7,50.0343,15.7704,27.52,38.4
1656148812,50.067868,12.36627,3,50.2327,12.8712,40.38,32.9
2223235916,49.887568,15.065821,11,50.0406,14.5567,40.2,53.7
3424371532,48.949286,14.468321,1,48.9745,14.4743,2.84,5.5
963363660,50.736007,15.279186,5,50.7671,15.0562,16.06,28.1
3457925964,48.949286,14.468321,1,48.9745,14.4743,2.84,5.5
2859189068,50.133551,14.113798,10,50.088,14.4208,22.47,34.3
853988172,49.860326,18.096064,12,49.8209,18.2625,12.72,21.7
3006260044,49.558267,15.942133,13,49.3961,15.5904,31.16,42.7
2490090316,49.226867,16.647391,14,49.1951,16.6068,4.6,10.6
1622463308,49.857308,13.599319,2,49.7384,13.3736,20.91,32.5
2610221900,49.204618,16.680732,14,49.1951,16.6068,5.47,13.4
3258962764,50.552,13.787695,4,50.6607,14.0328,21.1,27.1
602198860,50.628789,15.610348,5,50.7671,15.0562,41.95,67.5
4275360588,49.99102,17.470398,8,49.5938,17.2509,46.9,59.6
2816791372,49.230765,17.67021,9,49.2265,17.6625,0.73,5.4
2074399564,49.226867,16.647391,14,49.1951,16.6068,4.6,10.6
1026638412,49.0589,14.435692,1,48.9745,14.4743,9.8,16.8
2287366732,49.79353,17.450316,8,49.5938,17.2509,26.44,39.3
375690060,49.36764,14.381893,1,48.9745,14.4743,44.23,55.4
1279578956,49.403753,16.410611,14,49.1951,16.6068,27.22,36.9
1007444556,50.193716,13.669098,10,50.088,14.4208,54.84,52.0
3101954636,49.590523,17.283928,8,49.5938,17.2509,2.41,7.3
3627340620,49.297853,17.393119,9,49.2265,17.6625,21.1,31.8
2354369356,50.494706,13.649856,4,50.6607,14.0328,32.74,40.4
842171212,48.829908,16.402708,14,49.1951,16.6068,43.25,43.6
4134196044,49.479137,17.120328,8,49.5938,17.2509,15.85,16.6
611103564,48.980021,14.485699,1,48.9745,14.4743,1.03,3.7
969773900,50.126278,14.113278,10,50.088,14.4208,22.34,35.4
1098175308,49.871655,15.367517,7,50.0343,15.7704,34.03,49.6
714462028,49.987769,15.568883,7,50.0343,15.7704,15.3,25.4
1552274252,50.53828,14.009074,4,50.6607,14.0328,13.72,18.9
581821260,49.101444,16.377519,14,49.1951,16.6068,19.66,29.4
31789900,49.827432,18.194159,12,49.8209,18.2625,4.96,8.6
1345393484,49.827432,18.194159,12,49.8209,18.2625,4.96,8.6
3537163084,50.200413,12.613472,3,50.2327,12.8712,18.69,22.8
3576025932,50.583571,16.333971,6,50.2104,15.8252,54.98,77.8
1434833740,49.977475,16.405337,7,50.0343,15.7704,45.81,63.8
3155628876,49.827432,18.194159,12,49.8209,18.2625,4.96,8.6
1099289420,48.754181,16.882522,14,49.1951,16.6068,53.0,47.2
2545275724,50.219269,12.193137,3,50.2327,12.8712,48.26,48.4
1421202252,50.000495,14.667804,11,50.0406,14.5567,9.1,17.7
195416908,49.934768,17.265944,8,49.5938,17.2509,37.93,54.0
3097875276,50.21907,12.181273,3,50.2327,12.8712,49.1,48.2
839836492,50.756504,15.059105,5,50.7671,15.0562,1.2,3.7
3215315788,50.38853,13.174084,3,50.2327,12.8712,27.62,33.6
3778401100,49.595772,17.24978,8,49.5938,17.2509,0.23,2.4
3426079564,49.595772,17.24978,8,49.5938,17.2509,0.23,2.4
840291148,49.401056,17.680682,9,49.2265,17.6625,19.45,34.6
2243285836,49.594669,17.2393,8,49.5938,17.2509,0.84,2.5
2788545356,49.595772,17.24978,8,49.5938,17.2509,0.23,2.4
224777036,49.395727,15.581075,13,49.3961,15.5904,0.68,3.0
1695929164,49.774094,18.446368,12,49.8209,18.2625,14.19,21.2
4130722636,49.595772,17.24978,8,49.5938,17.2509,0.23,2.4
4014330700,49.893824,18.193448,12,49.8209,18.2625,9.5,20.0
3833520972,50.232782,12.861014,3,50.2327,12.8712,0.72,2.5
160879436,49.569716,13.00379,2,49.7384,13.3736,32.57,46.6
2845233996,49.569716,13.00379,2,49.7384,13.3736,32.57,46.6
3835089740,50.438588,15.351902,5,50.7671,15.0562,42.07,47.4
2899436364,50.180475,14.050398,10,50.088,14.4208,28.33,43.0
818336588,50.434408,14.887794,5,50.7671,15.0562,38.86,41.0
11981644,50.229439,14.870672,11,50.0406,14.5567,30.69,44.0
3405173580,48.940846,16.737623,14,49.1951,16.6068,29.83,27.1
383177548,49.203845,16.622365,14,49.1951,16.6068,1.49,4.1
1911194444,49.115251,16.723336,14,49.1951,16.6068,12.27,20.7
4170699596,49.168629,16.727314,14,49.1951,16.6068,9.24,16.8
3051803468,49.178645,16.592146,14,49.1951,16.6068,2.12,6.4
2604061516,50.035953,15.416542,7,50.0343,15.7704,25.27,32.3
32002636,50.050045,15.762633,7,50.0343,15.7704,1.84,3.3
521589580,50.763636,15.050733,5,50.7671,15.0562,0.54,5.1
758567756,50.035633,15.417551,7,50.0343,15.7704,25.2,32.2
2123879244,49.168629,16.727314,14,49.1951,16.6068,9.24,16.8
1989530188,50.663423,14.032207,4,50.6607,14.0328,0.31,0.6
3413562188,49.450587,17.471851,8,49.5938,17.2509,22.54,28.8
224059980,50.161963,14.311096,10,50.088,14.4208,11.35,21.8
3312112460,49.069751,17.45969,9,49.2265,17.6625,22.83,33.2
2910245708,50.96489,14.3554,4,50.6607,14.0328,40.72,80.9
2510103116,50.161963,14.311096,10,50.088,14.4208,11.35,21.8
829944652,48.979147,14.479932,1,48.9745,14.4743,0.66,4.2
2489766732,49.897417,14.293046,10,50.088,14.4208,23.08,31.3
1788334924,49.897417,14.293046,10,50.088,14.4208,23.08,31.3
429380428,49.894515,14.299233,10,50.088,14.4208,23.2,30.7
1670894412,50.615729,15.609363,5,50.7671,15.0562,42.45,67.0
882365260,49.897417,14.293046,10,50.088,14.4208,23.08,31.3
2124927820,49.965417,15.290904,7,50.0343,15.7704,35.12,47.7
1959252812,50.648459,13.836745,4,50.6607,14.0328,13.89,20.3
3260740428,49.395995,15.57382,13,49.3961,15.5904,1.2,3.7
3101152076,50.648744,14.059288,4,50.6607,14.0328,2.29,6.0
3886535500,48.808618,16.636857,14,49.1951,16.6068,43.03,42.8
3352810316,49.005827,14.758896,1,48.9745,14.4743,21.06,24.1
499635020,50.436437,15.805712,6,50.2104,15.8252,25.17,35.3
3655795276,49.937395,17.880481,12,49.8209,18.2625,30.28,38.6
1221055308,49.033348,17.638606,9,49.2265,17.6625,21.55,36.1
1760023372,50.666898,14.076718,4,50.6607,14.0328,3.17,6.6
3793212236,49.180556,16.638568,14,49.1951,16.6068,2.82,7.8
179237708,50.233235,12.861314,3,50.2327,12.8712,0.71,1.5
3794260812,49.527931,17.740027,9,49.2265,17.6625,33.98,56.9
1032815180,48.956527,14.066976,1,48.9745,14.4743,29.8,43.1
772264780,48.818866,16.112892,14,49.1951,16.6068,55.21,57.3
1062720332,49.97734,14.085498,10,50.088,14.4208,26.93,36.5
1551356748,49.997934,14.161656,10,50.088,14.4208,21.04,28.8
489149260,50.635988,15.811802,6,50.2104,15.8252,47.33,57.5
3392594764,49.210159,13.198571,2,49.7384,13.3736,60.08,68.5
3561685836,50.405085,16.160514,6,50.2104,15.8252,32.18,40.6
1784140620,49.394473,15.588973,13,49.3961,15.5904,0.21,2.0
2799968844,49.399828,13.275164,2,49.7384,13.3736,38.31,43.0
4206351180,50.594682,15.882494,6,50.2104,15.8252,42.92,51.5
857199436,49.180556,16.638568,14,49.1951,16.6068,2.82,7.8
2451034956,49.180556,16.638568,14,49.1951,16.6068,2.82,7.8
3983004492,49.088929,17.883081,9,49.2265,17.6625,22.17,36.8
3515339596,49.214923,15.881656,13,49.3961,15.5904,29.19,37.5
3238720332,49.841197,13.896812,2,49.7384,13.3736,39.26,38.4
73913164,49.576123,17.251531,8,49.5938,17.2509,1.97,5.1
176214860,50.385282,13.264064,3,50.2327,12.8712,32.65,42.6
608588364,50.037567,15.787009,7,50.0343,15.7704,1.24,3.7
3704366412,49.399828,13.275164,2,49.7384,13.3736,38.31,43.0
2729497420,49.593538,17.994789,12,49.8209,18.2625,31.78,36.7
3769684812,50.13132,14.114783,10,50.088,14.4208,22.35,34.0
2446381900,50.089516,14.47416,10,50.088,14.4208,3.81,11.5
2884686668,49.773976,13.176739,2,49.7384,13.3736,14.68,21.1
2579944012,50.763095,15.039489,5,50.7671,15.0562,1.26,5.9
302043980,48.801951,14.309045,1,48.9745,14.4743,22.67,28.7
3705049932,49.282395,16.990785,14,49.1951,16.6068,29.52,30.2
1106309964,50.781693,14.171135,4,50.6607,14.0328,16.61,29.5
585159500,50.402542,16.147439,6,50.2104,15.8252,31.31,38.2
205574988,49.210743,16.500177,14,49.1951,16.6068,7.94,17.4
477156172,49.209301,16.597404,14,49.1951,16.6068,1.72,4.4
2969621324,48.974469,14.474342,1,48.9745,14.4743,0.0,1.4
395432780,50.663423,14.032207,4,50.6607,14.0328,0.31,0.6
1455452748,50.165351,14.101155,10,50.088,14.4208,24.36,40.1
3227571020,50.592133,13.567863,4,50.6607,14.0328,33.67,44.4
2471547724,48.897637,17.315795,9,49.2265,17.6625,44.44,49.9
1662047052,49.414412,14.657801,1,48.9745,14.4743,50.7,42.5
129094476,50.406351,15.67669,6,50.2104,15.8252,24.21,31.9
2924532556,48.897637,17.315795,9,49.2265,17.6625,44.44,49.9
3512046412,50.130561,14.729934,11,50.0406,14.5567,15.9,25.3
519164748,50.667262,14.029926,4,50.6607,14.0328,0.76,1.6
1844564812,50.667262,14.029926,4,50.6607,14.0328,0.76,1.6
2362561356,50.686159,13.881589,4,50.6607,14.0328,11.03,17.0
4107391820,49.681539,13.992616,2,49.7384,13.3736,44.96,65.1
4079199052,49.939533,14.390936,11,50.0406,14.5567,16.33,31.0
3859927884,49.599098,17.235531,8,49.5938,17.2509,1.25,4.3
3854685004,49.787441,18.25262,12,49.8209,18.2625,3.79,7.9
853660492,48.99179,14.451835,1,48.9745,14.4743,2.53,6.4
3629904716,50.769996,15.058448,5,50.7671,15.0562,0.36,1.9
1362219852,50.229606,14.094038,10,50.088,14.4208,28.1,36.5
383898444,50.667262,14.029926,4,50.6607,14.0328,0.76,1.6
3137459020,49.599098,17.235531,8,49.5938,17.2509,1.25,4.3
2332152652,49.599098,17.235531,8,49.5938,17.2509,1.25,4.3
3067863884,49.022515,13.99926,1,48.9745,14.4743,35.06,46.4
3815170892,48.7405,16.751801,14,49.1951,16.6068,51.65,54.0
1046930252,48.7405,16.751801,14,49.1951,16.6068,51.65,54.0
1917965132,50.078197,14.864236,11,50.0406,14.5567,22.35,35.3
2755777356,50.078197,14.864236,11,50.0406,14.5567,22.35,35.3
2941973324,49.210743,16.500177,14,49.1951,16.6068,7.94,17.4
2655671628,49.697173,15.277179,13,49.3961,15.5904,40.39,43.7
718906188,49.210785,16.497989,14,49.1951,16.6068,8.1,18.1
237097804,50.523432,14.137042,4,50.6607,14.0328,16.94,26.4
247239500,49.24563,16.585119,14,49.1951,16.6068,5.84,10.3
862049100,50.543344,14.121979,4,50.6607,14.0328,14.49,26.5
373838412,50.654116,15.603966,5,50.7671,15.0562,40.56,68.4
2478936908,49.741497,13.367607,2,49.7384,13.3736,0.55,2.3
2289427020,49.050376,16.500597,14,49.1951,16.6068,17.85,23.6
1296159564,50.078197,14.864236,11,50.0406,14.5567,22.35,35.3
1467077452,50.078197,14.864236,11,50.0406,14.5567,22.35,35.3
1153618764,50.167652,14.939825,11,50.0406,14.5567,30.76,43.8
3719484236,50.134291,14.140006,10,50.088,14.4208,20.67,35.3
1019401036,50.073411,12.355512,3,50.2327,12.8712,40.79,32.7
3421176652,50.05759,14.424711,10,50.088,14.4208,3.39,9.1
3743535948,50.078197,14.864236,11,50.0406,14.5567,22.35,35.3
3453145932,49.950105,15.265989,7,50.0343,15.7704,37.25,50.8
47108940,49.466482,17.121964,8,49.5938,17.2509,16.94,18.3
736817740,49.216264,15.882853,13,49.3961,15.5904,29.15,37.4
4055495244,49.216264,15.882853,13,49.3961,15.5904,29.15,37.4
489366092,49.744753,13.388643,2,49.7384,13.3736,1.29,5.0
446141260,49.745045,13.388466,2,49.7384,13.3736,1.3,5.5
2131940172,50.299764,15.865748,6,50.2104,15.8252,10.35,15.9
2047648588,50.505469,13.634475,4,50.6607,14.0328,33.0,40.8
2198000460,49.972338,16.973342,8,49.5938,17.2509,46.57,48.9
4059222860,49.46624,18.086931,9,49.2265,17.6625,40.69,71.6
2284229452,50.418388,12.980062,3,50.2327,12.8712,22.05,34.5
1332408908,49.216264,15.882853,13,49.3961,15.5904,29.15,37.4
2679108172,49.216264,15.882853,13,49.3961,15.5904,29.15,37.4
4172935756,49.216264,15.882853,13,49.3961,15.5904,29.15,37.4
457110092,49.142894,13.556159,2,49.7384,13.3736,67.52,88.4
972739404,50.054031,14.503404,11,50.0406,14.5567,4.09,9.5
591582028,49.220622,16.518376,14,49.1951,16.6068,7.02,16.1
3578975052,49.899936,18.093032,12,49.8209,18.2625,14.99,23.9
709022540,49.899936,18.093032,12,49.8209,18.2625,14.99,23.9
769917516,49.300375,17.402403,9,49.2265,17.6625,20.58,30.5
1557386060,50.750812,15.040281,5,50.7671,15.0562,2.13,7.4
2027148108,50.62499,15.614774,5,50.7671,15.0562,42.4,67.3
128176972,50.23042,12.87731,3,50.2327,12.8712,0.5,1.6
241886028,49.937395,17.880481,12,49.8209,18.2625,30.28,38.6
783553356,49.22353,16.599435,14,49.1951,16.6068,3.21,7.4
1028100940,48.969481,14.479171,1,48.9745,14.4743,0.66,2.9
847639372,49.801653,18.242393,12,49.8209,18.2625,2.58,5.5
3128152908,49.86067,18.429834,12,49.8209,18.2625,12.79,23.7
1979962188,50.637701,13.799725,4,50.6607,14.0328,16.63,20.0
1205015372,49.856664,18.561919,12,49.8209,18.2625,21.84,34.8
3381252940,48.641975,14.233361,1,48.9745,14.4743,40.97,59.3
2124141388,50.500981,13.635205,4,50.6607,14.0328,33.22,40.2
3439579980,50.234003,13.444067,3,50.2327,12.8712,40.75,51.9
3765687116,50.637975,13.806347,4,50.6607,14.0328,16.16,20.1
21553996,49.76338,15.903357,7,50.0343,15.7704,31.59,38.0
2072826700,49.474858,17.083047,8,49.5938,17.2509,17.93,22.5
860984652,50.123528,12.354573,3,50.2327,12.8712,38.74,33.2
2257376076,50.219013,12.882076,3,50.2327,12.8712,1.71,6.1
3288126284,49.57159,16.087175,13,49.3961,15.5904,40.85,53.0
4074558284,50.029577,15.730626,7,50.0343,15.7704,2.89,7.3
149738316,48.668581,14.162818,1,48.9745,14.4743,40.95,52.5
584864332,50.771589,15.069613,5,50.7671,15.0562,1.07,2.5
3677110860,49.168629,16.727314,14,49.1951,16.6068,9.24,16.8
213316428,50.771559,15.061175,5,50.7671,15.0562,0.61,2.8
789369676,50.50201,13.698226,4,50.6607,14.0328,29.49,35.4
119329612,50.224351,17.198008,8,49.5938,17.2509,70.22,103.6
4123906892,49.975648,12.70113,3,50.2327,12.8712,31.05,44.4
3782157388,50.225121,12.883088,3,50.2327,12.8712,1.19,3.1
2769064780,49.234907,16.602104,14,49.1951,16.6068,4.44,10.2
3775714124,48.847581,16.056772,14,49.1951,16.6068,55.69,58.0
3176977228,49.975648,12.70113,3,50.2327,12.8712,31.05,44.4
695263820,49.050376,16.500597,14,49.1951,16.6068,17.85,23.6
1665979212,48.766715,16.888997,14,49.1951,16.6068,51.9,43.1
794612556,49.975648,12.70113,3,50.2327,12.8712,31.05,44.4
1915421516,50.679926,14.117007,4,50.6607,14.0328,6.31,11.3
3265663820,49.718107,15.659666,7,50.0343,15.7704,36.04,48.6
2974909260,48.668179,14.163803,1,48.9745,14.4743,40.95,52.4
1959887692,50.167467,16.27019,6,50.2104,15.8252,32.04,44.4
2358039372,49.474858,17.083047,8,49.5938,17.2509,17.93,22.5
629301836,48.949286,14.468321,1,48.9745,14.4743,2.84,5.5
3832337228,49.776896,13.168742,2,49.7384,13.3736,15.33,21.9
3674067788,49.975648,12.70113,3,50.2327,12.8712,31.05,44.4
3131953996,49.238248,15.068992,13,49.3961,15.5904,41.67,58.0
4090352460,49.203078,16.625604,14,49.1951,16.6068,1.63,4.7
2315113292,49.975648,12.70113,3,50.2327,12.8712,31.05,44.4
1326797388,48.971227,14.494295,1,48.9745,14.4743,1.5,5.3
1392366412,49.975648,12.70113,3,50.2327,12.8712,31.05,44.4
816763724,50.783337,14.215308,4,50.6607,14.0328,18.74,28.7
2113786700,49.975648,12.70113,3,50.2327,12.8712,31.05,44.4
2638406476,50.233443,15.902764,6,50.2104,15.8252,6.08,11.6
1779290956,49.222597,16.530689,14,49.1951,16.6068,6.32,13.0
3591230284,50.430487,15.588996,6,50.2104,15.8252,29.67,38.4
3044573772,49.569081,17.247665,8,49.5938,17.2509,2.76,6.8
3768181580,49.46949,13.604367,2,49.7384,13.3736,34.21,41.2
2368590668,50.119628,12.352421,3,50.2327,12.8712,39.02,33.7
2285753164,49.888868,16.037087,7,50.0343,15.7704,25.01,35.1
3938841420,49.466297,14.998362,13,49.3961,15.5904,43.52,55.0
2835206988,49.975648,12.70113,3,50.2327,12.8712,31.05,44.4
1965335372,50.673977,14.017435,4,50.6607,14.0328,1.83,3.2
3959280460,49.975648,12.70113,3,50.2327,12.8712,31.05,44.4
2952647500,49.975648,12.70113,3,50.2327,12.8712,31.05,44.4
453739340,50.726167,15.179768,5,50.7671,15.0562,9.81,16.5
1604285004,49.970091,14.462416,11,50.0406,14.5567,10.34,19.8
74306380,49.142919,14.17296,1,48.9745,14.4743,28.86,34.8
3634287436,49.418025,15.116035,13,49.3961,15.5904,34.41,42.5
2458833740,50.229489,14.072891,10,50.088,14.4208,29.36,39.1
3288462156,50.146981,13.742823,10,50.088,14.4208,48.78,47.5
295621452,50.740622,14.194565,4,50.6607,14.0328,14.45,24.0
694080332,50.603928,15.509949,5,50.7671,15.0562,36.76,60.5
2962150220,49.773974,13.17674,2,49.7384,13.3736,14.68,21.1
2328810316,50.517442,16.013279,6,50.2104,15.8252,36.66,51.4
3122582348,49.597611,17.269535,8,49.5938,17.2509,1.41,4.5
432984908,48.971322,14.505859,1,48.9745,14.4743,2.33,6.5
508482380,50.592933,16.339916,6,50.2104,15.8252,56.04,80.7
1683936076,50.139102,14.092847,10,50.088,14.4208,24.07,36.5
1863242572,49.658109,18.527776,12,49.8209,18.2625,26.29,31.4
370520908,50.152345,15.792442,6,50.2104,15.8252,6.86,9.4
769746252,48.732999,14.098115,1,48.9745,14.4743,38.45,46.1
1771033420,50.184382,15.02957,11,50.0406,14.5567,37.32,48.6
2042614604,50.005495,14.555114,11,50.0406,14.5567,3.91,13.1
997585740,50.061892,12.984392,3,50.2327,12.8712,20.63,32.0
717214540,49.224429,16.585582,14,49.1951,16.6068,3.61,7.6
2989888332,50.079104,14.427166,10,50.088,14.4208,1.09,7.9
3239965516,50.667689,14.064905,4,50.6607,14.0328,2.39,4.8
650105676,50.391937,13.176751,3,50.2327,12.8712,28.0,35.3
179295052,49.779016,18.255568,12,49.8209,18.2625,4.68,9.4
2705716044,50.070062,14.381953,10,50.088,14.4208,3.42,11.3
745460556,50.508754,13.640213,4,50.6607,14.0328,32.46,40.0
231723852,49.626646,13.281858,2,49.7384,13.3736,14.07,19.4
1157616460,50.347529,13.805478,4,50.6607,14.0328,38.36,50.7
2584535884,49.603435,17.25234,8,49.5938,17.2509,1.08,3.6
1023398732,49.865635,18.562162,12,49.8209,18.2625,22.06,33.8
1894765388,50.220924,12.885036,3,50.2327,12.8712,1.64,4.4
3071320908,49.954095,14.072574,10,50.088,14.4208,28.99,33.6
1646252876,49.835155,18.155479,12,49.8209,18.2625,7.84,13.1
2754405196,49.754884,13.415687,2,49.7384,13.3736,3.54,8.7
3524059980,50.749023,15.066537,5,50.7671,15.0562,2.14,6.9
1628234572,49.645363,17.940474,12,49.8209,18.2625,30.28,33.8
2142102348,49.1676,16.605553,14,49.1951,16.6068,3.06,8.4
1137566540,49.940113,14.381923,10,50.088,14.4208,16.68,29.7
1498420044,49.742884,13.382987,2,49.7384,13.3736,0.84,3.4
187556684,50.197208,15.842471,6,50.2104,15.8252,1.91,5.9
2941117260,50.287181,14.823881,11,50.0406,14.5567,33.38,36.0
2455626572,50.54289,13.779524,4,50.6607,14.0328,22.16,27.7
4048413516,49.972435,12.702859,3,50.2327,12.8712,31.33,44.9
4133348172,49.217638,15.904425,13,49.3961,15.5904,30.2,42.5
3108889420,50.287181,14.823881,11,50.0406,14.5567,33.38,36.0
3129533260,50.548606,13.774662,4,50.6607,14.0328,22.07,26.1
2056184652,49.147581,14.164919,1,48.9745,14.4743,29.64,34.9
3435062092,49.181493,16.599804,14,49.1951,16.6068,1.6,4.7
1326310220,49.200221,16.607841,14,49.1951,16.6068,0.57,2.2
753853260,49.805484,18.260174,12,49.8209,18.2625,1.72,5.4
3796886348,50.649475,13.837306,4,50.6607,14.0328,13.84,19.8
4060013388,50.229237,14.07274,10,50.088,14.4208,29.35,39.4
3055809100,48.90047,17.318768,9,49.2265,17.6625,44.06,48.9
3324961612,49.691127,13.486839,2,49.7384,13.3736,9.69,17.2
3264787276,49.085509,17.889636,9,49.2265,17.6625,22.77,38.8
494854988,50.244744,12.558511,3,50.2327,12.8712,22.28,33.1
3098534732,50.712937,15.167911,5,50.7671,15.0562,9.9,17.8
1034937164,49.905701,15.386493,7,50.0343,15.7704,30.96,43.3
2580771404,50.818043,14.968143,5,50.7671,15.0562,8.39,11.5
1286595404,49.905228,15.387215,7,50.0343,15.7704,30.94,43.2
3908035404,50.331264,12.506754,3,50.2327,12.8712,28.12,41.5
575963980,50.410904,14.926437,5,50.7671,15.0562,40.65,34.9
2782913356,48.818866,16.112892,14,49.1951,16.6068,55.21,57.3
128025420,49.594015,18.003667,12,49.8209,18.2625,31.35,35.8
557835084,50.678205,14.043734,4,50.6607,14.0328,2.09,5.9
298091340,49.740952,18.619975,12,49.8209,18.2625,27.16,34.2
3308356428,49.886696,14.347681,11,50.0406,14.5567,22.72,35.9
3269968460,50.169317,14.106911,10,50.088,14.4208,24.13,38.7
1294984012,49.225256,16.532163,14,49.1951,16.6068,6.37,12.4
3197690700,48.970402,14.4675,1,48.9745,14.4743,0.67,3.4
2004869964,50.648787,13.83721,4,50.6607,14.0328,13.85,20.2
2077811532,50.594223,16.164245,6,50.2104,15.8252,48.98,74.3
110682956,48.903142,15.817902,13,49.3961,15.5904,57.26,77.2
2447368780,50.574761,15.956937,6,50.2104,15.8252,41.58,52.2
2526286668,49.219518,16.597543,14,49.1951,16.6068,2.8,5.7
689496908,48.753534,16.890444,14,49.1951,16.6068,53.29,47.0
2202592076,49.93855,17.881622,12,49.8209,18.2625,30.26,38.9
1800577868,49.595881,13.106015,2,49.7384,13.3736,24.94,30.9
1970856780,50.691257,14.549972,4,50.6607,14.0328,36.6,58.7
1511297868,50.521,15.7604,6,50.2104,15.8252,34.84,48.7
2325341004,50.722322,15.167926,5,50.7671,15.0562,9.31,15.9
1779032908,49.066097,13.763523,1,48.9745,14.4743,52.82,62.7
3720995660,49.685369,18.34838,12,49.8209,18.2625,16.28,18.3
4276740940,50.163584,12.577698,3,50.2327,12.8712,22.26,24.9
1381622604,48.97818,16.50762,14,49.1951,16.6068,25.18,27.9
1795744588,50.078197,14.864236,11,50.0406,14.5567,22.35,35.3
505013068,50.362617,13.698094,4,50.6607,14.0328,40.73,53.8
3697926988,50.66984,14.063768,4,50.6607,14.0328,2.41,6.3
2175460172,49.801107,12.637882,3,50.2327,12.8712,50.8,67.4
2980766540,49.440056,13.373788,2,49.7384,13.3736,33.17,44.4
2577064780,49.541472,18.207718,12,49.8209,18.2625,31.32,41.2
336257868,50.223869,12.194992,3,50.2327,12.8712,48.11,50.8
389129036,49.750636,13.408911,2,49.7384,13.3736,2.88,6.7
3398099788,50.157176,15.458713,7,50.0343,15.7704,26.1,32.1
2900026188,50.238769,14.314708,10,50.088,14.4208,18.39,33.5
2249909068,50.073117,12.376856,3,50.2327,12.8712,39.44,31.9
1764524876,49.226435,17.672634,9,49.2265,17.6625,0.74,2.1
3466965836,49.467765,17.436702,8,49.5938,17.2509,19.4,24.0
1689748300,50.185931,15.026228,11,50.0406,14.5567,37.18,48.8
2523587404,49.826359,18.265008,12,49.8209,18.2625,0.63,1.8
1287381836,50.234199,12.871859,3,50.2327,12.8712,0.17,1.3
2106319692,49.19795,16.644049,14,49.1951,16.6068,2.73,8.6
2338100044,49.72199,14.351999,11,50.0406,14.5567,38.34,69.8
4088128332,50.635992,13.842499,4,50.6607,14.0328,13.7,17.1
2010899276,50.222153,12.887468,3,50.2327,12.8712,1.65,4.1
3519800140,49.532227,12.929282,2,49.7384,13.3736,39.36,48.7
1573643084,50.186014,15.846329,6,50.2104,15.8252,3.1,7.5
1983361868,50.412695,16.164034,6,50.2104,15.8252,32.94,38.3
23142988,50.165344,16.465488,6,50.2104,15.8252,45.86,60.3
2623402828,50.21085,15.820236,6,50.2104,15.8252,0.36,0.6
1069740876,50.683296,13.877591,4,50.6607,14.0328,11.22,16.2
2155774796,49.226655,17.666337,9,49.2265,17.6625,0.28,1.0
1982460748,49.966435,12.706648,3,50.2327,12.8712,31.85,47.3
1397130060,50.481994,13.428732,4,50.6607,14.0328,47.06,52.5
4157047628,50.17435,12.669499,3,50.2327,12.8712,15.75,14.8
3358978892,49.337868,17.57224,9,49.2265,17.6625,14.01,24.6
1974477388,48.639323,14.229322,1,48.9745,14.4743,41.36,59.5
1746436940,49.375339,16.653259,14,49.1951,16.6068,20.32,33.2
2154427212,50.459332,15.234911,5,50.7671,15.0562,36.47,45.6
3687473740,50.712331,14.743116,5,50.7671,15.0562,22.86,34.9
2571887436,49.983446,17.462485,8,49.5938,17.2509,45.91,57.1
3407602508,49.19795,16.644049,14,49.1951,16.6068,2.73,8.6
2758533964,49.407799,15.597127,13,49.3961,15.5904,1.39,4.5
1304195660,49.3411,16.432048,14,49.1951,16.6068,20.6,27.2
2565010252,50.405732,16.16379,6,50.2104,15.8252,32.4,39.6
3088614220,49.375339,16.653259,14,49.1951,16.6068,20.32,33.2
964002636,49.225824,17.678191,9,49.2265,17.6625,1.14,3.9
1434776396,50.725018,14.565177,5,50.7671,15.0562,34.86,43.8
2234905420,50.05185,14.681346,11,50.0406,14.5567,8.99,17.5
277017420,49.453266,17.462451,8,49.5938,17.2509,21.85,28.0
1765733196,49.578234,17.244103,8,49.5938,17.2509,1.8,5.0
2383582028,50.000038,16.211229,7,50.0343,15.7704,31.73,45.0
3292824396,48.763196,16.892574,14,49.1951,16.6068,52.36,44.6
1566999372,50.313027,12.521382,3,50.2327,12.8712,26.42,38.9
647438924,49.066742,13.763427,1,48.9745,14.4743,52.84,62.8
2918380364,49.929913,15.805547,7,50.0343,15.7704,11.88,18.0
2764874572,49.17608,16.639947,14,49.1951,16.6068,3.21,8.7
158696268,49.225824,17.678191,9,49.2265,17.6625,1.14,3.9
704877388,49.189352,16.602475,14,49.1951,16.6068,0.71,3.4
2642453836,49.168629,16.727314,14,49.1951,16.6068,9.24,16.8
2583745612,50.230105,12.866589,3,50.2327,12.8712,0.44,1.0
2305438284,50.078197,14.864236,11,50.0406,14.5567,22.35,35.3
473887564,49.831649,18.287643,12,49.8209,18.2625,2.16,6.5
3076817740,50.606424,15.833479,6,50.2104,15.8252,44.04,53.0
2630570572,49.233297,17.676079,9,49.2265,17.6625,1.24,3.1
1195869004,49.735518,13.757547,2,49.7384,13.3736,27.59,38.9
987231052,50.53464,15.365313,5,50.7671,15.0562,33.81,43.1
1974071884,50.078197,14.864236,11,50.0406,14.5567,22.35,35.3
3879662412,49.831649,18.287643,12,49.8209,18.2625,2.16,6.5
2995819340,50.234329,12.872054,3,50.2327,12.8712,0.19,0.7
293962572,49.680232,18.681538,12,49.8209,18.2625,33.93,39.7
1336378188,49.280353,16.995156,14,49.1951,16.6068,29.75,30.2
2266006348,50.038873,15.225363,7,50.0343,15.7704,38.93,49.7
2174845772,49.846733,18.28269,12,49.8209,18.2625,3.22,7.4
2545414988,49.184318,15.461623,13,49.3961,15.5904,25.33,33.5
1711182412,50.078197,14.864236,11,50.0406,14.5567,22.35,35.3
459113292,49.177488,16.812138,14,49.1951,16.6068,15.05,18.0
3646616396,49.210743,16.500177,14,49.1951,16.6068,7.94,17.4
3962929996,50.234873,12.87747,3,50.2327,12.8712,0.51,1.0
3359081292,50.252775,17.532764,12,49.8209,18.2625,70.87,85.9
1340179276,49.846733,18.28269,12,49.8209,18.2625,3.22,7.4
2686423884,50.084319,16.497731,6,50.2104,15.8252,49.93,60.2
82568012,49.19795,16.644049,14,49.1951,16.6068,2.73,8.6
489878348,49.850332,13.378098,2,49.7384,13.3736,12.45,18.3
954008140,49.012089,13.993372,1,48.9745,14.4743,35.34,45.6
3691705164,50.116784,16.802497,8,49.5938,17.2509,66.45,78.3
3983577932,50.594023,13.563606,4,50.6607,14.0328,33.92,44.8
3598668364,49.168629,16.727314,14,49.1951,16.6068,9.24,16.8
775390028,50.252775,17.532764,12,49.8209,18.2625,70.87,85.9
1606517580,49.846733,18.28269,12,49.8209,18.2625,3.22,7.4
1619821388,49.147161,16.993874,14,49.1951,16.6068,28.64,31.5
1134330700,50.729841,14.132755,4,50.6607,14.0328,10.42,21.3
1148858956,50.078197,14.864236,11,50.0406,14.5567,22.35,35.3
1026487116,49.831649,18.287643,12,49.8209,18.2625,2.16,6.5
3726308172,48.856622,17.124667,14,49.1951,16.6068,53.31,55.5
3976561484,49.973872,16.393607,7,50.0343,15.7704,45.04,62.6
449794636,49.168629,16.727314,14,49.1951,16.6068,9.24,16.8
3085009740,50.07873,16.461313,6,50.2104,15.8252,47.63,58.3
3137241932,50.228467,12.8696,3,50.2327,12.8712,0.48,2.7
393884236,50.078197,14.864236,11,50.0406,14.5567,22.35,35.3
1264251724,49.210743,16.500177,14,49.1951,16.6068,7.94,17.4
2641400652,50.593589,13.563875,4,50.6607,14.0328,33.91,45.4
903828044,49.168629,16.727314,14,49.1951,16.6068,9.24,16.8
679150412,50.029577,15.730626,7,50.0343,15.7704,2.89,7.3
756122444,49.835964,18.178967,12,49.8209,18.2625,6.22,10.8
2685293132,50.08384,16.760539,8,49.5938,17.2509,64.85,70.4
3596022604,49.782195,13.286536,2,49.7384,13.3736,7.93,15.8
2464580428,50.201735,15.845556,6,50.2104,15.8252,1.74,4.7
1145959244,50.250111,14.112604,10,50.088,14.4208,28.4,41.1
2570777420,50.12977,14.722075,11,50.0406,14.5567,15.41,24.1
2706735948,50.680463,14.10599,4,50.6607,14.0328,5.61,11.5
2464109132,49.168629,16.727314,14,49.1951,16.6068,9.24,16.8
2244735820,49.794447,16.966085,8,49.5938,17.2509,30.29,31.9
3985257804,50.780531,15.415891,5,50.7671,15.0562,25.34,45.7
3197272908,50.223637,14.8711,11,50.0406,14.5567,30.27,42.8
338920268,50.476672,16.094377,6,50.2104,15.8252,35.24,47.3
935748172,50.825879,14.873807,5,50.7671,15.0562,14.39,18.2
475722572,49.210743,16.500177,14,49.1951,16.6068,7.94,17.4
2165474124,49.821241,18.179309,12,49.8209,18.2625,5.97,11.3
3741213260,48.949286,14.468321,1,48.9745,14.4743,2.84,5.5
3909190476,50.112834,17.379766,8,49.5938,17.2509,58.45,85.0
2652369740,49.293141,13.140554,2,49.7384,13.3736,52.29,58.2
3356685132,49.592574,17.249604,8,49.5938,17.2509,0.17,1.9
2279244620,50.476672,16.094377,6,50.2104,15.8252,35.24,47.3
375059276,49.210743,16.500177,14,49.1951,16.6068,7.94,17.4
3274015564,49.815321,15.477293,7,50.0343,15.7704,32.14,49.9
2501018444,49.821241,18.179309,12,49.8209,18.2625,5.97,11.3
1798828876,50.420881,14.901605,5,50.7671,15.0562,40.01,39.2
172159820,49.863832,18.534738,12,49.8209,18.2625,20.1,32.2
2346128716,49.156328,13.226356,2,49.7384,13.3736,65.59,77.9
3596284748,49.210743,16.500177,14,49.1951,16.6068,7.94,17.4
2540012364,49.413743,15.596666,13,49.3961,15.5904,2.01,4.1
4281828172,50.252775,17.532764,12,49.8209,18.2625,70.87,85.9
845185868,50.067868,12.36627,3,50.2327,12.8712,40.38,32.9
2838594380,50.959107,14.550599,5,50.7671,15.0562,41.41,55.6
3111646028,49.226585,14.427142,1,48.9745,14.4743,28.24,35.9
2155618892,49.404289,15.552188,13,49.3961,15.5904,2.91,7.2
679146316,50.07599,12.361139,3,50.2327,12.8712,40.3,32.0
965116748,50.323852,15.323046,6,50.2104,15.8252,37.86,52.4
616596300,48.749673,16.895341,14,49.1951,16.6068,53.82,47.0
893096780,50.748923,15.066066,5,50.7671,15.0562,2.14,7.1
3996902220,49.785473,18.267744,12,49.8209,18.2625,3.96,7.5
1286665036,49.344142,16.430185,14,49.1951,16.6068,20.95,28.1
746279500,50.441441,13.050645,3,50.2327,12.8712,26.48,42.3
660271948,49.210743,16.500177,14,49.1951,16.6068,7.94,17.4
1096254284,50.701378,15.467692,5,50.7671,15.0562,29.87,53.0
1299284812,49.738195,13.368872,2,49.7384,13.3736,0.34,1.4
326628172,50.043261,15.804541,7,50.0343,15.7704,2.63,7.0
3370382156,49.244127,13.898002,1,48.9745,14.4743,51.56,61.0
3730350924,49.99248,14.046963,10,50.088,14.4208,28.73,39.1
476771148,49.861862,16.311578,7,50.0343,15.7704,43.21,52.7
2663809868,49.772928,16.927191,8,49.5938,17.2509,30.64,25.3
4200325964,49.47888,17.108855,8,49.5938,17.2509,16.38,17.5
3883696972,49.895402,18.334537,12,49.8209,18.2625,9.76,16.2
2989229388,49.404289,15.552188,13,49.3961,15.5904,2.91,7.2
877266252,49.156328,13.226356,2,49.7384,13.3736,65.59,77.9
3498832716,50.1813,12.640104,3,50.2327,12.8712,17.41,17.3
4091970380,49.098905,17.749494,9,49.2265,17.6625,15.53,28.2
2388099916,49.794447,16.966085,8,49.5938,17.2509,30.29,31.9
3517023052,49.846733,18.28269,12,49.8209,18.2625,3.22,7.4
3187573324,49.293872,13.14353,2,49.7384,13.3736,52.15,57.9
160437068,50.761859,15.38517,5,50.7671,15.0562,23.14,43.2
3655594828,49.244127,13.898002,1,48.9745,14.4743,51.56,61.0
1015018316,50.197573,15.864657,6,50.2104,15.8252,3.15,7.0
1707864908,50.115439,17.387938,8,49.5938,17.2509,58.83,83.1
4205871948,50.526928,14.123754,4,50.6607,14.0328,16.2,25.8
3047392076,50.637712,13.806103,4,50.6607,14.0328,16.19,19.3
1550640460,49.395174,13.293438,2,49.7384,13.3736,38.6,42.3
1916568396,48.623019,14.261407,1,48.9745,14.4743,42.08,55.1
3575837516,50.781693,14.171135,4,50.6607,14.0328,16.61,29.5
2753100124,50.518425,14.043222,4,50.6607,14.0328,15.84,20.7
2231104332,50.120724,16.222933,6,50.2104,15.8252,30.03,36.8
2379645772,48.941506,16.723352,14,49.1951,16.6068,29.45,28.9
569225804,49.237413,16.527327,14,49.1951,16.6068,7.45,13.9
1128772428,50.412695,16.164034,6,50.2104,15.8252,32.94,38.3
2363462476,49.404889,15.556054,13,49.3961,15.5904,2.67,7.1
3203564364,50.410922,14.923531,5,50.7671,15.0562,40.7,35.3
3861021516,50.094807,15.038063,11,50.0406,14.5567,34.88,42.4
2868020044,49.138627,15.018484,1,48.9745,14.4743,43.65,50.6
1024623436,49.785606,18.216323,12,49.8209,18.2625,5.14,10.6
560104268,50.512361,16.269248,6,50.2104,15.8252,46.04,65.3
3595797324,50.246315,17.212252,8,49.5938,17.2509,72.61,107.3
1311225420,49.201508,16.623514,14,49.1951,16.6068,1.41,5.3
2598277708,50.078197,14.864236,11,50.0406,14.5567,22.35,35.3
3543569228,50.192263,14.325088,10,50.088,14.4208,13.45,26.0
1217168204,50.484102,15.512562,6,50.2104,15.8252,37.66,49.1
3870802508,50.74417,15.818295,5,50.7671,15.0562,53.67,111.3
2913764172,50.541199,15.7323,6,50.2104,15.8252,37.37,54.0
3309077324,49.604729,17.25567,8,49.5938,17.2509,1.26,4.5
299795276,50.15006,14.192107,10,50.088,14.4208,17.71,30.7
397247308,49.977406,12.707154,3,50.2327,12.8712,30.7,46.1
2216526668,50.090493,12.370456,3,50.2327,12.8712,39.02,29.4
3107816268,49.470656,17.106557,8,49.5938,17.2509,17.2,20.3
3903021644,50.257032,14.5106,10,50.088,14.4208,19.85,31.6
2798551884,49.396969,13.300287,2,49.7384,13.3736,38.33,42.5
1456374604,50.174675,13.427243,3,50.2327,12.8712,40.1,47.9
3707667276,49.396969,13.300287,2,49.7384,13.3736,38.33,42.5
1795064652,49.396969,13.300287,2,49.7384,13.3736,38.33,42.5
703497036,50.305069,12.183025,3,50.2327,12.8712,49.57,61.1
2824766284,48.756436,16.85578,14,49.1951,16.6068,52.05,48.7
3343811404,50.542332,15.724495,6,50.2104,15.8252,37.59,53.9
1873773388,50.304835,12.552523,3,50.2327,12.8712,24.03,38.4
2340324172,49.48899,13.58544,2,49.7384,13.3736,31.66,39.2
4255089484,49.621084,14.809082,11,50.0406,14.5567,50.04,65.1
2945848140,50.112834,17.379766,8,49.5938,17.2509,58.45,85.0
3678372684,48.943657,17.466283,9,49.2265,17.6625,34.54,53.3
2410644300,50.645046,13.828199,4,50.6607,14.0328,14.53,19.6
1832878924,50.553992,13.77463,4,50.6607,14.0328,21.74,25.5
958808652,49.465575,14.069222,2,49.7384,13.3736,58.59,77.9
4238775116,50.155468,14.57451,11,50.0406,14.5567,12.84,28.4
1282376524,49.742884,13.382987,2,49.7384,13.3736,0.84,3.4
2129740364,49.988445,17.4647,8,49.5938,17.2509,46.49,58.5
3240858444,50.365301,14.468426,10,50.088,14.4208,31.02,42.2
2391269964,50.407267,12.98203,3,50.2327,12.8712,20.95,32.8
1653179212,49.741744,13.328402,2,49.7384,13.3736,3.27,7.6
2703987532,50.350497,14.474108,10,50.088,14.4208,29.43,45.1
3425272652,50.520514,14.046544,4,50.6607,14.0328,15.62,21.3
3824357964,50.635204,13.837463,4,50.6607,14.0328,14.06,17.4
3032122188,48.878043,16.031845,14,49.1951,16.6068,54.77,62.9
460948300,49.007574,17.125766,14,49.1951,16.6068,43.15,53.1
903512908,49.291904,17.863007,9,49.2265,17.6625,16.27,28.9
4247290700,49.228869,16.639602,14,49.1951,16.6068,4.45,13.2
1696236364,50.103011,13.729324,2,49.7384,13.3736,47.88,71.4
1348109132,50.405373,14.900559,5,50.7671,15.0562,41.7,39.2
1769591372,49.164767,16.342547,14,49.1951,16.6068,19.5,27.7
3282760268,50.355583,13.810342,4,50.6607,14.0328,37.4,49.7
3598353228,49.981586,12.701273,3,50.2327,12.8712,30.44,42.7
1936732748,50.787382,15.150505,5,50.7671,15.0562,7.0,16.7
2792063820,50.233085,12.887252,3,50.2327,12.8712,1.14,3.4
4083909452,49.865852,16.306187,7,50.0343,15.7704,42.67,52.7
2727646028,50.595511,13.587394,4,50.6607,14.0328,32.24,41.6
601133900,48.965997,16.606604,14,49.1951,16.6068,25.48,32.7
1152090956,50.769785,15.0522,5,50.7671,15.0562,0.41,3.4
2207552332,50.303048,12.555224,3,50.2327,12.8712,23.78,37.8
1410442060,49.220407,15.893231,13,49.3961,15.5904,29.39,40.1
1581552460,50.635821,13.8185,4,50.6607,14.0328,15.36,17.7
3586867788,50.64155,15.608982,5,50.7671,15.0562,41.36,66.6
2609599052,50.182152,13.810308,10,50.088,14.4208,44.75,43.3
3520225868,50.236381,14.861629,11,50.0406,14.5567,30.76,44.1
988353100,49.987909,15.204326,7,50.0343,15.7704,40.78,54.8
3437597516,49.293872,13.14353,2,49.7384,13.3736,52.15,57.9
490050380,50.712937,15.167911,5,50.7671,15.0562,9.9,17.8
3465373004,49.427161,18.294173,12,49.8209,18.2625,43.84,57.9
1222095436,48.847569,16.056782,14,49.1951,16.6068,55.69,58.0
2081854284,50.418388,12.980062,3,50.2327,12.8712,22.05,34.5
3915748172,50.592154,13.569655,4,50.6607,14.0328,33.55,44.6
2896597836,50.513453,13.644814,4,50.6607,14.0328,31.91,39.1
2245432140,49.861864,16.311582,7,50.0343,15.7704,43.21,52.7
3657454156,49.867647,18.376397,12,49.8209,18.2625,9.68,20.3
4152857420,50.088344,17.717876,12,49.8209,18.2625,49.02,58.0
2721485644,49.248544,16.574866,14,49.1951,16.6068,6.38,12.3
512856908,49.469938,17.107839,8,49.5938,17.2509,17.21,19.5
2406912844,49.126692,16.828625,14,49.1951,16.6068,17.83,26.0
1516671820,49.198452,17.542216,9,49.2265,17.6625,9.28,15.3
671597132,50.169317,14.106911,10,50.088,14.4208,24.13,38.7
2270597964,50.622412,15.622351,5,50.7671,15.0562,43.0,67.6
2205066060,50.204066,15.79315,6,50.2104,15.8252,2.39,4.1
2402784076,50.123574,15.504197,7,50.0343,15.7704,21.43,30.0
2254074444,49.291904,17.863007,9,49.2265,17.6625,16.27,28.9
2003276620,50.641096,13.825871,4,50.6607,14.0328,14.75,18.5
63411020,49.720717,15.67018,7,50.0343,15.7704,35.6,46.7
1624111196,50.225004,12.880941,3,50.2327,12.8712,1.1,4.7
1942065996,49.398396,15.588811,13,49.3961,15.5904,0.28,2.3
1016173388,49.562802,13.94732,2,49.7384,13.3736,45.69,57.8
3289920076,49.358659,13.356774,2,49.7384,13.3736,42.24,47.6
4027683660,50.485539,15.507993,6,50.2104,15.8252,37.98,48.4
3535901516,49.398396,15.588811,13,49.3961,15.5904,0.28,2.3
1330291532,49.210813,16.499587,14,49.1951,16.6068,7.98,17.4
2227278668,50.470583,13.396786,3,50.2327,12.8712,45.72,55.4
2326078796,50.631912,15.783893,6,50.2104,15.8252,46.96,62.3
3389100876,49.608156,15.130397,13,49.3961,15.5904,40.74,42.0
2883167052,49.210813,16.499587,14,49.1951,16.6068,7.98,17.4
3929183052,49.369554,18.355999,12,49.8209,18.2625,50.64,62.7
2213712716,50.229897,14.862049,11,50.0406,14.5567,30.28,44.4
283091788,50.037941,15.570787,7,50.0343,15.7704,14.26,19.6
1481806668,50.712937,15.167911,5,50.7671,15.0562,9.9,17.8
4233204556,49.426309,18.296405,12,49.8209,18.2625,43.94,57.0
3589444428,50.084092,12.775174,3,50.2327,12.8712,17.88,32.7
1008898892,48.639323,14.229322,1,48.9745,14.4743,41.36,59.5
57840460,48.759655,16.874956,14,49.1951,16.6068,52.22,46.4
2390987596,50.434738,14.879484,5,50.7671,15.0562,39.0,41.1
2526253900,50.102361,14.675427,11,50.0406,14.5567,10.91,26.5
1434686284,49.859337,17.031037,8,49.5938,17.2509,33.49,46.1
333660748,49.206824,17.593751,9,49.2265,17.6625,5.45,10.4
3975692876,49.154994,16.877813,14,49.1951,16.6068,20.2,23.3
3936588620,48.919258,16.328379,14,49.1951,16.6068,36.77,37.8
4026204748,48.759655,16.874956,14,49.1951,16.6068,52.22,46.4
2214986316,49.3411,16.432048,14,49.1951,16.6068,20.6,27.2
650838604,48.759655,16.874956,14,49.1951,16.6068,52.22,46.4
1303855692,50.084431,16.759262,8,49.5938,17.2509,64.96,69.8
831296332,49.203078,16.625604,14,49.1951,16.6068,1.63,4.7
3961295692,49.234907,16.602104,14,49.1951,16.6068,4.44,10.2
2561446732,50.782376,14.218175,4,50.6607,14.0328,18.8,29.0
2366411596,49.234907,16.602104,14,49.1951,16.6068,4.44,10.2
1137480524,50.769751,14.203404,4,50.6607,14.0328,17.07,25.9
3046470220,49.822725,18.194729,12,49.8209,18.2625,4.87,8.8
1883018060,49.700478,15.274935,13,49.3961,15.5904,40.79,45.3
4047278924,49.234907,16.602104,14,49.1951,16.6068,4.44,10.2
523014988,50.227198,17.198667,8,49.5938,17.2509,70.53,104.0
3378881868,49.168629,16.727314,14,49.1951,16.6068,9.24,16.8
1349472844,49.168629,16.727314,14,49.1951,16.6068,9.24,16.8
327198028,49.168629,16.727314,14,49.1951,16.6068,9.24,16.8
2279559756,49.168629,16.727314,14,49.1951,16.6068,9.24,16.8
2077184588,49.168629,16.727314,14,49.1951,16.6068,9.24,16.8
173839180,50.49937,13.432395,4,50.6607,14.0328,46.03,54.2
1440698956,49.168629,16.727314,14,49.1951,16.6068,9.24,16.8
1916576588,49.788216,18.266216,12,49.8209,18.2625,3.64,9.2
150836044,50.126278,14.113278,10,50.088,14.4208,22.34,35.4
3103691596,50.592133,13.567863,4,50.6607,14.0328,33.67,44.4
2119017292,50.20974,15.311679,6,50.2104,15.8252,36.54,42.5
158110540,49.571476,17.293555,8,49.5938,17.2509,3.95,9.3
2226033484,49.677022,13.987039,2,49.7384,13.3736,44.64,64.3
1556976460,50.126278,14.113278,10,50.088,14.4208,22.34,35.4
2130547532,50.126278,14.113278,10,50.088,14.4208,22.34,35.4
1778225996,50.126278,14.113278,10,50.088,14.4208,22.34,35.4
443990604,50.74417,15.818295,5,50.7671,15.0562,53.67,111.3
2395837260,50.126278,14.113278,10,50.088,14.4208,22.34,35.4
2848822092,50.126278,14.113278,10,50.088,14.4208,22.34,35.4
1752077132,50.115355,12.532425,3,50.2327,12.8712,27.43,24.1
2376045388,49.176167,16.605594,14,49.1951,16.6068,2.11,6.0
2147377740,48.949286,14.468321,1,48.9745,14.4743,2.84,5.5
4189607244,49.734895,13.370425,2,49.7384,13.3736,0.45,1.6
1799263052,49.146554,16.973456,14,49.1951,16.6068,27.2,29.4
147755852,50.126278,14.113278,10,50.088,14.4208,22.34,35.4
2561827404,48.949286,14.468321,1,48.9745,14.4743,2.84,5.5
432968524,50.126278,14.113278,10,50.088,14.4208,22.34,35.4
1645122380,50.126278,14.113278,10,50.088,14.4208,22.34,35.4
1315930700,50.663292,15.91063,6,50.2104,15.8252,50.72,60.4
1930335052,50.126278,14.113278,10,50.088,14.4208,22.34,35.4
449745740,50.126278,14.113278,10,50.088,14.4208,22.34,35.4
2211353420,50.126278,14.113278,10,50.088,14.4208,22.34,35.4
3355349836,49.1993,16.624066,14,49.1951,16.6068,1.34,4.6
3167654732,50.126278,14.113278,10,50.088,14.4208,22.34,35.4
1113559884,50.663423,14.032207,4,50.6607,14.0328,0.31,0.6
3558839116,50.035001,15.777726,7,50.0343,15.7704,0.53,3.8
333026124,49.191512,16.617742,14,49.1951,16.6068,0.89,4.8
3620643660,49.210736,16.497898,14,49.1951,16.6068,8.1,18.1
682136396,49.854791,18.263626,12,49.8209,18.2625,3.77,10.2
3934937676,49.602487,17.277036,8,49.5938,17.2509,2.12,5.6
2278601548,50.431896,14.920191,5,50.7671,15.0562,38.49,36.0
675844940,49.799558,16.779478,8,49.5938,17.2509,40.9,45.7
2256048972,50.254843,17.225429,8,49.5938,17.2509,73.53,109.3
247042892,48.757151,16.891974,14,49.1951,16.6068,52.96,45.5
1031377740,50.342895,15.912774,6,50.2104,15.8252,15.99,20.4
217682764,49.204873,16.686335,14,49.1951,16.6068,5.88,15.2
3967390540,50.342895,15.912774,6,50.2104,15.8252,15.99,20.4
687920204,50.230105,12.866589,3,50.2327,12.8712,0.44,1.0
412484172,49.087013,13.654737,1,48.9745,14.4743,61.05,82.1
1638634316,50.496525,13.661173,4,50.6607,14.0328,31.97,39.9
2935792460,49.17608,16.639947,14,49.1951,16.6068,3.21,8.7
1568248652,50.342895,15.912774,6,50.2104,15.8252,15.99,20.4
3175785292,49.210813,16.499587,14,49.1951,16.6068,7.98,17.4
4184445772,49.84446,18.289024,12,49.8209,18.2625,3.24,8.3
3941241676,49.708917,16.723979,8,49.5938,17.2509,40.04,46.5
220353100,49.143886,13.552977,2,49.7384,13.3736,67.37,87.9
233476940,49.203078,16.625604,14,49.1951,16.6068,1.63,4.7
607851340,50.044282,16.512259,6,50.2104,15.8252,52.34,66.2
1947656780,50.233598,12.879835,3,50.2327,12.8712,0.62,2.0
4270809676,50.630841,13.823422,4,50.6607,14.0328,15.13,17.9
2921960268,49.623632,12.903424,2,49.7384,13.3736,36.16,44.0
618926924,49.460868,17.45007,8,49.5938,17.2509,20.62,26.0
2402980684,48.794801,16.806798,14,49.1951,16.6068,46.84,46.1
1337627468,50.235532,14.095852,10,50.088,14.4208,28.37,37.6
2228917068,48.637093,14.225899,1,48.9745,14.4743,41.7,58.3
3745157964,48.794801,16.806798,14,49.1951,16.6068,46.84,46.1
1866109772,48.794801,16.806798,14,49.1951,16.6068,46.84,46.1
1581945676,50.509814,13.627419,4,50.6607,14.0328,33.18,40.4
3375010636,50.037545,15.772457,7,50.0343,15.7704,0.39,2.2
3959333708,49.210743,16.500177,14,49.1951,16.6068,7.94,17.4
1460376396,50.226804,12.87676,3,50.2327,12.8712,0.77,4.4
3573257036,49.191512,16.617742,14,49.1951,16.6068,0.89,4.8
773559116,49.191512,16.617742,14,49.1951,16.6068,0.89,4.8
2533069644,49.191512,16.617742,14,49.1951,16.6068,0.89,4.8
686527308,49.191512,16.617742,14,49.1951,16.6068,0.89,4.8
2700841804,49.191512,16.617742,14,49.1951,16.6068,0.89,4.8
3505693516,50.477866,13.418762,3,50.2327,12.8712,47.46,56.6
2781782860,49.210743,16.500177,14,49.1951,16.6068,7.94,17.4
2596774732,50.14211,14.063453,10,50.088,14.4208,26.18,36.9
322216780,49.64833,16.518133,14,49.1951,16.6068,50.8,60.3
2966332236,49.210785,16.497989,14,49.1951,16.6068,8.1,18.1
2669748812,50.223901,17.090491,8,49.5938,17.2509,71.0,95.6
3461718604,49.701828,16.686007,8,49.5938,17.2509,42.41,49.9
770155340,49.198609,16.641744,14,49.1951,16.6068,2.57,8.0
1097114444,48.660944,14.165632,1,48.9745,14.4743,41.55,51.9
3844191052,50.63496,15.710594,6,50.2104,15.8252,47.9,67.8
2439291724,49.667553,15.401256,13,49.3961,15.5904,33.13,45.7
1952752460,49.667553,15.401256,13,49.3961,15.5904,33.13,45.7
1574282060,49.975756,12.711735,3,50.2327,12.8712,30.75,46.7
406168396,48.766715,16.888997,14,49.1951,16.6068,51.9,43.1
700949324,50.14211,14.063453,10,50.088,14.4208,26.18,36.9
926851916,49.210785,16.497989,14,49.1951,16.6068,8.1,18.1
859579724,49.231106,17.659987,9,49.2265,17.6625,0.54,4.1
3283460940,49.96513,12.694231,3,50.2327,12.8712,32.32,46.5
2020975436,50.14211,14.063453,10,50.088,14.4208,26.18,36.9
1521464140,50.00428,14.556713,11,50.0406,14.5567,4.04,12.4
3863323468,48.737966,14.110538,1,48.9745,14.4743,37.42,43.2
1757913932,50.14211,14.063453,10,50.088,14.4208,26.18,36.9
2810553164,49.226329,16.627123,14,49.1951,16.6068,3.77,8.8
3178603340,50.14211,14.063453,10,50.088,14.4208,26.18,36.9
2675286860,50.14211,14.063453,10,50.088,14.4208,26.18,36.9
1105253196,48.912026,13.897346,1,48.9745,14.4743,42.71,59.1
1365328460,50.794306,15.145129,5,50.7671,15.0562,6.95,15.1
333947724,49.198609,16.641744,14,49.1951,16.6068,2.57,8.0
648495692,50.084431,16.759262,8,49.5938,17.2509,64.96,69.8
3626635852,49.433372,15.230092,13,49.3961,15.5904,26.39,30.9
218538828,48.682772,14.579269,1,48.9745,14.4743,33.34,38.7
2867241804,48.831344,14.457198,1,48.9745,14.4743,15.97,17.6
3840320332,49.967268,14.96044,11,50.0406,14.5567,29.98,42.0
2459411276,49.139588,13.228567,2,49.7384,13.3736,67.41,78.1
2327536204,50.686972,13.879691,4,50.6607,14.0328,11.18,16.8
1838654284,49.139588,13.228567,2,49.7384,13.3736,67.41,78.1
1423418188,50.14211,14.063453,10,50.088,14.4208,26.18,36.9
3029676876,49.139588,13.228567,2,49.7384,13.3736,67.41,78.1
2389156684,50.387613,13.268609,3,50.2327,12.8712,33.06,44.2
106406732,50.130647,14.729075,11,50.0406,14.5567,15.86,25.0
2420613964,49.525276,12.948786,2,49.7384,13.3736,38.7,46.5
1188078412,49.227819,17.317372,9,49.2265,17.6625,25.06,40.9
2393940812,50.023357,15.770845,7,50.0343,15.7704,1.22,2.0
795321164,49.210618,16.496885,14,49.1951,16.6068,8.17,18.0
2137498444,49.210618,16.496885,14,49.1951,16.6068,8.17,18.0
3656426316,49.210618,16.496885,14,49.1951,16.6068,8.17,18.0
566272844,50.730189,15.612798,5,50.7671,15.0562,39.37,84.6
787522380,49.210618,16.496885,14,49.1951,16.6068,8.17,18.0
2344657740,49.47245,17.096991,8,49.5938,17.2509,17.48,20.3
3589317452,49.281855,17.004162,14,49.1951,16.6068,30.42,30.3
1529565772,50.779421,15.113167,5,50.7671,15.0562,4.23,9.1
3904938828,49.47245,17.096991,8,49.5938,17.2509,17.48,20.3
2668667724,50.128868,12.552487,3,50.2327,12.8712,25.46,25.2
2501288524,49.299604,17.397054,9,49.2265,17.6625,20.91,30.6
4066419532,50.268116,14.120325,10,50.088,14.4208,29.31,45.3
3233981260,49.469998,18.433511,12,49.8209,18.2625,40.92,39.2
2133762892,49.210785,16.497989,14,49.1951,16.6068,8.1,18.1
481403724,48.741295,16.755758,14,49.1951,16.6068,51.62,53.5
2519769932,49.77913,13.375782,2,49.7384,13.3736,4.53,9.6
1344496204,50.638805,13.821543,4,50.6607,14.0328,15.09,18.8
1790026572,50.353546,15.411736,6,50.2104,15.8252,33.41,47.6
3652297548,50.424679,14.792132,5,50.7671,15.0562,42.39,49.5
3880936012,49.062545,17.350849,9,49.2265,17.6625,29.09,36.4
2360451916,50.228784,12.877536,3,50.2327,12.8712,0.63,1.6
153133900,49.77913,13.375782,2,49.7384,13.3736,4.53,9.6
3951207244,49.667553,15.401256,13,49.3961,15.5904,33.13,45.7
452895564,49.210743,16.500177,14,49.1951,16.6068,7.94,17.4
2634433100,49.19519,16.599691,14,49.1951,16.6068,0.52,1.3
1733469004,49.210743,16.500177,14,49.1951,16.6068,7.94,17.4
187540300,49.392286,14.681085,1,48.9745,14.4743,48.83,39.9
2537726796,49.728728,17.300823,8,49.5938,17.2509,15.43,23.1
1951572812,49.210743,16.500177,14,49.1951,16.6068,7.94,17.4
4133659468,49.305419,17.40683,9,49.2265,17.6625,20.52,29.2
1283695436,50.21916,12.884229,3,50.2327,12.8712,1.77,5.3
4035798348,49.427161,18.294173,12,49.8209,18.2625,43.84,57.9
2788991820,49.017947,15.576254,13,49.3961,15.5904,42.06,54.4
3715736396,48.82484,16.532808,14,49.1951,16.6068,41.52,42.9
1027842892,50.101372,14.430095,10,50.088,14.4208,1.63,6.1
1140437836,49.433372,15.230092,13,49.3961,15.5904,26.39,30.9
2730996300,49.045691,15.816146,13,49.3961,15.5904,42.27,51.2
3745751884,48.916976,14.132651,1,48.9745,14.4743,25.76,38.5
161325900,50.713733,15.31539,5,50.7671,15.0562,19.18,33.9
2960208460,50.152486,15.124043,11,50.0406,14.5567,42.34,46.7
2385421132,49.210785,16.497989,14,49.1951,16.6068,8.1,18.1
368771916,50.744609,15.496849,5,50.7671,15.0562,31.1,68.4
228868684,50.024738,15.18719,7,50.0343,15.7704,41.67,51.1
1710949196,50.744609,15.496849,5,50.7671,15.0562,31.1,68.4
2904277836,50.052523,15.750224,7,50.0343,15.7704,2.49,5.9
3605898060,50.511849,13.643515,4,50.6607,14.0328,32.08,39.5
3269305164,50.088818,17.704116,12,49.8209,18.2625,49.83,59.0
3041043276,49.728728,17.300823,8,49.5938,17.2509,15.43,23.1
3967656780,50.22438,15.802632,6,50.2104,15.8252,2.23,4.6
567190348,49.210813,16.499587,14,49.1951,16.6068,7.98,17.4
1909367628,49.210813,16.499587,14,49.1951,16.6068,7.98,17.4
2278466380,49.210736,16.497898,14,49.1951,16.6068,8.1,18.1
3651052364,49.019252,13.579574,1,48.9745,14.4743,65.46,77.2
1456382796,49.210785,16.497989,14,49.1951,16.6068,8.1,18.1
61383500,50.289115,14.449276,10,50.088,14.4208,22.45,36.1
2446238540,49.210813,16.499587,14,49.1951,16.6068,7.98,17.4
2534318924,50.21859,12.882876,3,50.2327,12.8712,1.78,6.3
4197545292,50.673154,14.040201,4,50.6607,14.0328,1.48,4.0
3895370572,50.68489,15.525831,5,50.7671,15.0562,34.3,64.5
3430851404,49.803105,18.235767,12,49.8209,18.2625,2.76,6.0
121545548,49.210785,16.497989,14,49.1951,16.6068,8.1,18.1
3037635404,49.204641,17.208612,9,49.2265,17.6625,33.06,50.9
3510543180,49.210736,16.497898,14,49.1951,16.6068,8.1,18.1
3358565196,48.766715,16.888997,14,49.1951,16.6068,51.9,43.1
3727598412,49.210785,16.497989,14,49.1951,16.6068,8.1,18.1
4148077388,49.210785,16.497989,14,49.1951,16.6068,8.1,18.1
3241124684,50.410032,15.926536,6,50.2104,15.8252,23.34,28.6
4163871564,48.766715,16.888997,14,49.1951,16.6068,51.9,43.1
3539968844,49.772928,16.927191,8,49.5938,17.2509,30.64,25.3
1584374604,50.61829,15.609593,5,50.7671,15.0562,42.35,66.3
3249804108,50.078366,14.30332,10,50.088,14.4208,8.45,19.4
3887817292,50.223754,15.783615,6,50.2104,15.8252,3.31,8.4
1713349452,49.210785,16.497989,14,49.1951,16.6068,8.1,18.1
632857420,50.769786,14.493789,4,50.6607,14.0328,34.65,53.4
3075449676,49.146554,16.973456,14,49.1951,16.6068,27.2,29.4
2510623308,49.176158,16.638013,14,49.1951,16.6068,3.1,9.2
1224254284,48.895625,13.9945,1,48.9745,14.4743,36.13,52.0
615822156,50.079324,14.483852,10,50.088,14.4208,4.6,12.6
56140620,49.210841,16.498933,14,49.1951,16.6068,8.03,18.1
7906124,49.210813,16.499587,14,49.1951,16.6068,7.98,17.4
2740495180,49.210813,16.499587,14,49.1951,16.6068,7.98,17.4
782869324,49.735962,14.666339,11,50.0406,14.5567,34.77,38.9
4225344332,49.210813,16.499587,14,49.1951,16.6068,7.98,17.4
3088904780,48.991314,15.98778,14,49.1951,16.6068,50.45,71.0
1940562764,49.247443,16.571958,14,49.1951,16.6068,6.35,12.5
2535105356,50.511928,14.054544,4,50.6607,14.0328,16.61,21.6
2676663116,49.210813,16.499587,14,49.1951,16.6068,7.98,17.4
2387256140,49.210813,16.499587,14,49.1951,16.6068,7.98,17.4
3427443532,49.210813,16.499587,14,49.1951,16.6068,7.98,17.4
444244812,49.210813,16.499587,14,49.1951,16.6068,7.98,17.4
206218060,49.210813,16.499587,14,49.1951,16.6068,7.98,17.4
1615504204,49.210813,16.499587,14,49.1951,16.6068,7.98,17.4
2890572620,49.210813,16.499587,14,49.1951,16.6068,7.98,17.4
2454365004,49.210813,16.499587,14,49.1951,16.6068,7.98,17.4
558539596,49.210813,16.499587,14,49.1951,16.6068,7.98,17.4
1349165900,49.872942,14.675943,11,50.0406,14.5567,20.5,26.9
1800053580,49.210813,16.499587,14,49.1951,16.6068,7.98,17.4
55223116,49.210813,16.499587,14,49.1951,16.6068,7.98,17.4
3500909388,50.251921,14.312805,10,50.088,14.4208,19.78,33.3
2561385292,49.834191,17.401723,8,49.5938,17.2509,28.85,40.5
1839965004,50.251921,14.312805,10,50.088,14.4208,19.78,33.3
273326924,49.210813,16.499587,14,49.1951,16.6068,7.98,17.4
1917494092,49.210813,16.499587,14,49.1951,16.6068,7.98,17.4
3864699724,49.210813,16.499587,14,49.1951,16.6068,7.98,17.4
377345100,50.230105,12.866589,3,50.2327,12.8712,0.44,1.0
1398514508,49.586335,17.25915,8,49.5938,17.2509,1.02,3.2
563053388,50.112834,17.379766,8,49.5938,17.2509,58.45,85.0
2713682764,48.640158,14.224036,1,48.9745,14.4743,41.45,58.2
2794423116,50.112834,17.379766,8,49.5938,17.2509,58.45,85.0
853881420,50.702337,15.317869,5,50.7671,15.0562,19.77,32.8
114770508,49.944175,15.665254,7,50.0343,15.7704,12.53,17.8
3667554892,50.732373,15.152958,5,50.7671,15.0562,7.83,14.0
2893329228,50.214072,12.625993,3,50.2327,12.8712,17.57,23.4
3230343756,50.732373,15.152958,5,50.7671,15.0562,7.83,14.0
3918209612,50.732373,15.152958,5,50.7671,15.0562,7.83,14.0
3970282316,50.123528,12.354573,3,50.2327,12.8712,38.74,33.2
3417748300,50.777888,14.226617,4,50.6607,14.0328,18.87,27.6
1014149964,50.225957,17.201559,8,49.5938,17.2509,70.38,104.2
933606220,50.50085,13.697843,4,50.6607,14.0328,29.59,35.4
21410636,48.912026,13.897346,1,48.9745,14.4743,42.71,59.1
1408676684,49.791543,17.438836,8,49.5938,17.2509,25.81,37.8
2537993036,50.47403,16.181854,6,50.2104,15.8252,38.73,51.3
1800536652,50.627744,15.608711,5,50.7671,15.0562,41.89,67.6
3002147660,49.677637,18.670785,12,49.8209,18.2625,33.38,39.2
2650440268,48.640416,14.224007,1,48.9745,14.4743,41.42,58.2
2864165708,50.729158,15.47905,5,50.7671,15.0562,30.05,55.3
1532625484,50.205552,15.795666,6,50.2104,15.8252,2.17,3.8
489141068,50.729207,15.451991,5,50.7671,15.0562,28.16,52.7
2360390476,48.955435,14.504797,1,48.9745,14.4743,3.07,7.1
2911941452,49.964842,12.701299,3,50.2327,12.8712,32.16,45.2
494973772,48.955435,14.504797,1,48.9745,14.4743,3.07,7.1
1505211212,50.729158,15.47905,5,50.7671,15.0562,30.05,55.3
20034380,50.466474,13.424172,3,50.2327,12.8712,47.07,56.2
1380188748,49.239438,16.530782,14,49.1951,16.6068,7.4,14.8
981513036,49.184206,16.562735,14,49.1951,16.6068,3.42,8.5
2122429260,49.781975,18.250351,12,49.8209,18.2625,4.42,10.2
4096897868,50.264373,17.271182,8,49.5938,17.2509,74.58,116.0
132387404,49.237413,16.527327,14,49.1951,16.6068,7.45,13.9
1220305484,50.184072,12.642437,3,50.2327,12.8712,17.15,17.9
3549606732,50.410032,15.926536,6,50.2104,15.8252,23.34,28.6
1932702540,50.498906,13.639358,4,50.6607,14.0328,33.1,41.0
141407052,50.628765,15.813869,6,50.2104,15.8252,46.53,56.1
2589176652,49.981586,12.701273,3,50.2327,12.8712,30.44,42.7
3854778956,49.963037,16.984929,8,49.5938,17.2509,45.28,48.0
2823598924,49.699776,16.430852,14,49.1951,16.6068,57.54,75.0
1741550156,50.236268,14.862225,11,50.0406,14.5567,30.78,44.4
950698572,49.293872,13.14353,2,49.7384,13.3736,52.15,57.9
3415061324,50.087688,12.3795,3,50.2327,12.8712,38.56,32.2
4220367692,50.112699,12.355475,3,50.2327,12.8712,39.08,32.4
3682275916,49.176517,16.59221,14,49.1951,16.6068,2.32,7.0
3101545036,49.182212,16.562528,14,49.1951,16.6068,3.52,8.4
1889882700,49.824202,14.050885,10,50.088,14.4208,39.51,50.6
2110698316,50.643274,15.610009,5,50.7671,15.0562,41.36,66.8
4037161548,50.751645,14.559174,5,50.7671,15.0562,35.0,44.1
2234430284,50.67148,15.916851,6,50.2104,15.8252,51.68,61.9
3371684428,49.345231,16.431355,14,49.1951,16.6068,20.99,28.4
4047950412,49.345231,16.431355,14,49.1951,16.6068,20.99,28.4
3038790732,49.211519,16.603772,14,49.1951,16.6068,1.84,4.7
171983948,49.211519,16.603772,14,49.1951,16.6068,1.84,4.7
1003467596,49.964017,12.6905,3,50.2327,12.8712,32.54,45.7
1459598156,49.065106,17.451216,9,49.2265,17.6625,23.63,35.8
829047372,50.123675,12.353451,3,50.2327,12.8712,38.81,33.3
1933095756,50.686668,14.53422,4,50.6607,14.0328,35.45,56.8
1415099212,49.527588,17.587197,8,49.5938,17.2509,25.35,27.8
3559895884,49.395359,13.30337,2,49.7384,13.3736,38.48,42.5
1291432780,50.179782,17.525547,12,49.8209,18.2625,66.08,76.3
3690640204,49.980875,17.364081,8,49.5938,17.2509,43.8,63.5
1324004172,50.10564,17.44563,8,49.5938,17.2509,58.6,80.0
792994380,49.980875,17.364081,8,49.5938,17.2509,43.8,63.5
707441484,50.781693,14.171135,4,50.6607,14.0328,16.61,29.5
1072345932,50.10564,17.44563,8,49.5938,17.2509,58.6,80.0
912962380,50.66204,13.846959,4,50.6607,14.0328,13.1,19.9
3018416716,50.18311,14.67695,11,50.0406,14.5567,18.02,28.1
4191793996,50.179782,17.525547,12,49.8209,18.2625,66.08,76.3
344699724,50.235336,14.963546,11,50.0406,14.5567,36.19,45.8
1000620620,49.2023,17.581757,9,49.2265,17.6625,6.45,12.4
4112233292,50.689578,15.768276,5,50.7671,15.0562,50.86,101.9
2753839692,49.941037,15.628766,7,50.0343,15.7704,14.49,21.5
3349430860,48.975815,16.505489,14,49.1951,16.6068,25.48,27.8
129393228,50.208974,15.835577,6,50.2104,15.8252,0.76,2.3
592724556,48.805639,16.385585,14,49.1951,16.6068,46.22,52.4
342114892,49.237413,16.527327,14,49.1951,16.6068,7.45,13.9
3814998604,49.237413,16.527327,14,49.1951,16.6068,7.45,13.9
1737835084,50.379566,14.286052,10,50.088,14.4208,33.81,47.9
1370964556,50.084431,16.759262,8,49.5938,17.2509,64.96,69.8
3060548172,49.333311,17.578323,9,49.2265,17.6625,13.35,23.2
3282387532,50.223332,17.196579,8,49.5938,17.2509,70.11,103.2
4033102412,49.256648,13.908674,1,48.9745,14.4743,51.76,58.5
2692039244,50.302035,12.556698,3,50.2327,12.8712,23.65,38.1
3422896716,49.10167,16.384689,14,49.1951,16.6068,19.21,30.0
3754246732,49.66691,13.966724,2,49.7384,13.3736,43.39,61.5
4010099276,49.101444,16.377519,14,49.1951,16.6068,19.66,29.4
2091192908,49.740386,13.398475,2,49.7384,13.3736,1.8,4.9
509977932,49.168629,16.727314,14,49.1951,16.6068,9.24,16.8
2915385932,49.66691,13.966724,2,49.7384,13.3736,43.39,61.5
1543848524,49.101444,16.377519,14,49.1951,16.6068,19.66,29.4
2886025804,49.101444,16.377519,14,49.1951,16.6068,19.66,29.4
3570811468,48.968356,14.475517,1,48.9745,14.4743,0.69,1.7
1380799052,50.979888,14.290867,4,50.6607,14.0328,39.85,73.5
3177009740,50.979888,14.290867,4,50.6607,14.0328,39.85,73.5
125911628,50.233224,12.859264,3,50.2327,12.8712,0.85,2.6
3926405708,48.951433,14.911692,1,48.9745,14.4743,32.03,38.2
3866972748,50.979888,14.290867,4,50.6607,14.0328,39.85,73.5
363217484,49.110328,15.757411,13,49.3961,15.5904,34.01,42.2
3379970636,50.645364,15.607189,5,50.7671,15.0562,41.09,67.1
2716746316,50.643274,15.610009,5,50.7671,15.0562,41.36,66.8
494289484,49.780025,13.120528,2,49.7384,13.3736,18.76,26.5
3368501836,49.944175,15.665254,7,50.0343,15.7704,12.53,17.8
3586605644,50.56107,13.779748,4,50.6607,14.0328,21.01,25.0
1968652876,50.634151,13.843341,4,50.6607,14.0328,13.68,16.6
3541516876,49.060477,17.466499,9,49.2265,17.6625,23.33,34.9
281424460,50.769619,15.052222,5,50.7671,15.0562,0.4,3.5
499204684,49.434349,15.209889,13,49.3961,15.5904,27.85,34.4
3471901260,49.831045,18.286783,12,49.8209,18.2625,2.08,6.6
3955376716,50.221593,15.803507,6,50.2104,15.8252,1.98,5.5
2840420940,48.949286,14.468321,1,48.9745,14.4743,2.84,5.5
218251852,50.684657,15.530004,5,50.7671,15.0562,34.59,65.0
1760707148,49.177488,16.812138,14,49.1951,16.6068,15.05,18.0
2228834892,50.798025,14.406397,4,50.6607,14.0328,30.41,42.0
3088831052,49.104348,16.757371,14,49.1951,16.6068,14.89,23.6
581124684,48.639323,14.229322,1,48.9745,14.4743,41.36,59.5
3803959884,49.104348,16.757371,14,49.1951,16.6068,14.89,23.6
1755136588,49.333311,17.578323,9,49.2265,17.6625,13.35,23.2
1651462732,49.168629,16.727314,14,49.1951,16.6068,9.24,16.8
2023637580,50.401512,15.889384,6,50.2104,15.8252,21.73,25.3
1516189004,50.789965,15.070742,5,50.7671,15.0562,2.74,6.4
3207479884,50.229408,12.868803,3,50.2327,12.8712,0.4,2.1
1462649420,50.633966,13.843326,4,50.6607,14.0328,13.69,16.6
545391180,49.3411,16.432048,14,49.1951,16.6068,20.6,27.2
4149281356,49.3411,16.432048,14,49.1951,16.6068,20.6,27.2
2611954252,50.48363,13.429968,4,50.6607,14.0328,46.9,51.9
3439723084,49.3411,16.432048,14,49.1951,16.6068,20.6,27.2
734544460,49.087935,13.479915,2,49.7384,13.3736,72.74,98.2
3670557260,50.27121,12.780616,3,50.2327,12.8712,7.73,14.3
2620133964,50.701379,15.467692,5,50.7671,15.0562,29.87,53.0
2856739916,50.747427,15.059254,5,50.7671,15.0562,2.2,5.5
1923695180,50.236223,12.887805,3,50.2327,12.8712,1.24,3.0
2782143052,50.146871,14.099589,10,50.088,14.4208,23.82,37.5
3090875212,50.768727,15.06241,5,50.7671,15.0562,0.47,2.1
541123148,49.259782,15.238657,13,49.3961,15.5904,29.66,40.4
643879500,49.780051,13.980535,2,49.7384,13.3736,43.84,52.0
236536396,50.03653,15.411906,7,50.0343,15.7704,25.61,33.0
1636450892,49.296847,15.476904,13,49.3961,15.5904,13.76,23.5
1299726924,50.727096,15.119802,5,50.7671,15.0562,6.31,12.4
1037713996,49.559774,17.736641,8,49.5938,17.2509,35.23,32.3
1824211532,50.763274,15.038198,5,50.7671,15.0562,1.34,5.8
3186311756,49.94283,14.317497,10,50.088,14.4208,17.75,30.7
254935628,48.736929,14.486114,1,48.9745,14.4743,26.43,25.8
3601482316,50.409735,12.924457,3,50.2327,12.8712,20.05,27.5
2646295116,50.763274,15.038198,5,50.7671,15.0562,1.34,5.8
1283805772,49.32882,18.001948,9,49.2265,17.6625,27.13,40.4
3943223884,50.601194,15.69752,6,50.2104,15.8252,44.39,66.6
3781255756,49.971535,14.588306,11,50.0406,14.5567,8.0,17.5
1644905036,50.073008,14.858983,11,50.0406,14.5567,21.88,35.2
98914892,49.68963,14.482689,11,50.0406,14.5567,39.39,60.2
2142589516,49.68963,14.482689,11,50.0406,14.5567,39.39,60.2
4055257676,50.078159,14.87087,11,50.0406,14.5567,22.81,36.4
865555020,50.238534,12.867842,3,50.2327,12.8712,0.69,3.0
3769905740,50.060344,15.761627,7,50.0343,15.7704,2.96,5.7
1606832716,50.560751,15.89959,6,50.2104,15.8252,39.31,46.2
2171785804,50.226596,12.852996,3,50.2327,12.8712,1.46,3.5
4262941260,50.498906,13.639358,4,50.6607,14.0328,33.1,41.0
1239437900,49.965687,12.695067,3,50.2327,12.8712,32.24,46.7
1759531596,49.965687,12.695067,3,50.2327,12.8712,32.24,46.7
1054888524,49.965687,12.695067,3,50.2327,12.8712,32.24,46.7
257970764,48.975393,17.210699,9,49.2265,17.6625,43.15,48.4
249582156,49.965687,12.695067,3,50.2327,12.8712,32.24,46.7
2933936716,49.965687,12.695067,3,50.2327,12.8712,32.24,46.7
2581615180,49.965687,12.695067,3,50.2327,12.8712,32.24,46.7
3470807628,49.965687,12.695067,3,50.2327,12.8712,32.24,46.7
2495828556,50.511281,14.061639,4,50.6607,14.0328,16.74,21.6
534794828,49.965687,12.695067,3,50.2327,12.8712,32.24,46.7
232804940,49.965687,12.695067,3,50.2327,12.8712,32.24,46.7
1876972108,49.965687,12.695067,3,50.2327,12.8712,32.24,46.7
3107549772,50.227734,12.859341,3,50.2327,12.8712,1.01,2.5
2282902092,48.854264,16.05716,14,49.1951,16.6068,55.16,58.7
4288090700,49.018625,13.578768,1,48.9745,14.4743,65.52,77.6
169038412,50.032318,15.556376,7,50.0343,15.7704,15.29,21.6
3807138380,49.297242,16.540318,14,49.1951,16.6068,12.34,15.8
1651778380,49.143811,16.655634,14,49.1951,16.6068,6.72,14.1
2039423564,50.07942,17.084698,8,49.5938,17.2509,55.3,70.6
3134149196,49.168629,16.727314,14,49.1951,16.6068,9.24,16.8
848761420,49.018625,13.578768,1,48.9745,14.4743,65.52,77.6
3608367692,50.634437,13.846201,4,50.6607,14.0328,13.48,15.9
2011791948,50.07942,17.084698,8,49.5938,17.2509,55.3,70.6
2796180812,50.07942,17.084698,8,49.5938,17.2509,55.3,70.6
1669091916,50.441441,13.050645,3,50.2327,12.8712,26.48,42.3
1384993356,50.441441,13.050645,3,50.2327,12.8712,26.48,42.3
4138553932,48.799449,16.629545,14,49.1951,16.6068,44.03,45.2
3908915788,48.640116,14.226756,1,48.9745,14.4743,41.37,58.1
3396162124,49.09267,17.133941,14,49.1951,16.6068,40.0,52.1
3070095948,49.218289,16.634984,14,49.1951,16.6068,3.29,8.7
797921868,50.026506,14.224885,10,50.088,14.4208,15.57,28.1
1612599884,49.915157,17.919732,12,49.8209,18.2625,26.71,33.3
3988738636,49.297508,16.773165,14,49.1951,16.6068,16.6,28.0
2749321804,49.168629,16.727314,14,49.1951,16.6068,9.24,16.8
4141830732,49.168629,16.727314,14,49.1951,16.6068,9.24,16.8
341791308,49.81214,13.399874,2,49.7384,13.3736,8.41,15.0
2187285068,49.963102,12.70314,3,50.2327,12.8712,32.29,46.2
1430213196,50.367163,12.916996,3,50.2327,12.8712,15.3,20.8
2269073996,49.159571,16.877908,14,49.1951,16.6068,20.1,24.2
4145566284,50.077241,14.43384,10,50.088,14.4208,1.52,8.2
3972747852,49.233297,17.676079,9,49.2265,17.6625,1.24,3.1
3045020236,49.168629,16.727314,14,49.1951,16.6068,9.24,16.8
13071692,49.165646,16.62066,14,49.1951,16.6068,3.43,9.6
121377612,50.484935,15.69671,6,50.2104,15.8252,31.86,43.9
2471494988,50.625352,15.816233,6,50.2104,15.8252,46.14,55.6
2951181644,49.165646,16.62066,14,49.1951,16.6068,3.43,9.6
1898870092,49.229073,16.648532,14,49.1951,16.6068,4.84,11.1
4255216972,49.165646,16.62066,14,49.1951,16.6068,3.43,9.6
3610576204,48.787949,13.956553,1,48.9745,14.4743,43.17,64.0
1995531340,50.747129,15.059017,5,50.7671,15.0562,2.23,5.4
2567009612,49.165647,16.620252,14,49.1951,16.6068,3.42,9.4
1892296012,50.703468,15.429589,5,50.7671,15.0562,27.21,47.0
1619649868,49.846936,18.286985,12,49.8209,18.2625,3.39,8.6
2391401804,49.846936,18.286985,12,49.8209,18.2625,3.39,8.6
4144170316,50.225747,12.877211,3,50.2327,12.8712,0.88,2.6
4108252492,49.846936,18.286985,12,49.8209,18.2625,3.39,8.6
2085619020,50.62535,15.816231,6,50.2104,15.8252,46.14,55.6
1114572108,50.304241,16.350436,6,50.2104,15.8252,38.77,57.1
4274783564,50.369041,12.822339,3,50.2327,12.8712,15.55,30.0
859448652,49.271582,16.592929,14,49.1951,16.6068,8.56,14.5
531043660,50.595899,16.0393,6,50.2104,15.8252,45.47,62.1
2590573900,50.081428,14.255021,10,50.088,14.4208,11.85,22.8
34800972,49.141177,16.665793,14,49.1951,16.6068,7.37,15.3
955323724,48.787458,16.681752,14,49.1951,16.6068,45.66,48.7
3413448012,50.775753,15.086659,5,50.7671,15.0562,2.35,5.0
139273548,49.259766,16.622121,14,49.1951,16.6068,7.28,14.2
297669964,50.693449,15.733144,5,50.7671,15.0562,48.34,105.9
2245596492,50.48229,13.420336,4,50.6607,14.0328,47.59,53.7
2632422732,49.472239,17.086672,8,49.5938,17.2509,17.98,21.3
763442508,50.733497,15.448076,5,50.7671,15.0562,27.82,55.3
2611553612,49.259392,14.723433,1,48.9745,14.4743,36.5,28.1
3661899084,49.667917,15.395858,13,49.3961,15.5904,33.33,45.9
2970694988,50.289482,17.324943,8,49.5938,17.2509,77.54,116.0
3770623308,48.639323,14.229322,1,48.9745,14.4743,41.36,59.5
64865612,50.60775,13.749924,4,50.6607,14.0328,20.8,26.1
2985309516,49.227711,17.318991,9,49.2265,17.6625,24.95,40.9
2569061708,50.649395,13.836905,4,50.6607,14.0328,13.87,19.7
1697045084,50.224034,12.883694,3,50.2327,12.8712,1.31,3.9
2160346188,48.854486,17.126515,14,49.1951,16.6068,53.58,55.7
245794124,50.363453,12.841154,3,50.2327,12.8712,14.69,32.1
1939681868,49.863263,18.095734,12,49.8209,18.2625,12.85,21.2
2004276556,50.223844,12.181,3,50.2327,12.8712,49.11,49.4
4117615948,49.166207,16.621303,14,49.1951,16.6068,3.38,9.1
782161228,49.165647,16.620252,14,49.1951,16.6068,3.42,9.4
2816545612,50.147971,13.906456,10,50.088,14.4208,37.27,40.4
3549680972,48.861807,17.126387,14,49.1951,16.6068,53.0,56.2
3365852492,50.641551,15.608983,5,50.7671,15.0562,41.36,66.6
946538844,50.304207,15.831626,6,50.2104,15.8252,10.44,15.2
3174233420,49.571354,15.93641,13,49.3961,15.5904,31.69,45.1
2796934476,49.973872,16.393607,7,50.0343,15.7704,45.04,62.6
2282935628,50.726149,15.609441,5,50.7671,15.0562,39.19,80.8
2368927052,49.571823,15.935495,13,49.3961,15.5904,31.67,45.3
299427148,50.160502,14.31447,10,50.088,14.4208,11.07,21.4
2570421580,50.224375,12.883903,3,50.2327,12.8712,1.29,3.8
1389766476,49.834191,17.401723,8,49.5938,17.2509,28.85,40.5
679474508,49.254644,14.724454,1,48.9745,14.4743,36.08,28.7
3964704076,48.787703,14.779968,1,48.9745,14.4743,30.51,41.8
1044550988,48.642342,14.222608,1,48.9745,14.4743,41.28,59.6
3291972940,48.6471,14.2211,1,48.9745,14.4743,40.85,59.6
1120158796,48.854486,17.126515,14,49.1951,16.6068,53.58,55.7
1189808476,50.303953,15.830491,6,50.2104,15.8252,10.41,15.2
1714233932,49.422195,18.319828,12,49.8209,18.2625,44.53,55.5
606438732,48.6471,14.2211,1,48.9745,14.4743,40.85,59.6
1141666892,48.641644,14.223625,1,48.9745,14.4743,41.31,58.8
3791086668,50.081126,14.256725,10,50.088,14.4208,11.73,22.5
1807381580,48.642571,14.221741,1,48.9745,14.4743,41.28,59.2
1123689548,49.961196,12.69643,3,50.2327,12.8712,32.66,46.6
2484453964,49.548032,18.211439,12,49.8209,18.2625,30.56,40.6
3581603164,50.04629,13.361989,2,49.7384,13.3736,34.25,52.9
4093256780,49.961196,12.69643,3,50.2327,12.8712,32.66,46.6
3204064332,50.757917,14.189354,4,50.6607,14.0328,15.44,24.9
1408902220,49.961196,12.69643,3,50.2327,12.8712,32.66,46.6
3319026764,49.592574,17.249604,8,49.5938,17.2509,0.17,1.9
3620217420,50.14211,14.063453,10,50.088,14.4208,26.18,36.9
2717529164,48.640796,14.222163,1,48.9745,14.4743,41.45,58.7
1341295452,49.587505,17.291273,8,49.5938,17.2509,2.99,6.6
2786256460,50.55658,14.032321,4,50.6607,14.0328,11.58,17.0
2397433436,50.186502,12.753489,3,50.2327,12.8712,9.83,13.8
3759031884,50.388319,13.172993,3,50.2327,12.8712,27.54,33.4
1780176716,50.781265,15.420634,5,50.7671,15.0562,25.67,46.5
2724537932,50.081047,12.369468,3,50.2327,12.8712,39.52,30.4
4011152972,49.218698,13.304562,2,49.7384,13.3736,58.0,65.5
330795356,50.600386,15.329979,5,50.7671,15.0562,26.75,39.4
1182461276,50.04629,13.361989,2,49.7384,13.3736,34.25,52.9
3704811100,49.981586,12.701273,3,50.2327,12.8712,30.44,42.7
2406404940,50.147335,14.10285,10,50.088,14.4208,23.61,36.8
547275340,49.548032,18.211439,12,49.8209,18.2625,30.56,40.6
2379411036,49.981586,12.701273,3,50.2327,12.8712,30.44,42.7
2352882252,50.161646,14.133621,10,50.088,14.4208,22.05,35.1
2681400924,49.981586,12.701273,3,50.2327,12.8712,30.44,42.7
2528780876,49.975205,16.408122,7,50.0343,15.7704,46.05,64.5
2326696524,48.820302,14.324885,1,48.9745,14.4743,20.33,23.2
1419453004,49.210618,16.496886,14,49.1951,16.6068,8.17,18.0
4258996812,49.852416,14.706071,11,50.0406,14.5567,23.5,26.2
2295505484,50.430521,15.589213,6,50.2104,15.8252,29.66,38.4
2706907724,50.686159,13.881589,4,50.6607,14.0328,11.03,17.0
3777700428,49.210618,16.496886,14,49.1951,16.6068,8.17,18.0
2737513036,49.210618,16.496886,14,49.1951,16.6068,8.17,18.0
281748044,49.297508,16.773165,14,49.1951,16.6068,16.6,28.0
443228748,49.211029,16.498464,14,49.1951,16.6068,8.07,18.1
3010142796,49.210618,16.496885,14,49.1951,16.6068,8.17,18.0
1619341900,49.210618,16.496885,14,49.1951,16.6068,8.17,18.0
1122251340,50.235288,12.852063,3,50.2327,12.8712,1.39,3.5
2788635212,49.007437,13.994774,1,48.9745,14.4743,35.18,45.4
2889298508,49.297508,16.773165,14,49.1951,16.6068,16.6,28.0
2191340108,49.863263,18.095734,12,49.8209,18.2625,12.85,21.2
136786508,49.007437,13.994774,1,48.9745,14.4743,35.18,45.4
3494130252,49.297508,16.773165,14,49.1951,16.6068,16.6,28.0
1168388684,50.152641,15.124177,11,50.0406,14.5567,42.35,46.8
2486645324,49.007437,13.994774,1,48.9745,14.4743,35.18,45.4
3917259340,50.415891,12.964186,3,50.2327,12.8712,21.41,32.3
2334208588,49.297508,16.773165,14,49.1951,16.6068,16.6,28.0
71688780,49.050376,16.500597,14,49.1951,16.6068,17.85,23.6
2447520332,49.599098,17.235531,8,49.5938,17.2509,1.25,4.3
118698572,50.161963,14.311096,10,50.088,14.4208,11.35,21.8
878785100,48.748456,16.869774,14,49.1951,16.6068,53.24,47.8
1181852236,50.430522,15.589214,6,50.2104,15.8252,29.66,38.4
312291916,49.863263,18.095734,12,49.8209,18.2625,12.85,21.2
4254937676,49.863263,18.095734,12,49.8209,18.2625,12.85,21.2
1654469196,49.863263,18.095734,12,49.8209,18.2625,12.85,21.2
3449631308,49.860326,18.096064,12,49.8209,18.2625,12.72,21.7
597504588,49.863263,18.095734,12,49.8209,18.2625,12.85,21.2
3321645404,49.938777,17.884693,12,49.8209,18.2625,30.08,38.6
2291389004,50.763274,15.038198,5,50.7671,15.0562,1.34,5.8
1197658700,50.763274,15.038198,5,50.7671,15.0562,1.34,5.8
3146265164,50.662003,14.041152,4,50.6607,14.0328,0.61,1.0
10302028,49.860326,18.096064,12,49.8209,18.2625,12.72,21.7
1259876940,49.311863,14.14313,1,48.9745,14.4743,44.58,51.0
941109836,49.311863,14.14313,1,48.9745,14.4743,44.58,51.0
4294681164,49.601956,13.864299,2,49.7384,13.3736,38.43,52.1
2130420300,49.601956,13.864299,2,49.7384,13.3736,38.43,52.1
964318284,50.184645,12.554908,3,50.2327,12.8712,23.13,29.4
135803468,49.311863,14.14313,1,48.9745,14.4743,44.58,51.0
2820158028,49.311863,14.14313,1,48.9745,14.4743,44.58,51.0
1836724812,49.267916,13.879234,1,48.9745,14.4743,54.22,61.4
2936681036,49.138086,13.230439,2,49.7384,13.3736,67.55,78.0
561656396,49.267916,13.879234,1,48.9745,14.4743,54.22,61.4
2793026124,49.267916,13.879234,1,48.9745,14.4743,54.22,61.4
3715773004,49.267916,13.879234,1,48.9745,14.4743,54.22,61.4
91894348,49.267916,13.879234,1,48.9745,14.4743,54.22,61.4
3279565388,49.267916,13.879234,1,48.9745,14.4743,54.22,61.4
4042994252,50.234087,12.8705,3,50.2327,12.8712,0.16,0.6
443167308,49.267916,13.879234,1,48.9745,14.4743,54.22,61.4
2272932428,49.267916,13.879234,1,48.9745,14.4743,54.22,61.4
301675084,50.225738,12.877214,3,50.2327,12.8712,0.88,2.6
1996173900,50.221167,12.888007,3,50.2327,12.8712,1.75,3.9
2867540556,50.234192,12.870426,3,50.2327,12.8712,0.17,0.6
3522900556,50.227524,12.874126,3,50.2327,12.8712,0.61,3.1
2197500492,50.227524,12.874126,3,50.2327,12.8712,0.61,3.1
3237687884,50.225738,12.877214,3,50.2327,12.8712,0.88,2.6
3865784908,50.221946,15.802045,6,50.2104,15.8252,2.09,6.0
3228877388,50.221946,15.802045,6,50.2104,15.8252,2.09,6.0
2720477772,49.007437,13.994774,1,48.9745,14.4743,35.18,45.4
3809161804,49.007437,13.994774,1,48.9745,14.4743,35.18,45.4
309015116,50.221753,15.802781,6,50.2104,15.8252,2.03,5.6
3158622796,49.546713,15.355626,13,49.3961,15.5904,23.84,27.0
2393162316,50.780078,15.407051,5,50.7671,15.0562,24.71,47.2
716489292,49.595722,17.244106,8,49.5938,17.2509,0.53,2.2
351523404,50.763274,15.038198,5,50.7671,15.0562,1.34,5.8
3184640588,49.38261,14.702861,1,48.9745,14.4743,48.33,38.8
2490417740,50.192713,15.041653,11,50.0406,14.5567,38.49,48.6
240960076,50.155468,14.57451,11,50.0406,14.5567,12.84,28.4
358859340,48.979896,16.51071,14,49.1951,16.6068,24.93,26.7
2565653068,49.595722,17.244106,8,49.5938,17.2509,0.53,2.2
2106114636,49.798418,12.625663,3,50.2327,12.8712,51.38,68.7
2287780428,50.155468,14.57451,11,50.0406,14.5567,12.84,28.4
1331216972,49.007589,14.49128,1,48.9745,14.4743,3.88,8.1
1749992012,50.95232,14.558398,5,50.7671,15.0562,40.56,53.3
2727912012,48.759655,16.874956,14,49.1951,16.6068,52.22,46.4
202691148,49.028379,17.210381,9,49.2265,17.6625,39.59,50.8
681493068,50.695919,15.738826,5,50.7671,15.0562,48.69,105.4
3187393100,48.788593,13.952772,1,48.9745,14.4743,43.38,63.5
263574092,49.028379,17.210381,9,49.2265,17.6625,39.59,50.8
2510996044,49.748923,13.380018,2,49.7384,13.3736,1.26,5.3
1625674316,49.201192,16.622232,14,49.1951,16.6068,1.31,4.9
970314316,49.028379,17.210381,9,49.2265,17.6625,39.59,50.8
135647820,49.201192,16.622232,14,49.1951,16.6068,1.31,4.9
2455163468,50.103818,14.475155,10,50.088,14.4208,4.26,10.8
1067962956,50.407075,12.982568,3,50.2327,12.8712,20.94,32.7
2555826764,50.103818,14.475155,10,50.088,14.4208,4.26,10.8
3111838284,50.077333,12.365421,3,50.2327,12.8712,39.96,32.0
1386730060,50.103818,14.475155,10,50.088,14.4208,4.26,10.8
3387417164,49.050376,16.500597,14,49.1951,16.6068,17.85,23.6
4190008652,49.25146,16.579306,14,49.1951,16.6068,6.58,11.6
867160652,50.663684,15.593501,5,50.7671,15.0562,39.54,69.7
955830860,50.155468,14.57451,11,50.0406,14.5567,12.84,28.4
1706283596,49.954548,16.161371,7,50.0343,15.7704,29.32,37.6
4210983500,49.293872,13.14353,2,49.7384,13.3736,52.15,57.9
3249381964,49.21178,16.621639,14,49.1951,16.6068,2.15,6.5
4040151628,49.793548,14.169096,10,50.088,14.4208,37.37,42.8
3803173452,50.663684,15.593501,5,50.7671,15.0562,39.54,69.7
897438284,50.663684,15.593501,5,50.7671,15.0562,39.54,69.7
2616775244,50.155468,14.57451,11,50.0406,14.5567,12.84,28.4
2537542220,49.951092,15.795575,7,50.0343,15.7704,9.43,15.3
2697974348,49.793548,14.169096,10,50.088,14.4208,37.37,42.8
294376012,49.222597,16.530689,14,49.1951,16.6068,6.32,13.0
3981722700,49.205538,16.591281,14,49.1951,16.6068,1.62,3.9
2434024524,49.20456,16.593728,14,49.1951,16.6068,1.42,4.2
3236185164,49.20456,16.593728,14,49.1951,16.6068,1.42,4.2
4111746124,49.205538,16.591281,14,49.1951,16.6068,1.62,3.9
749003340,50.663684,15.593501,5,50.7671,15.0562,39.54,69.7
4156940876,49.959939,14.320313,10,50.088,14.4208,15.95,26.9
3925140044,50.663684,15.593501,5,50.7671,15.0562,39.54,69.7
3893642316,49.205538,16.591281,14,49.1951,16.6068,1.62,3.9
2960904780,50.663684,15.593501,5,50.7671,15.0562,39.54,69.7
3375092300,50.663684,15.593501,5,50.7671,15.0562,39.54,69.7
3953582668,50.155468,14.57451,11,50.0406,14.5567,12.84,28.4
3887391308,50.663684,15.593501,5,50.7671,15.0562,39.54,69.7
1056236108,50.650085,15.605046,5,50.7671,15.0562,40.78,67.7
52879948,50.237885,17.207029,8,49.5938,17.2509,71.69,106.6
950461004,50.155468,14.57451,11,50.0406,14.5567,12.84,28.4
2237063756,49.050376,16.500597,14,49.1951,16.6068,17.85,23.6
3758138188,49.050376,16.500597,14,49.1951,16.6068,17.85,23.6
35119692,49.050376,16.500597,14,49.1951,16.6068,17.85,23.6
3575112268,49.050376,16.500597,14,49.1951,16.6068,17.85,23.6
3770147404,49.259782,15.238657,13,49.3961,15.5904,29.66,40.4
2664620620,49.189213,16.623484,14,49.1951,16.6068,1.38,5.6
2063524428,50.161646,14.133621,10,50.088,14.4208,22.05,35.1
4263043660,50.14211,14.063453,10,50.088,14.4208,26.18,36.9
2568544844,50.14211,14.063453,10,50.088,14.4208,26.18,36.9
2904089164,50.14211,14.063453,10,50.088,14.4208,26.18,36.9
219734604,50.14211,14.063453,10,50.088,14.4208,26.18,36.9
588833356,50.14211,14.063453,10,50.088,14.4208,26.18,36.9
2182668876,50.14211,14.063453,10,50.088,14.4208,26.18,36.9
4104774220,49.535091,15.357229,13,49.3961,15.5904,22.86,23.6
303620684,50.14211,14.063453,10,50.088,14.4208,26.18,36.9
1176035916,50.14211,14.063453,10,50.088,14.4208,26.18,36.9
3851018828,49.535091,15.357229,13,49.3961,15.5904,22.86,23.6
1931010636,50.14211,14.063453,10,50.088,14.4208,26.18,36.9
2590430540,49.846936,18.286985,12,49.8209,18.2625,3.39,8.6
1172955724,50.624906,15.816135,6,50.2104,15.8252,46.1,55.5
488305996,49.846936,18.286985,12,49.8209,18.2625,3.39,8.6
104456780,49.535091,15.357229,13,49.3961,15.5904,22.86,23.6
2487935564,50.077333,12.365421,3,50.2327,12.8712,39.96,32.0
3100369484,49.220765,16.587518,14,49.1951,16.6068,3.18,6.6
181699148,50.769426,14.539818,5,50.7671,15.0562,36.32,41.2
2944066124,50.077333,12.365421,3,50.2327,12.8712,39.96,32.0
1786438220,50.077333,12.365421,3,50.2327,12.8712,39.96,32.0
2321019468,50.614881,13.825325,4,50.6607,14.0328,15.49,18.6
3905417804,50.500789,14.81056,5,50.7671,15.0562,34.31,43.1
1652286028,49.659898,12.969669,2,49.7384,13.3736,30.33,33.0
3969970764,48.852573,16.882603,14,49.1951,16.6068,43.07,38.5
4192268876,48.790463,13.949711,1,48.9745,14.4743,43.48,63.3
3024613964,49.961456,12.668477,3,50.2327,12.8712,33.45,43.7
415298124,50.224007,13.405711,3,50.2327,12.8712,38.03,48.1
424866380,49.186836,16.612909,14,49.1951,16.6068,1.02,4.0
1534989388,48.857615,17.124023,14,49.1951,16.6068,53.2,55.3
2638529100,49.20575,17.531629,9,49.2265,17.6625,9.78,18.5
1699615820,48.857775,17.112586,14,49.1951,16.6068,52.6,54.3
2440462924,50.769494,14.539791,5,50.7671,15.0562,36.32,41.2
3460948812,49.20575,17.531629,9,49.2265,17.6625,9.78,18.5
1382589004,50.019447,15.213099,7,50.0343,15.7704,39.84,49.7
2456482380,50.165009,14.719563,11,50.0406,14.5567,18.06,31.8
912978508,50.165009,14.719563,11,50.0406,14.5567,18.06,31.8
3731550796,50.165009,14.719563,11,50.0406,14.5567,18.06,31.8
829719116,49.195748,16.593967,14,49.1951,16.6068,0.94,2.9
873722444,49.307059,16.545193,14,49.1951,16.6068,13.23,20.1
4173591116,49.137499,13.231147,2,49.7384,13.3736,67.61,77.5
1998603340,49.211519,16.603772,14,49.1951,16.6068,1.84,4.7
1814053964,49.213199,16.603573,14,49.1951,16.6068,2.03,5.4
2636137548,49.211519,16.603772,14,49.1951,16.6068,1.84,4.7
2164752972,49.667917,15.395858,13,49.3961,15.5904,33.33,45.9
1964016204,49.222597,16.530689,14,49.1951,16.6068,6.32,13.0
2966192716,49.216483,16.559492,14,49.1951,16.6068,4.18,8.1
1354462540,50.62475,13.818018,4,50.6607,14.0328,15.66,19.3
3335291468,49.216483,16.559492,14,49.1951,16.6068,4.18,8.1
838500940,48.637059,14.224493,1,48.9745,14.4743,41.74,58.2
3891954252,48.637059,14.224493,1,48.9745,14.4743,41.74,58.2
956072524,49.216483,16.559492,14,49.1951,16.6068,4.18,8.1
1181254220,49.569081,17.247665,8,49.5938,17.2509,2.76,6.8
2288550476,49.568141,17.245128,8,49.5938,17.2509,2.88,6.6
2680599116,48.667727,14.164119,1,48.9745,14.4743,40.98,51.7
4060185164,49.356143,16.013261,13,49.3961,15.5904,30.94,28.6
1224639052,49.293872,13.14353,2,49.7384,13.3736,52.15,57.9
2399044172,49.293872,13.14353,2,49.7384,13.3736,52.15,57.9
2717549132,48.637059,14.224493,1,48.9745,14.4743,41.74,58.2
2214232652,48.638832,14.230971,1,48.9745,14.4743,41.36,58.9
1024193868,49.787487,12.643642,3,50.2327,12.8712,52.11,70.0
403678284,49.78701,12.641765,3,50.2327,12.8712,52.2,70.5
3657470540,49.217855,16.602066,14,49.1951,16.6068,2.55,6.3
3568349772,49.353991,14.704077,1,48.9745,14.4743,45.38,36.1
952209996,50.695396,15.737185,5,50.7671,15.0562,48.59,105.5
427668044,50.825879,14.873807,5,50.7671,15.0562,14.39,18.2
762884684,50.62475,13.818018,4,50.6607,14.0328,15.66,19.3
2816709196,49.286059,13.144884,2,49.7384,13.3736,52.94,58.7
67412556,50.015616,14.787985,11,50.0406,14.5567,16.75,32.9
3096351308,50.641668,15.609179,5,50.7671,15.0562,41.36,66.2
1079218764,50.304644,16.350643,6,50.2104,15.8252,38.8,57.0
2538476620,48.857775,17.112586,14,49.1951,16.6068,52.6,54.3
1159111244,49.299604,17.397054,9,49.2265,17.6625,20.91,30.6
2724230476,49.594467,17.240359,8,49.5938,17.2509,0.76,2.5
1403204172,48.758969,16.882033,14,49.1951,16.6068,52.49,46.1
1215005516,50.624778,13.817306,4,50.6607,14.0328,15.71,19.2
4075536972,48.758969,16.882033,14,49.1951,16.6068,52.49,46.1
421896780,50.693449,15.733144,5,50.7671,15.0562,48.34,105.9
3843465804,49.299604,17.397054,9,49.2265,17.6625,20.91,30.6
2034082380,50.104845,17.454216,8,49.5938,17.2509,58.67,79.9
1388552780,49.201192,16.622232,14,49.1951,16.6068,1.31,4.9
2428740172,49.201192,16.622232,14,49.1951,16.6068,1.31,4.9
1653433676,49.006605,15.254718,13,49.3961,15.5904,49.7,69.4
4041262156,49.331208,13.208416,2,49.7384,13.3736,46.82,52.6
601932876,49.331208,13.208416,2,49.7384,13.3736,46.82,52.6
63353420,48.820302,14.324885,1,48.9745,14.4743,20.33,23.2
623330636,50.077928,14.121163,10,50.088,14.4208,21.41,31.7
1996927564,49.201192,16.622232,14,49.1951,16.6068,1.31,4.9
292794956,49.972872,12.702813,3,50.2327,12.8712,31.29,44.8
1785115212,49.630577,16.504242,14,49.1951,16.6068,48.99,58.4
3640373836,50.01037,15.953877,7,50.0343,15.7704,13.38,23.0
3808301900,49.788998,18.388396,12,49.8209,18.2625,9.71,16.0
3974427212,50.62475,13.818018,4,50.6607,14.0328,15.66,19.3
3157214540,49.838366,18.306868,12,49.8209,18.2625,3.73,9.9
1714373964,49.838366,18.306868,12,49.8209,18.2625,3.73,9.9
55735628,48.740576,14.488527,1,48.9745,14.4743,26.03,25.2
559052108,48.740576,14.488527,1,48.9745,14.4743,26.03,25.2
257508684,50.161923,16.946033,8,49.5938,17.2509,66.84,79.0
3777844556,49.709502,17.076978,8,49.5938,17.2509,17.95,21.7
3966653772,50.663657,15.593641,5,50.7671,15.0562,39.55,69.7
3608892748,49.447967,17.445715,8,49.5938,17.2509,21.46,26.4
827200588,48.857775,17.112586,14,49.1951,16.6068,52.6,54.3
1233544524,49.387057,14.688116,1,48.9745,14.4743,48.44,38.6
2851104076,49.331852,13.208637,2,49.7384,13.3736,46.75,52.2
266364236,49.264885,13.389113,2,49.7384,13.3736,52.66,63.9
2174039372,50.072118,17.093377,8,49.5938,17.2509,54.37,70.3
719480140,49.932032,14.562893,11,50.0406,14.5567,12.08,22.5
3171837260,49.667917,15.395858,13,49.3961,15.5904,33.33,45.9
2148427084,49.667917,15.395858,13,49.3961,15.5904,33.33,45.9
1016537932,50.56716,15.544426,5,50.7671,15.0562,40.97,67.0
2676609868,50.035147,14.505832,11,50.0406,14.5567,3.68,8.5
3094987596,50.087399,14.561061,11,50.0406,14.5567,5.21,15.3
3842384716,50.023523,14.494566,11,50.0406,14.5567,4.83,12.1
801182540,50.106823,14.487924,10,50.088,14.4208,5.23,10.9
3325109068,50.083894,14.413526,10,50.088,14.4208,0.69,3.4
1609634636,50.05227,14.461297,10,50.088,14.4208,4.91,14.4
4073919308,50.089223,14.468753,10,50.088,14.4208,3.42,9.8
2014384972,50.033682,14.479527,11,50.0406,14.5567,5.57,12.3
1729172300,50.090288,14.473048,10,50.088,14.4208,3.74,10.5
3817132876,50.07226,14.480817,10,50.088,14.4208,4.63,13.2
1518125900,50.05432,14.354862,10,50.088,14.4208,6.01,16.6
1203360588,50.017482,14.52528,11,50.0406,14.5567,3.41,9.6
3861799500,50.056921,14.461236,10,50.088,14.4208,4.5,12.5
2893091660,50.044437,14.336793,10,50.088,14.4208,7.71,18.0
768009036,50.071453,14.408455,10,50.088,14.4208,2.04,7.3
2612417100,50.115748,14.468445,10,50.088,14.4208,4.59,11.9
1604199244,50.0285,14.594272,11,50.0406,14.5567,3.0,7.6
3345683276,50.075749,14.445976,10,50.088,14.4208,2.25,9.2
778113868,50.016149,14.530195,11,50.0406,14.5567,3.31,9.3
3533026124,50.100676,14.417406,10,50.088,14.4208,1.43,5.2
1559827276,50.087399,14.561061,11,50.0406,14.5567,5.21,15.3
1132041036,50.029865,14.606651,11,50.0406,14.5567,3.76,8.8
2876212044,50.047673,14.558939,11,50.0406,14.5567,0.8,3.0
3059209036,50.037448,14.413369,10,50.088,14.4208,5.65,13.4
2947683148,50.067038,14.401919,10,50.088,14.4208,2.69,8.7
2757882700,50.051036,14.344418,10,50.088,14.4208,6.83,17.1
4221702988,50.080557,14.452493,10,50.088,14.4208,2.41,8.8
2877498188,50.091058,14.42034,10,50.088,14.4208,0.34,1.6
859358028,50.076837,14.469539,10,50.088,14.4208,3.69,11.9
323732300,50.075309,14.405655,10,50.088,14.4208,1.78,7.4
1752941388,50.07629,14.416727,10,50.088,14.4208,1.33,5.4
1306387276,50.125977,14.530535,10,50.088,14.4208,8.89,18.1
1285276492,49.998183,14.408208,10,50.088,14.4208,10.03,19.2
1919361868,50.103276,14.451418,10,50.088,14.4208,2.77,7.2
4175242060,50.07226,14.480817,10,50.088,14.4208,4.63,13.2
151135052,50.042298,14.306854,10,50.088,14.4208,9.59,21.9
1234748236,50.111629,14.520871,10,50.088,14.4208,7.61,14.8
1812214604,50.122761,14.454976,10,50.088,14.4208,4.57,12.8
142160716,50.137063,14.508227,10,50.088,14.4208,8.28,17.3
1287897932,50.067495,14.368819,10,50.088,14.4208,4.35,13.1
1263419980,50.118805,14.459928,10,50.088,14.4208,4.42,10.8
1897825100,50.101978,14.451361,10,50.088,14.4208,2.68,8.1
1597371212,50.071453,14.408455,10,50.088,14.4208,2.04,7.3
1921442636,50.092075,14.434117,10,50.088,14.4208,1.05,5.7
2204091212,50.065624,14.39688,10,50.088,14.4208,3.02,9.2
2074661708,50.089681,14.342255,10,50.088,14.4208,5.61,13.6
3977823052,50.073614,14.44299,10,50.088,14.4208,2.25,9.7
3054515020,50.078773,14.43488,10,50.088,14.4208,1.44,7.6
3323212620,50.01711,14.401308,10,50.088,14.4208,8.0,16.1
640885580,50.091118,14.421672,10,50.088,14.4208,0.35,2.5
2627408716,50.071774,14.441296,10,50.088,14.4208,2.32,10.2
3743581004,50.071315,14.45164,10,50.088,14.4208,2.88,11.4
3475837772,49.968777,14.394234,10,50.088,14.4208,13.39,21.3
3210707788,50.046362,14.310556,10,50.088,14.4208,9.13,21.9
1461445452,50.071322,14.465636,10,50.088,14.4208,3.7,12.1
1070601036,50.013246,14.425041,10,50.088,14.4208,8.32,18.6
1071796812,50.12325,14.506071,10,50.088,14.4208,7.24,15.2
2881491788,50.048234,14.485222,11,50.0406,14.5567,5.17,12.7
3407356748,50.054509,14.51234,11,50.0406,14.5567,3.52,8.4
152728140,50.112896,14.506038,10,50.088,14.4208,6.68,13.2
1292517964,50.112896,14.506038,10,50.088,14.4208,6.68,13.2
3723498316,50.088019,14.459814,10,50.088,14.4208,2.78,9.0
1730147148,50.079158,14.456015,10,50.088,14.4208,2.7,9.8
1913254732,50.068283,14.397795,10,50.088,14.4208,2.74,8.9
3399500364,50.106818,14.437945,10,50.088,14.4208,2.42,8.0
1544282700,50.02506,14.426004,10,50.088,14.4208,7.01,15.8
2967872332,50.025374,14.426168,10,50.088,14.4208,6.97,15.8
2351940172,49.965659,14.395643,10,50.088,14.4208,13.72,23.0
4134810444,50.064888,14.425386,10,50.088,14.4208,2.59,7.6
1334948684,50.004193,14.355805,10,50.088,14.4208,10.41,22.2
1173779020,49.95671,14.38179,10,50.088,14.4208,14.86,22.7
829080396,50.107921,14.492459,10,50.088,14.4208,5.57,11.8
3239453516,50.067515,14.457483,10,50.088,14.4208,3.47,11.8
4124525132,50.077265,14.423512,10,50.088,14.4208,1.21,6.1
3849237324,50.080646,14.430993,10,50.088,14.4208,1.09,7.8
2061402956,50.077265,14.423512,10,50.088,14.4208,1.21,6.1
2024977228,50.107068,14.490723,10,50.088,14.4208,5.42,12.1
3847279436,50.071719,14.4405,10,50.088,14.4208,2.29,10.0
921817932,50.100977,14.427257,10,50.088,14.4208,1.51,5.4
3177444172,50.006812,14.435544,10,50.088,14.4208,9.09,21.9
1245131596,50.079459,14.323534,10,50.088,14.4208,7.0,16.7
3038507852,50.023659,14.421076,10,50.088,14.4208,7.15,16.8
3368928076,50.130136,14.329581,10,50.088,14.4208,8.02,19.6
3639673420,50.057701,14.446603,10,50.088,14.4208,3.84,12.7
1290863180,50.044235,14.32265,10,50.088,14.4208,8.53,20.3
1750737740,50.104884,14.444759,10,50.088,14.4208,2.54,8.3
3924489036,50.095072,14.458422,10,50.088,14.4208,2.8,7.8
1409946444,50.043807,14.308012,10,50.088,14.4208,9.43,22.5
809112396,50.06723,14.554245,11,50.0406,14.5567,2.97,9.1
1692013388,50.071194,14.406509,10,50.088,14.4208,2.13,7.7
3188994892,49.969075,14.388531,10,50.088,14.4208,13.42,21.3
3155751756,50.029901,14.36202,10,50.088,14.4208,7.7,18.6
3036881740,50.12622,14.445236,10,50.088,14.4208,4.59,15.0
245281612,50.087563,14.415465,10,50.088,14.4208,0.38,2.3
1002230604,50.053782,14.532257,11,50.0406,14.5567,2.28,6.2
1966068556,50.079139,14.42746,10,50.088,14.4208,1.09,7.9
1108882252,50.048209,14.483498,11,50.0406,14.5567,5.3,13.1
629744460,50.006841,14.408741,10,50.088,14.4208,9.07,18.5
713020236,50.086683,14.51375,11,50.0406,14.5567,5.97,13.5
781001548,50.10556,14.379861,10,50.088,14.4208,3.51,10.3
1999442764,50.103012,14.433223,10,50.088,14.4208,1.89,6.5
4260438860,50.068232,14.511722,11,50.0406,14.5567,4.44,10.7
2762740556,50.093003,14.496635,10,50.088,14.4208,5.44,13.0
2786321228,50.077888,14.465342,10,50.088,14.4208,3.37,10.6
1386730316,50.036179,14.594071,11,50.0406,14.5567,2.71,6.4
3223401292,50.044789,14.302412,10,50.088,14.4208,9.72,22.0
4072661836,50.127395,14.501717,10,50.088,14.4208,7.24,15.4
3991348044,50.056092,14.409175,10,50.088,14.4208,3.64,9.6
3586114124,50.064597,14.410204,10,50.088,14.4208,2.71,9.0
2342597452,49.990324,14.407216,10,50.088,14.4208,10.9,20.9
1454650188,50.107837,14.474708,10,50.088,14.4208,4.43,10.6
1403183948,50.046608,14.492217,11,50.0406,14.5567,4.65,12.4
1940919116,50.045558,14.310549,10,50.088,14.4208,9.18,21.4
576303692,50.08443,14.420272,10,50.088,14.4208,0.4,5.7
3233276748,50.067233,14.405531,10,50.088,14.4208,2.55,8.3
2986808140,50.048272,14.428953,10,50.088,14.4208,4.46,12.3
4126360140,50.092422,14.434408,10,50.088,14.4208,1.09,4.3
726266700,50.095072,14.458422,10,50.088,14.4208,2.8,7.8
241247052,50.076591,14.435429,10,50.088,14.4208,1.64,7.7
2437342028,50.067233,14.405531,10,50.088,14.4208,2.55,8.3
3665224524,50.067233,14.405531,10,50.088,14.4208,2.55,8.3
1387795276,49.569695,17.252196,8,49.5938,17.2509,2.68,6.3
585794380,50.057732,14.561535,11,50.0406,14.5567,1.94,5.9
2582459212,50.070504,14.436324,10,50.088,14.4208,2.24,9.0
443999052,50.067233,14.405531,10,50.088,14.4208,2.55,8.3
3129029452,50.046362,14.310556,10,50.088,14.4208,9.13,21.9
4088582988,50.075788,14.372357,10,50.088,14.4208,3.71,13.0
1397035596,50.106749,14.437816,10,50.088,14.4208,2.41,8.0
1169679180,50.067233,14.405531,10,50.088,14.4208,2.55,8.3
1637684044,50.072647,14.408483,10,50.088,14.4208,1.92,7.1
2780881740,50.141565,14.576679,11,50.0406,14.5567,11.32,24.3
4099543884,50.12626,14.419636,10,50.088,14.4208,4.26,16.4
3711345484,50.065917,14.379108,10,50.088,14.4208,3.86,11.8
230617932,50.077447,14.424215,10,50.088,14.4208,1.2,6.2
2439480140,50.114339,14.507672,10,50.088,14.4208,6.85,14.0
3475444556,50.074373,14.425488,10,50.088,14.4208,1.55,7.4
2200376140,50.140647,14.445242,10,50.088,14.4208,6.11,17.3
539431756,50.140042,14.447236,10,50.088,14.4208,6.09,15.9
824644428,50.140042,14.447236,10,50.088,14.4208,6.09,15.9
3255927628,50.024939,14.434676,10,50.088,14.4208,7.08,17.2
3004756812,50.065207,14.450711,10,50.088,14.4208,3.31,10.9
2559832908,50.043457,14.496301,11,50.0406,14.5567,4.32,10.7
3700630348,50.052408,14.343132,10,50.088,14.4208,6.81,17.7
2295116620,50.09712,14.480231,10,50.088,14.4208,4.36,10.6
2036855628,50.039607,14.316702,10,50.088,14.4208,9.17,20.2
586400588,50.03017,14.594007,11,50.0406,14.5567,2.91,7.5
2709046092,50.058595,14.449862,10,50.088,14.4208,3.87,10.8
2685780812,50.086009,14.469324,10,50.088,14.4208,3.47,11.3
1920975692,50.091058,14.42034,10,50.088,14.4208,0.34,1.6
1291047756,50.042962,14.312009,10,50.088,14.4208,9.24,20.8
1854223180,50.091702,14.298334,10,50.088,14.4208,8.75,18.7
2150372172,50.091702,14.298334,10,50.088,14.4208,8.75,18.7
3428848460,50.039965,14.428662,10,50.088,14.4208,5.37,14.7
1734349644,50.128728,14.483624,10,50.088,14.4208,6.37,13.6
3435451212,50.09957,14.399651,10,50.088,14.4208,1.98,8.1
622273356,50.102895,14.570903,11,50.0406,14.5567,7.0,19.6
3620856652,50.016388,14.403595,10,50.088,14.4208,8.06,16.3
179376972,50.079493,14.484474,10,50.088,14.4208,4.64,12.6
3930768204,50.080246,14.376142,10,50.088,14.4208,3.3,11.9
191091532,50.110658,14.517806,10,50.088,14.4208,7.36,13.8
2875446092,50.110658,14.517806,10,50.088,14.4208,7.36,13.8
3412317004,50.110658,14.517806,10,50.088,14.4208,7.36,13.8
2815374156,50.098269,14.422942,10,50.088,14.4208,1.15,5.2
3047232332,50.013393,14.582934,11,50.0406,14.5567,3.56,8.3
4238332748,50.094063,14.3475,10,50.088,14.4208,5.27,12.9
3597480780,50.100342,14.418715,10,50.088,14.4208,1.38,11.7
1045381708,50.1201,14.4767,10,50.088,14.4208,5.35,13.4
1185411916,50.123589,14.482745,10,50.088,14.4208,5.93,15.1
1591481164,50.104936,14.536951,11,50.0406,14.5567,7.29,16.4
2894193484,50.100366,14.41832,10,50.088,14.4208,1.39,6.7
2087764812,50.140398,14.519076,10,50.088,14.4208,9.11,17.6
1677464396,50.099493,14.471977,10,50.088,14.4208,3.87,8.9
3649037132,50.071682,14.432324,10,50.088,14.4208,1.99,8.7
2578916172,50.116337,14.629176,11,50.0406,14.5567,9.88,21.7
2922255180,50.061825,14.438021,10,50.088,14.4208,3.16,10.2
3194103116,50.131719,14.551679,11,50.0406,14.5567,10.14,22.0
279782220,50.084637,14.420037,10,50.088,14.4208,0.38,4.2
3802198860,50.133003,14.561981,11,50.0406,14.5567,10.28,22.6
1561322316,50.133003,14.561981,11,50.0406,14.5567,10.28,22.6
1296360268,50.064266,14.435397,10,50.088,14.4208,2.84,10.2
1110184780,50.091702,14.298334,10,50.088,14.4208,8.75,18.7
3136951116,50.024093,14.605779,11,50.0406,14.5567,3.96,10.7
531305292,50.06616,14.38785,10,50.088,14.4208,3.38,10.5
2153497420,50.049236,14.316789,10,50.088,14.4208,8.58,20.4
2515886668,50.072305,14.443861,10,50.088,14.4208,2.4,9.2
2067276620,50.017396,14.582896,11,50.0406,14.5567,3.19,7.5
2535400268,50.047681,14.485952,11,50.0406,14.5567,5.11,12.6
232821324,50.090616,14.466938,10,50.088,14.4208,3.3,9.5
230957900,50.130992,14.483248,10,50.088,14.4208,6.53,15.0
3929698892,50.058828,14.558603,11,50.0406,14.5567,2.03,6.2
1619452748,50.091986,14.434265,10,50.088,14.4208,1.06,5.8
1117844300,50.133003,14.561981,11,50.0406,14.5567,10.28,22.6
716694348,50.064266,14.435397,10,50.088,14.4208,2.84,10.2
365228876,50.052184,14.545551,11,50.0406,14.5567,1.51,5.9
3673539148,50.065627,14.384258,10,50.088,14.4208,3.6,11.5
3771839308,50.010504,14.449656,11,50.0406,14.5567,8.35,19.3
3706590028,50.100867,14.418989,10,50.088,14.4208,1.44,4.9
1187603020,50.074052,14.356807,10,50.088,14.4208,4.82,14.4
31609420,50.133556,14.43833,10,50.088,14.4208,5.22,17.6
3370791756,50.099025,14.482987,10,50.088,14.4208,4.6,10.6
708125516,50.094971,14.464839,10,50.088,14.4208,3.24,8.5
2605503308,50.094226,14.499879,10,50.088,14.4208,5.68,13.0
2159461196,50.103785,14.476581,10,50.088,14.4208,4.35,10.3
2654868300,50.034133,14.389617,10,50.088,14.4208,6.39,14.8
1927533388,50.081132,14.49745,10,50.088,14.4208,5.52,14.7
2782053196,50.077054,14.463908,10,50.088,14.4208,3.31,10.4
2434778444,50.057821,14.378662,10,50.088,14.4208,4.51,12.2
3358769740,50.059401,14.518159,11,50.0406,14.5567,3.46,8.6
3141768012,50.081306,14.405853,10,50.088,14.4208,1.3,6.1
4269749068,50.126651,14.414046,10,50.088,14.4208,4.32,16.3
2845193036,50.125591,14.374151,10,50.088,14.4208,5.34,13.0
2204443468,50.126318,14.439195,10,50.088,14.4208,4.46,14.3
1883513676,50.069938,14.450103,10,50.088,14.4208,2.9,11.1
323232588,50.069938,14.450103,10,50.088,14.4208,2.9,11.1
2945200972,50.023168,14.511565,11,50.0406,14.5567,3.76,8.3
4109243212,50.07332,14.467892,10,50.088,14.4208,3.74,11.7
4241297996,50.088844,14.375408,10,50.088,14.4208,3.24,11.1
1645232716,50.105835,14.396924,10,50.088,14.4208,2.61,8.3
2765472588,50.08015,14.50873,11,50.0406,14.5567,5.57,12.7
2809602892,50.115502,14.565074,11,50.0406,14.5567,8.35,20.4
2044732236,50.085671,14.471271,10,50.088,14.4208,3.61,10.8
3597452108,50.125333,14.453476,10,50.088,14.4208,4.76,13.6
296887116,50.125698,14.411825,10,50.088,14.4208,4.24,16.7
1843442508,50.036015,14.480887,11,50.0406,14.5567,5.44,12.1
1837900620,50.10556,14.379861,10,50.088,14.4208,3.51,10.3
399848268,50.098631,14.432031,10,50.088,14.4208,1.43,5.2
3889459788,50.078137,14.303317,10,50.088,14.4208,8.45,19.4
3139642188,50.070739,14.682373,11,50.0406,14.5567,9.58,21.2
1878012748,50.061677,14.403789,10,50.088,14.4208,3.17,9.8
786379596,50.066919,14.362328,10,50.088,14.4208,4.79,13.6
2588873548,50.04627,14.414902,10,50.088,14.4208,4.66,11.5
2620506956,50.126787,14.419671,10,50.088,14.4208,4.31,16.4
1952588620,50.057005,14.440523,10,50.088,14.4208,3.72,11.8
1454973772,50.037941,14.504139,11,50.0406,14.5567,3.77,8.5
1139471180,49.998063,14.418578,10,50.088,14.4208,10.0,20.8
1074991692,50.087034,14.562789,11,50.0406,14.5567,5.18,15.4
199168844,50.081035,14.574839,11,50.0406,14.5567,4.68,14.3
3047367500,50.015717,14.391931,10,50.088,14.4208,8.3,15.7
230946124,50.051615,14.406926,10,50.088,14.4208,4.17,11.3
310154060,50.090748,14.428892,10,50.088,14.4208,0.65,2.8
2750862156,50.062082,14.279642,10,50.088,14.4208,10.48,22.3
1942209356,50.081486,14.43183,10,50.088,14.4208,1.07,7.7
3269440332,50.129406,14.451294,10,50.088,14.4208,5.09,13.3
2152080204,49.984559,14.359279,10,50.088,14.4208,12.31,22.6
907006796,50.019782,14.466755,11,50.0406,14.5567,6.83,16.9
596497228,50.077265,14.425838,10,50.088,14.4208,1.25,6.4
2229850956,50.077265,14.423512,10,50.088,14.4208,1.21,6.1
3367318348,50.067843,14.455442,10,50.088,14.4208,3.34,11.2
1592861516,50.101852,14.486118,10,50.088,14.4208,4.91,11.9
1519854412,50.104959,14.538363,11,50.0406,14.5567,7.28,16.4
3016299084,50.034617,14.507051,11,50.0406,14.5567,3.61,8.2
1270489932,50.072468,14.395406,10,50.088,14.4208,2.5,9.8
780834124,50.125539,14.374206,10,50.088,14.4208,5.34,13.0
2762121804,50.060715,14.401836,10,50.088,14.4208,3.32,10.3
764883788,50.101728,14.36044,10,50.088,14.4208,4.57,12.8
3787662156,50.103248,14.404867,10,50.088,14.4208,2.04,7.8
2877350732,50.052432,14.511523,11,50.0406,14.5567,3.48,9.0
3153445708,50.071544,14.4057,10,50.088,14.4208,2.12,7.7
3322483532,50.029372,14.361618,10,50.088,14.4208,7.77,18.4
1097405260,50.085142,14.454938,10,50.088,14.4208,2.46,8.7
2142901068,50.093627,14.463441,10,50.088,14.4208,3.11,8.5
4225770316,50.073064,14.394489,10,50.088,14.4208,2.51,9.8
584921676,50.090478,14.429967,10,50.088,14.4208,0.71,3.8
3830182732,50.094357,14.365571,10,50.088,14.4208,4.0,11.0
537736012,50.091553,14.434231,10,50.088,14.4208,1.04,5.1
2410754892,50.091553,14.434231,10,50.088,14.4208,1.04,5.1
4225561420,50.09321,14.512638,10,50.088,14.4208,6.58,14.6
2570720076,50.143497,14.433625,10,50.088,14.4208,6.24,17.9
3635090252,50.075784,14.43196,10,50.088,14.4208,1.57,7.4
4101624652,50.076667,14.416531,10,50.088,14.4208,1.3,5.7
3731572044,50.055409,14.382576,10,50.088,14.4208,4.54,13.2
1294906188,50.036015,14.480887,11,50.0406,14.5567,5.44,12.1
4291097420,50.056345,14.463106,10,50.088,14.4208,4.64,12.7
557159244,50.075456,14.438059,10,50.088,14.4208,1.86,8.7
2425168716,50.079286,14.487914,10,50.088,14.4208,4.89,13.1
1796268876,50.127716,14.502557,10,50.088,14.4208,7.31,15.4
1902977868,50.093393,14.489673,10,50.088,14.4208,4.95,12.2
2207114060,50.123719,14.471305,10,50.088,14.4208,5.36,12.5
3430818636,50.027897,14.363583,10,50.088,14.4208,7.83,18.4
3333235532,50.070507,14.406563,10,50.088,14.4208,2.19,8.2
4013695820,50.10556,14.379861,10,50.088,14.4208,3.51,10.3
676520780,50.099213,14.355966,10,50.088,14.4208,4.79,13.5
3053331276,50.027388,14.49074,11,50.0406,14.5567,4.93,11.6
2112279372,50.079574,14.645636,11,50.0406,14.5567,7.69,16.7
1111565132,50.137724,14.507786,10,50.088,14.4208,8.31,17.3
232272716,50.067712,14.406675,10,50.088,14.4208,2.47,8.1
4185793356,50.027897,14.363583,10,50.088,14.4208,7.83,18.4
3246924620,50.056825,14.494675,11,50.0406,14.5567,4.78,10.6
264692556,50.071453,14.408455,10,50.088,14.4208,2.04,7.3
1141052236,50.083713,14.503876,10,50.088,14.4208,5.95,15.3
702272332,50.084651,14.415649,10,50.088,14.4208,0.52,4.4
1269822284,50.069603,14.473694,10,50.088,14.4208,4.29,14.0
916534092,50.052191,14.459638,10,50.088,14.4208,4.85,14.5
3398513484,50.053021,14.409772,10,50.088,14.4208,3.97,9.7
854340428,50.108887,14.62131,11,50.0406,14.5567,8.88,20.0
435044940,50.050834,14.338772,10,50.088,14.4208,7.17,18.3
2786341708,50.087784,14.502275,10,50.088,14.4208,5.81,15.2
2771596108,50.104045,14.515835,10,50.088,14.4208,7.01,14.5
3446522700,50.099269,14.482401,10,50.088,14.4208,4.57,10.6
629093196,50.08703,14.471018,10,50.088,14.4208,3.58,10.6
1033188172,50.109761,14.448238,10,50.088,14.4208,3.11,9.5
1707094860,50.038501,14.518726,11,50.0406,14.5567,2.72,7.0
3165991756,50.030185,14.361911,10,50.088,14.4208,7.68,18.6
636695372,50.061349,14.556431,11,50.0406,14.5567,2.31,6.9
2282632012,50.014654,14.438012,10,50.088,14.4208,8.25,19.1
1726034764,50.053021,14.409772,10,50.088,14.4208,3.97,9.7
3454153548,50.084162,14.431126,10,50.088,14.4208,0.85,7.4
1883247436,50.061984,14.440518,10,50.088,14.4208,3.22,10.3
1742779212,50.036015,14.480887,11,50.0406,14.5567,5.44,12.1
3611210572,50.012008,14.412961,10,50.088,14.4208,8.47,18.9
2399949388,50.096536,14.402792,10,50.088,14.4208,1.6,6.1
2934453068,50.076288,14.451951,10,50.088,14.4208,2.58,9.4
4045443916,50.037574,14.557911,11,50.0406,14.5567,0.35,1.5
3575059276,50.124008,14.485783,10,50.088,14.4208,6.12,14.4
94163788,50.071193,14.503551,11,50.0406,14.5567,5.1,12.5
1795830604,50.04096,14.448236,10,50.088,14.4208,5.59,14.4
193672012,50.078386,14.4563,10,50.088,14.4208,2.75,9.8
1790301004,50.092355,14.482957,10,50.088,14.4208,4.46,12.3
1998897996,50.084741,14.407188,10,50.088,14.4208,1.04,6.6
2363867980,50.014654,14.438012,10,50.088,14.4208,8.25,19.1
2574631756,50.06181,14.43802,10,50.088,14.4208,3.16,10.2
820101964,50.026624,14.523853,11,50.0406,14.5567,2.81,6.8
3921875788,50.056464,14.434408,10,50.088,14.4208,3.64,10.7
4046004812,50.066536,14.553278,11,50.0406,14.5567,2.89,8.4
465355596,50.014978,14.437129,10,50.088,14.4208,8.2,19.3
1454887756,50.093418,14.488429,10,50.088,14.4208,4.86,12.7
583844684,50.044492,14.33215,10,50.088,14.4208,7.97,18.7
1560707916,50.067457,14.462169,10,50.088,14.4208,3.73,11.8
2309964364,50.052291,14.455421,10,50.088,14.4208,4.68,15.7
3066598220,50.065934,14.502842,11,50.0406,14.5567,4.77,11.2
1884013388,50.043688,14.44515,10,50.088,14.4208,5.22,13.7
995512908,50.153699,14.530779,10,50.088,14.4208,10.72,19.7
943858508,50.083666,14.415094,10,50.088,14.4208,0.63,3.8
139797324,50.103975,14.50814,10,50.088,14.4208,6.48,13.7
2417013580,50.036015,14.480887,11,50.0406,14.5567,5.44,12.1
3567993420,50.104338,14.485522,10,50.088,14.4208,4.96,10.8
565076556,50.067104,14.550256,11,50.0406,14.5567,2.98,8.5
2621596236,50.048999,14.342595,10,50.088,14.4208,7.07,18.0
269316684,50.040887,14.565903,11,50.0406,14.5567,0.66,3.0
2283930188,50.099112,14.468834,10,50.088,14.4208,3.64,9.3
2651992652,50.048462,14.430566,10,50.088,14.4208,4.45,12.4
1855705676,50.071957,14.385515,10,50.088,14.4208,3.09,12.4
4050609484,50.078928,14.457646,10,50.088,14.4208,2.82,10.0
2829230668,50.060715,14.401836,10,50.088,14.4208,3.32,10.3
3967345484,50.054769,14.28542,10,50.088,14.4208,10.34,22.7
216257356,50.003557,14.412346,10,50.088,14.4208,9.41,19.5
3987592012,50.097457,14.349272,10,50.088,14.4208,5.21,14.3
1836184396,50.027743,14.360994,10,50.088,14.4208,7.94,18.8
1758028,50.053021,14.409772,10,50.088,14.4208,3.97,9.7
3572224844,50.022468,14.524235,11,50.0406,14.5567,3.07,10.0
3829375820,50.034392,14.590517,11,50.0406,14.5567,2.51,6.5
1573380940,50.051564,14.456891,10,50.088,14.4208,4.8,12.5
1517359948,50.084998,14.45125,10,50.088,14.4208,2.2,8.0
1226695500,50.005982,14.486355,11,50.0406,14.5567,6.33,15.3
1184277324,50.073331,14.671948,11,50.0406,14.5567,9.0,20.2
2749031244,50.030185,14.361911,10,50.088,14.4208,7.68,18.6
3115795020,50.091757,14.489063,10,50.088,14.4208,4.89,12.5
2167157580,50.544504,14.125496,4,50.6607,14.0328,14.48,26.6
1043403596,49.405269,14.703242,1,48.9745,14.4743,50.71,35.4
133812812,50.034392,14.590517,11,50.0406,14.5567,2.51,6.5
3773670220,49.999729,14.417342,10,50.088,14.4208,9.82,20.0
2087449420,50.066182,14.462151,10,50.088,14.4208,3.82,11.8
4207608652,50.23893,14.313689,10,50.088,14.4208,18.44,33.3
1270645580,50.036203,14.343525,10,50.088,14.4208,7.97,20.5
1905365836,50.085717,14.36957,10,50.088,14.4208,3.66,10.4
3043410764,49.283302,16.696131,14,49.1951,16.6068,11.76,27.8
1670779724,50.093689,14.446178,10,50.088,14.4208,1.92,6.3
654381900,49.603295,17.255424,8,49.5938,17.2509,1.1,4.3
1769374540,50.10459,14.486414,10,50.088,14.4208,5.03,11.1
1589125964,50.212084,15.821851,6,50.2104,15.8252,0.3,0.9
3275232076,49.710443,13.087842,2,49.7384,13.3736,20.78,23.3
68883276,49.243913,16.588282,14,49.1951,16.6068,5.59,9.4
941089356,50.004046,14.457356,11,50.0406,14.5567,8.18,17.5
650449740,50.07574,14.491072,10,50.088,14.4208,5.2,14.0
2012877644,50.132725,14.116364,10,50.088,14.4208,22.27,35.7
1091576652,49.703545,13.464105,2,49.7384,13.3736,7.57,14.8
1596461900,49.051551,13.776355,1,48.9745,14.4743,51.62,60.0
2490245708,49.204842,16.613097,14,49.1951,16.6068,1.18,3.8
1074914124,49.218108,16.637484,14,49.1951,16.6068,3.39,8.6
3283268428,50.131631,14.116351,10,50.088,14.4208,22.25,34.7
131650380,50.041337,15.809409,7,50.0343,15.7704,2.89,8.5
2613175116,48.828399,16.980684,14,49.1951,16.6068,49.05,46.6
2296222540,49.313238,16.477913,14,49.1951,16.6068,16.13,21.8
233505612,49.548731,18.337592,12,49.8209,18.2625,30.74,28.9
2179867468,50.680542,14.030092,4,50.6607,14.0328,2.21,5.3
4090762060,50.723279,15.161742,5,50.7671,15.0562,8.88,16.6
833577548,49.027901,16.594819,14,49.1951,16.6068,18.61,26.2
1915761484,50.253784,14.779429,11,50.0406,14.5567,28.53,32.8
714093388,50.217941,15.819144,6,50.2104,15.8252,0.94,2.4
732640076,50.144117,14.099775,10,50.088,14.4208,23.73,37.1
2588283724,50.140072,14.508415,10,50.088,14.4208,8.52,16.8
3064083276,50.04693,14.731268,11,50.0406,14.5567,12.49,23.0
3436450636,50.413482,12.919781,3,50.2327,12.8712,20.4,30.4
128389964,49.147243,16.662998,14,49.1951,16.6068,6.71,14.9
1597313868,48.879518,16.038622,14,49.1951,16.6068,54.28,62.3
1557402444,50.045647,14.419974,10,50.088,14.4208,4.71,11.3
2984969036,50.132897,14.130521,10,50.088,14.4208,21.29,33.8
3525702476,49.184656,16.636519,14,49.1951,16.6068,2.45,7.9
3367621452,50.134154,14.288499,10,50.088,14.4208,10.74,24.5
3480810316,49.006487,14.541083,1,48.9745,14.4743,6.03,10.7
767824716,50.216186,12.812651,3,50.2327,12.8712,4.55,7.2
1598923596,50.766601,15.062711,5,50.7671,15.0562,0.46,1.3
3374838348,50.231227,12.873023,3,50.2327,12.8712,0.21,0.6
3374604876,50.770487,15.432582,5,50.7671,15.0562,26.47,49.8
4150465100,49.835026,18.292593,12,49.8209,18.2625,2.67,6.8
1410875980,48.640351,14.227149,1,48.9745,14.4743,41.33,58.1
2389746508,50.198846,15.860598,6,50.2104,15.8252,2.83,6.1
4128518988,48.865123,13.911219,1,48.9745,14.4743,42.9,66.7
417018700,49.196742,16.86873,14,49.1951,16.6068,19.03,22.3
1972880204,49.40296,15.589721,13,49.3961,15.5904,0.76,1.9
327770700,49.183268,16.595278,14,49.1951,16.6068,1.56,4.6
3812840012,50.238769,14.314708,10,50.088,14.4208,18.39,33.5
3233399628,50.238769,14.314708,10,50.088,14.4208,18.39,33.5
3824743244,50.088696,14.482841,10,50.088,14.4208,4.43,13.4
4089037388,50.002731,14.968457,11,50.0406,14.5567,29.72,46.5
1042780748,48.758969,16.882033,14,49.1951,16.6068,52.49,46.1
1103004492,49.173304,16.56781,14,49.1951,16.6068,3.73,9.6
1793958732,50.693449,15.733144,5,50.7671,15.0562,48.34,105.9
866456396,50.240976,12.834055,3,50.2327,12.8712,2.8,5.6
1925583692,50.068368,14.49735,11,50.0406,14.5567,5.24,11.5
505557836,49.060089,14.426431,1,48.9745,14.4743,10.14,16.1
584520524,48.851669,17.134738,14,49.1951,16.6068,54.22,57.8
834331468,50.769465,15.280977,5,50.7671,15.0562,15.81,32.9
2219819852,50.752152,15.302253,5,50.7671,15.0562,17.39,34.9
3047953228,49.613807,15.577003,13,49.3961,15.5904,24.23,26.8
2414625356,50.160742,14.368464,10,50.088,14.4208,8.91,20.8
3108479820,49.180556,16.638568,14,49.1951,16.6068,2.82,7.8
4257813324,49.745978,13.34761,2,49.7384,13.3736,2.05,5.2
4222362444,49.835158,18.328723,12,49.8209,18.2625,5.01,12.6
3616011084,49.751487,16.472859,8,49.5938,17.2509,58.67,57.9
1971331916,49.940134,15.659314,7,50.0343,15.7704,13.14,18.8
1886245708,50.488805,13.437803,4,50.6607,14.0328,46.16,51.6
4090676044,49.865231,18.556265,12,49.8209,18.2625,21.63,34.4
1110115148,50.103785,14.476581,10,50.088,14.4208,4.35,10.3
1048122188,49.189497,16.59313,14,49.1951,16.6068,1.17,3.7
619315788,49.578234,17.244103,8,49.5938,17.2509,1.8,5.0
1986560588,49.568141,17.245128,8,49.5938,17.2509,2.88,6.6
1286484812,49.204242,16.669681,14,49.1951,16.6068,4.68,12.8
1883575116,50.092226,14.386892,10,50.088,14.4208,2.46,7.9
4262269772,48.983869,14.474876,1,48.9745,14.4743,1.04,4.4
3347714892,50.475184,13.412289,3,50.2327,12.8712,46.91,55.5
833557324,49.769955,18.310148,12,49.8209,18.2625,6.62,12.5
2001015628,50.670561,14.071462,4,50.6607,14.0328,2.94,5.8
1328485196,49.724597,17.290373,8,49.5938,17.2509,14.82,22.1
162734924,50.786106,15.060898,5,50.7671,15.0562,2.14,6.5
3608748876,49.775615,18.252328,12,49.8209,18.2625,5.09,10.1
1503531852,50.435509,14.880012,5,50.7671,15.0562,38.91,41.4
2521437004,50.153513,15.124333,11,50.0406,14.5567,42.39,46.9
1269769036,50.693418,14.550061,5,50.7671,15.0562,36.55,52.6
2811286348,49.334792,13.208965,2,49.7384,13.3736,46.43,51.8
2384097868,49.107374,16.64181,14,49.1951,16.6068,10.08,16.8
481563468,49.897525,13.381046,2,49.7384,13.3736,17.7,22.9
4285911884,50.756519,15.079489,5,50.7671,15.0562,2.02,5.1
3165918028,49.867899,18.429777,12,49.8209,18.2625,13.08,26.7
930755404,49.747632,18.586997,12,49.8209,18.2625,24.68,32.5
330568524,50.671064,14.02924,4,50.6607,14.0328,1.18,3.3
3551793996,48.989153,14.455753,1,48.9745,14.4743,2.12,6.1
1875931724,50.777867,15.422687,5,50.7671,15.0562,25.8,47.1
3807056716,50.132358,14.136007,10,50.088,14.4208,20.9,34.8
2614108748,48.803574,16.637771,14,49.1951,16.6068,43.59,43.8
2520306508,49.230065,16.593793,14,49.1951,16.6068,4.0,7.9
331617100,48.824246,14.326471,1,48.9745,14.4743,19.9,23.9
3074966092,49.327096,16.090678,13,49.3961,15.5904,37.03,32.3
3603174220,50.222951,14.870139,11,50.0406,14.5567,30.17,42.4
3301184332,50.413419,12.919695,3,50.2327,12.8712,20.39,30.4
3270906700,50.071101,14.343461,10,50.088,14.4208,5.83,16.4
1240732492,50.103757,14.515194,10,50.088,14.4208,6.96,14.2
426808140,49.686639,18.359903,12,49.8209,18.2625,16.49,19.6
1851343436,49.728328,13.366874,2,49.7384,13.3736,1.22,3.6
1755001420,49.218806,13.304585,2,49.7384,13.3736,57.99,65.5
2787832652,50.19936,14.687447,11,50.0406,14.5567,19.96,28.6
399971148,50.109984,14.527656,11,50.0406,14.5567,7.99,15.8
938742604,49.929702,17.356973,8,49.5938,17.2509,38.12,56.4
2508731212,50.496378,13.654769,4,50.6607,14.0328,32.35,40.3
332731212,49.290987,17.395204,9,49.2265,17.6625,20.68,32.6
3069973324,50.099493,14.471977,10,50.088,14.4208,3.87,8.9
773112652,50.129219,14.128027,10,50.088,14.4208,21.38,33.3
2609587020,50.701345,15.354371,5,50.7671,15.0562,22.22,39.3
1658196812,50.10582,14.56205,11,50.0406,14.5567,7.26,18.0
792400716,50.755478,15.047632,5,50.7671,15.0562,1.43,5.4
2420446028,50.132237,14.126164,10,50.088,14.4208,21.58,32.8
2305758028,49.202521,17.545239,9,49.2265,17.6625,8.92,18.1
2044011340,49.872271,18.427599,12,49.8209,18.2625,13.14,25.4
1456935756,50.089017,14.468859,10,50.088,14.4208,3.43,9.8
3779793740,49.732747,13.423246,2,49.7384,13.3736,3.62,8.4
2601980748,48.982425,14.436654,1,48.9745,14.4743,2.89,8.0
2315297612,49.523731,16.259478,14,49.1951,16.6068,44.36,57.6
3700175692,50.253957,14.515282,10,50.088,14.4208,19.64,30.2
3836023628,49.746804,13.369826,2,49.7384,13.3736,0.97,3.2
60383820,50.35599,16.245908,6,50.2104,15.8252,33.99,50.1
3557299020,49.231874,16.615347,14,49.1951,16.6068,4.14,9.7
1702880076,50.227043,12.882175,3,50.2327,12.8712,1.0,2.5
910373708,50.228873,12.867471,3,50.2327,12.8712,0.5,2.7
2740249420,50.5865,14.633124,5,50.7671,15.0562,35.94,60.9
1231557452,50.099428,13.740227,2,49.7384,13.3736,47.96,73.9
1033618252,50.239351,14.311632,10,50.088,14.4208,18.54,33.2
3619533644,50.239351,14.311632,10,50.088,14.4208,18.54,33.2
443814732,50.070581,14.864423,11,50.0406,14.5567,22.22,35.1
1816380236,49.743259,13.370321,2,49.7384,13.3736,0.59,3.2
1919095884,50.167504,14.763344,11,50.0406,14.5567,20.4,33.7
544478028,49.22565,16.529124,14,49.1951,16.6068,6.59,13.2
1604899660,50.059767,14.454899,10,50.088,14.4208,3.97,12.3
77992780,49.940134,15.659314,7,50.0343,15.7704,13.14,18.8
2107380556,50.60323,15.326869,5,50.7671,15.0562,26.38,39.2
3525907276,50.554894,13.786091,4,50.6607,14.0328,21.01,26.8
1631654732,49.180626,16.680246,14,49.1951,16.6068,5.58,11.5
4044624716,50.032272,14.500348,11,50.0406,14.5567,4.13,9.7
1169212236,50.665348,15.716792,5,50.7671,15.0562,47.86,97.7
4185264972,50.421026,14.274013,4,50.6607,14.0328,31.64,35.4
815514444,50.77125,15.072141,5,50.7671,15.0562,1.21,3.4
1267401292,48.978329,14.4433,1,48.9745,14.4743,2.3,6.2
1581093708,48.989169,14.443633,1,48.9745,14.4743,2.77,7.3
794305356,49.769955,18.310148,12,49.8209,18.2625,6.62,12.5
184816460,50.425283,14.26175,4,50.6607,14.0328,30.77,34.8
2587554636,50.13132,15.065758,11,50.0406,14.5567,37.69,45.1
2825655116,49.569695,17.252196,8,49.5938,17.2509,2.68,6.3
2269975372,49.569695,17.252196,8,49.5938,17.2509,2.68,6.3
3456373580,49.825599,18.202902,12,49.8209,18.2625,4.31,7.1
3888649036,50.231246,17.206845,8,49.5938,17.2509,70.95,104.4
173392716,50.412629,14.906933,5,50.7671,15.0562,40.8,37.1
644166476,49.951809,12.71292,3,50.2327,12.8712,33.21,49.5
2742604620,49.393503,15.593499,13,49.3961,15.5904,0.37,1.0
1720848972,48.639323,14.229322,1,48.9745,14.4743,41.36,59.5
1744966476,49.823036,18.173934,12,49.8209,18.2625,6.36,12.8
3640300108,49.092826,17.873266,9,49.2265,17.6625,21.35,36.8
1961366348,50.068156,14.397561,10,50.088,14.4208,2.76,8.8
2917118540,50.358714,12.823856,3,50.2327,12.8712,14.41,41.5
3186369356,49.20452,17.584946,9,49.2265,17.6625,6.14,11.7
3406238540,50.20404,15.79334,6,50.2104,15.8252,2.38,4.1
171492172,49.969835,14.531561,11,50.0406,14.5567,8.07,19.6
3032294220,49.280752,17.003017,14,49.1951,16.6068,30.3,30.2
2070360908,50.035929,14.415884,10,50.088,14.4208,5.8,13.8
468521804,50.355221,14.479025,10,50.088,14.4208,30.0,42.7
674685772,50.030506,14.228615,10,50.088,14.4208,15.14,27.6
3395093068,50.151048,14.115028,10,50.088,14.4208,22.9,38.2
943579980,50.370142,12.916381,3,50.2327,12.8712,15.62,21.3
1079382860,48.814285,16.651989,14,49.1951,16.6068,42.47,45.1
1384760140,49.664854,18.680573,12,49.8209,18.2625,34.69,38.1
3958248268,49.204741,16.684276,14,49.1951,16.6068,5.73,14.2
3426255436,50.691339,15.771222,5,50.7671,15.0562,51.03,102.9
2551391052,49.21206,16.631348,14,49.1951,16.6068,2.6,7.0
151991116,49.596482,17.238184,8,49.5938,17.2509,0.96,3.1
3815093068,49.546022,16.578592,14,49.1951,16.6068,39.07,44.6
4144698444,50.06473,14.736106,11,50.0406,14.5567,13.09,25.5
2382566220,50.668382,14.037109,4,50.6607,14.0328,0.91,2.3
862769996,49.970953,14.503442,11,50.0406,14.5567,8.63,18.1
27345484,50.764224,14.240827,4,50.6607,14.0328,18.63,30.9
1057035084,49.405269,14.703242,1,48.9745,14.4743,50.71,35.4
730010444,48.954043,14.537587,1,48.9745,14.4743,5.15,11.5
417076044,49.192156,16.63564,14,49.1951,16.6068,2.12,8.0
1301291852,50.182686,14.21026,10,50.088,14.4208,18.33,32.3
2396238668,50.076596,14.458819,10,50.088,14.4208,2.99,9.9
3715220300,50.151063,14.089626,10,50.088,14.4208,24.63,40.2
3451196236,50.626628,13.68723,4,50.6607,14.0328,24.66,31.4
129307468,50.598697,13.594493,4,50.6607,14.0328,31.68,41.1
2529936204,50.103109,14.500703,10,50.088,14.4208,5.94,13.0
2678395724,49.189199,16.60439,14,49.1951,16.6068,0.68,3.1
4213695308,50.498404,13.433555,4,50.6607,14.0328,46.0,53.4
2770408268,49.405269,14.703242,1,48.9745,14.4743,50.71,35.4
1090638668,50.078197,14.864236,11,50.0406,14.5567,22.35,35.3
1766454092,50.16359,12.577692,3,50.2327,12.8712,22.26,24.9
2312487756,49.197522,16.658122,14,49.1951,16.6068,3.74,10.1
549983052,48.981219,14.48223,1,48.9745,14.4743,0.95,4.4
1426395980,49.105706,16.601409,14,49.1951,16.6068,9.95,14.6
58069836,49.846733,18.28269,12,49.8209,18.2625,3.22,7.4
3846894412,49.213043,16.58356,14,49.1951,16.6068,2.61,5.3
1362432844,49.527548,17.586309,8,49.5938,17.2509,25.29,27.6
1114018636,49.842487,18.287325,12,49.8209,18.2625,2.99,8.1
184222284,48.759655,16.874956,14,49.1951,16.6068,52.22,46.4
921957196,49.181677,16.621867,14,49.1951,16.6068,1.85,5.6
4104663884,49.574762,13.33249,2,49.7384,13.3736,18.43,18.0
2663191372,49.959487,14.052651,10,50.088,14.4208,29.93,34.4
3373986636,49.961615,15.28611,7,50.0343,15.7704,35.55,48.2
1844822860,49.239734,17.665866,9,49.2265,17.6625,1.49,6.3
4216472140,50.221285,12.886907,3,50.2327,12.8712,1.69,4.3
629674572,49.64331,15.496336,13,49.3961,15.5904,28.31,36.5
4048011852,50.167504,14.763344,11,50.0406,14.5567,20.4,33.7
3036422988,50.047673,14.558939,11,50.0406,14.5567,0.8,3.0
1024537420,50.047673,14.558939,11,50.0406,14.5567,0.8,3.0
502997836,49.663818,17.830762,12,49.8209,18.2625,35.6,34.2
2346787660,50.195829,15.840609,6,50.2104,15.8252,1.96,6.3
2730693196,48.974469,14.474342,1,48.9745,14.4743,0.0,1.4
1000465228,49.939758,17.907161,12,49.8209,18.2625,28.69,34.9
555684684,48.970531,14.467428,1,48.9745,14.4743,0.67,3.4
740299596,48.974469,14.474342,1,48.9745,14.4743,0.0,1.4
3587511116,50.055861,14.436916,10,50.088,14.4208,3.75,12.1
1693352780,49.217697,16.393876,14,49.1951,16.6068,15.67,20.0
1503503180,48.620189,14.257467,1,48.9745,14.4743,42.48,52.5
1105273676,48.982813,14.440145,1,48.9745,14.4743,2.66,7.6
1239204684,50.76072,15.04043,5,50.7671,15.0562,1.32,6.5
865452876,49.023829,16.50137,14,49.1951,16.6068,20.53,30.8
2594902860,50.417969,14.900803,5,50.7671,15.0562,40.34,39.2
1278419788,48.639318,14.230686,1,48.9745,14.4743,41.32,58.9
1668223820,49.08633,15.432955,13,49.3961,15.5904,36.29,47.4
3462861644,49.143659,15.003761,1,48.9745,14.4743,42.92,49.3
1483477836,49.569695,17.252196,8,49.5938,17.2509,2.68,6.3
2349585228,48.833777,16.852347,14,49.1951,16.6068,43.99,37.8
4120101708,48.877037,16.201177,14,49.1951,16.6068,46.1,48.4
4130804556,49.936615,17.910264,12,49.8209,18.2625,28.33,34.0
1259082572,49.144356,13.558325,2,49.7384,13.3736,67.39,88.4
4114027340,49.852519,14.705112,11,50.0406,14.5567,23.46,26.1
636719948,50.235213,12.878151,3,50.2327,12.8712,0.57,1.1
2548044620,50.907115,14.620341,5,50.7671,15.0562,34.34,46.8
2647135052,49.788638,18.428414,12,49.8209,18.2625,12.44,18.7
3625198412,50.147636,13.906012,10,50.088,14.4208,37.3,40.5
1287242572,49.957156,15.078476,11,50.0406,14.5567,38.43,52.9
2128941900,49.76036,13.371181,2,49.7384,13.3736,2.45,5.6
1773998924,49.200083,16.625739,14,49.1951,16.6068,1.48,4.9
1780388684,49.771735,13.371855,2,49.7384,13.3736,3.71,7.9
669324108,50.643904,15.25134,5,50.7671,15.0562,19.4,29.0
1675428428,49.36688,15.712742,13,49.3961,15.5904,9.43,17.4
1242895180,50.586191,15.885474,6,50.2104,15.8252,42.0,50.1
3397440332,49.95584,14.044731,10,50.088,14.4208,30.62,35.8
3054289740,49.15103,16.656815,14,49.1951,16.6068,6.1,12.7
4027376460,50.657777,14.992903,5,50.7671,15.0562,12.95,23.2
1067389772,50.26275,14.685316,11,50.0406,14.5567,26.35,34.9
3219465036,50.149216,14.137625,10,50.088,14.4208,21.31,35.4
2538799692,50.176789,16.91108,8,49.5938,17.2509,69.25,84.8
3311985484,49.190481,16.626647,14,49.1951,16.6068,1.53,6.0
3537965900,49.679939,18.614893,12,49.8209,18.2625,29.78,31.5
3135443788,50.251189,14.312072,10,50.088,14.4208,19.73,32.8
200180556,50.198291,15.83601,6,50.2104,15.8252,1.55,5.0
3158950732,49.263525,17.723045,9,49.2265,17.6625,6.02,11.3
90182476,49.294574,16.977253,14,49.1951,16.6068,29.08,33.0
454984524,49.689561,14.004347,2,49.7384,13.3736,45.67,65.9
3650491212,49.965104,14.072939,10,50.088,14.4208,28.36,33.8
1250300748,49.600472,17.23258,8,49.5938,17.2509,1.51,4.7
883299148,50.086624,14.471695,10,50.088,14.4208,3.63,11.0
1907757900,49.693501,18.351633,12,49.8209,18.2625,15.55,19.8
1739248460,49.748213,18.131492,12,49.8209,18.2625,12.4,21.2
932197196,48.856449,17.111918,14,49.1951,16.6068,52.67,54.1
4122395468,50.173289,14.648778,11,50.0406,14.5567,16.15,28.7
2839425868,49.39981,13.276098,2,49.7384,13.3736,38.3,43.6
1183191884,50.140072,14.508415,10,50.088,14.4208,8.52,16.8
1053766476,50.627697,15.136529,5,50.7671,15.0562,16.5,18.2
2079396684,50.215557,15.848609,6,50.2104,15.8252,1.76,3.9
2454393676,49.964517,12.695724,3,50.2327,12.8712,32.34,46.1
1000743756,50.503756,13.637868,4,50.6607,14.0328,32.9,40.4
3599635276,49.669161,15.398,13,49.3961,15.5904,33.39,45.3
1498010444,50.221157,12.186642,3,50.2327,12.8712,48.71,49.2
538129228,50.224375,12.883903,3,50.2327,12.8712,1.29,3.8
968233804,50.538416,14.141375,4,50.6607,14.0328,15.61,29.6
1894323020,50.130232,14.433278,10,50.088,14.4208,4.78,15.8
819336012,49.960134,14.045886,10,50.088,14.4208,30.32,35.9
3822457676,50.173217,12.645589,3,50.2327,12.8712,17.37,17.0
625599308,49.775241,18.449435,12,49.8209,18.2625,14.35,21.1
4249166668,50.627602,13.826711,4,50.6607,14.0328,14.99,18.6
2910069580,50.209761,12.828109,3,50.2327,12.8712,3.99,7.6
46666572,49.219641,16.541251,14,49.1951,16.6068,5.49,10.8
3569144396,48.848532,17.131565,14,49.1951,16.6068,54.31,57.3
2839638604,49.087186,13.480442,2,49.7384,13.3736,72.82,98.1
4144415308,48.639597,14.227067,1,48.9745,14.4743,41.41,57.9
783889228,49.248144,17.795243,9,49.2265,17.6625,9.93,16.6
1421030220,49.142152,13.557506,2,49.7384,13.3736,67.62,89.1
1825702476,49.786912,14.690444,11,50.0406,14.5567,29.79,33.3
2966164300,49.056244,13.791737,1,48.9745,14.4743,50.6,57.9
2764120908,49.066501,17.482844,9,49.2265,17.6625,22.07,35.5
1008079692,50.048907,14.542502,11,50.0406,14.5567,1.37,4.2
1134527308,50.050333,15.759134,7,50.0343,15.7704,1.96,3.9
3154514764,50.755118,15.020838,5,50.7671,15.0562,2.82,9.6
2923500364,49.829013,18.170138,12,49.8209,18.2625,6.69,11.5
517268300,49.181283,15.460899,13,49.3961,15.5904,25.67,33.5
170267468,50.290853,14.823431,11,50.0406,14.5567,33.69,38.8
4012249932,50.10162,14.430485,10,50.088,14.4208,1.66,5.8
2938512204,50.781105,14.625328,5,50.7671,15.0562,30.34,35.8
3227284044,50.779421,15.113167,5,50.7671,15.0562,4.23,9.1
959681356,49.718493,12.778109,2,49.7384,13.3736,42.86,37.3
3964015436,49.595291,17.236916,8,49.5938,17.2509,1.02,3.2
2816729932,50.225954,12.876859,3,50.2327,12.8712,0.85,2.7
3615953740,49.486163,13.582253,2,49.7384,13.3736,31.82,38.0
2375029580,49.243724,17.668171,9,49.2265,17.6625,1.96,5.8
1251291980,49.036404,16.622038,14,49.1951,16.6068,17.68,24.3
3573556044,50.337305,13.549547,3,50.2327,12.8712,49.58,66.0
3986199372,49.599364,18.11498,12,49.8209,18.2625,26.82,37.3
2125927244,49.779316,13.361394,2,49.7384,13.3736,4.63,10.6
59183948,50.422784,14.911402,5,50.7671,15.0562,39.63,37.6
1343427404,49.579651,17.222026,8,49.5938,17.2509,2.61,6.4
3116831564,49.195793,16.54464,14,49.1951,16.6068,4.52,9.4
449254220,49.832706,16.328689,7,50.0343,15.7704,45.82,58.2
2546406220,50.110083,13.758829,10,50.088,14.4208,47.28,51.4
720835404,50.065443,14.30462,10,50.088,14.4208,8.66,19.0
1240929100,50.783819,15.051415,5,50.7671,15.0562,1.89,5.7
2347176780,49.733378,13.363807,2,49.7384,13.3736,0.9,3.1
192357196,50.034334,15.76754,7,50.0343,15.7704,0.2,2.4
577602380,49.173057,16.594741,14,49.1951,16.6068,2.6,7.7
1075254092,49.667915,18.713303,12,49.8209,18.2625,36.59,42.2
385733452,48.804573,16.375826,14,49.1951,16.6068,46.58,52.3
3200639820,49.795282,12.633653,3,50.2327,12.8712,51.52,68.3
1854333772,50.709717,15.193457,5,50.7671,15.0562,11.58,19.6
1930961740,50.701379,15.467691,5,50.7671,15.0562,29.87,53.0
1186317132,49.463404,18.086426,9,49.2265,17.6625,40.46,69.8
1399661388,49.747415,13.359346,2,49.7384,13.3736,1.43,5.5
3417568076,50.655992,15.908982,6,50.2104,15.8252,49.9,59.1
2007659084,50.757739,15.105729,5,50.7671,15.0562,3.64,7.2
283579212,50.070581,14.864423,11,50.0406,14.5567,22.22,35.1
2574259020,49.761873,16.478034,8,49.5938,17.2509,58.67,59.2
2184241996,49.593345,17.237125,8,49.5938,17.2509,0.99,4.0
3938042700,50.070581,14.864423,11,50.0406,14.5567,22.22,35.1
3363894092,48.856936,16.060277,14,49.1951,16.6068,54.79,57.3
1407877964,49.115251,16.723336,14,49.1951,16.6068,12.27,20.7
3369345868,49.585741,17.242124,8,49.5938,17.2509,1.1,5.1
1992155724,49.204191,16.630672,14,49.1951,16.6068,2.01,5.9
577712972,50.725521,15.041198,5,50.7671,15.0562,4.74,8.7
3212845900,50.588887,15.729054,6,50.2104,15.8252,42.63,63.5
2655842892,49.470656,17.106557,8,49.5938,17.2509,17.2,20.3
1073153356,49.188372,16.607325,14,49.1951,16.6068,0.75,2.9
3057767244,50.237245,12.850812,3,50.2327,12.8712,1.54,3.9
1269879628,50.769433,14.203547,4,50.6607,14.0328,17.05,26.0
3537384268,49.75179,13.265901,2,49.7384,13.3736,7.88,14.0
3777332044,50.175988,14.41148,10,50.088,14.4208,9.81,23.6
1118901068,50.225171,12.885155,3,50.2327,12.8712,1.3,3.2
2318099020,50.225121,12.883088,3,50.2327,12.8712,1.19,3.1
3247715148,48.974469,14.474342,1,48.9745,14.4743,0.0,1.4
1917326156,50.240726,12.852374,3,50.2327,12.8712,1.61,3.9
3148292940,50.185663,15.029023,11,50.0406,14.5567,37.34,48.7
676381516,49.063287,13.779032,1,48.9745,14.4743,51.65,61.8
738661196,50.692578,14.527754,4,50.6607,14.0328,35.06,57.8
482669388,50.514968,16.010104,6,50.2104,15.8252,36.32,49.3
3015451468,49.795756,18.398614,12,49.8209,18.2625,10.16,16.7
4237300556,50.576216,14.4985,4,50.6607,14.0328,34.17,57.8
1154349148,50.225006,12.880943,3,50.2327,12.8712,1.1,4.7
3031438156,50.0325,15.5564,7,50.0343,15.7704,15.29,21.5
327160652,48.842781,14.632538,1,48.9745,14.4743,18.66,26.3
354882380,49.901043,16.441726,7,50.0343,15.7704,50.25,66.0
699405132,49.676361,18.3666,12,49.8209,18.2625,17.73,20.3
810972492,49.222918,17.713809,9,49.2265,17.6625,3.75,7.4
1282155340,50.225288,12.875725,3,50.2327,12.8712,0.88,2.9
3477525324,49.53041,12.930692,2,49.7384,13.3736,39.4,48.2
3728151372,50.088793,17.092456,8,49.5938,17.2509,56.2,71.7
94511948,49.7031,13.665756,2,49.7384,13.3736,21.37,29.8
133698380,50.49929,13.638198,4,50.6607,14.0328,33.14,40.0
1764549452,50.734153,15.238645,5,50.7671,15.0562,13.35,23.6
119046988,49.375339,16.653259,14,49.1951,16.6068,20.32,33.2
2963280716,50.663423,14.032207,4,50.6607,14.0328,0.31,0.6
3671069516,49.939514,17.883646,12,49.8209,18.2625,30.18,38.9
886051660,49.903262,16.442605,7,50.0343,15.7704,50.24,65.2
4257223500,49.946991,16.147143,7,50.0343,15.7704,28.63,37.4
1136661324,49.36293,17.364157,9,49.2265,17.6625,26.42,38.1
3831116620,49.85882,14.259591,10,50.088,14.4208,27.97,35.5
1733567308,49.843713,18.316522,12,49.8209,18.2625,4.63,10.3
3413279564,49.178134,16.53982,14,49.1951,16.6068,5.22,15.2
3086160716,49.847217,18.174873,12,49.8209,18.2625,6.93,14.0
991105868,49.555445,17.725446,8,49.5938,17.2509,34.48,35.9
2277782348,49.778415,18.218761,12,49.8209,18.2625,5.67,12.0
2031498060,49.45307,17.46842,8,49.5938,17.2509,22.17,28.0
1938600780,50.595442,15.733008,6,50.2104,15.8252,43.31,64.6
4103193420,50.298537,17.321546,8,49.5938,17.2509,78.53,112.6
4086268748,49.019664,14.543629,1,48.9745,14.4743,7.13,10.9
4291765068,49.102282,17.464708,9,49.2265,17.6625,19.94,29.8
4237239116,49.962803,14.074259,10,50.088,14.4208,28.4,34.6
50533196,50.195672,15.85845,6,50.2104,15.8252,2.88,7.5
804336460,49.88768,16.860617,8,49.5938,17.2509,43.06,39.2
2313786188,50.233263,17.206581,8,49.5938,17.2509,71.18,104.5
3154821964,50.578696,16.337303,6,50.2104,15.8252,54.73,79.5
1130885964,49.73576,13.332367,2,49.7384,13.3736,2.98,7.5
2276004684,50.490405,13.434972,4,50.6607,14.0328,46.27,52.2
1024836428,49.414412,14.657801,1,48.9745,14.4743,50.7,42.5
3514098508,49.851843,18.214518,12,49.8209,18.2625,4.87,16.8
2263946060,50.052607,15.76116,7,50.0343,15.7704,2.14,3.8
3735495500,49.755245,16.461263,7,50.0343,15.7704,58.41,71.1
3273454412,50.041738,14.561617,11,50.0406,14.5567,0.37,2.7
1585652556,49.263916,13.908861,1,48.9745,14.4743,52.24,58.7
3247510348,49.634618,14.638873,11,50.0406,14.5567,45.53,49.2
4064359244,49.729972,13.407161,2,49.7384,13.3736,2.59,7.1
1867887436,50.773106,15.06656,5,50.7671,15.0562,0.99,3.4
2353673036,50.146271,14.071596,10,50.088,14.4208,25.73,37.2
2604577356,50.074904,17.300536,8,49.5938,17.2509,53.61,73.1
1340117836,50.415371,15.137859,5,50.7671,15.0562,39.53,44.8
888214348,49.200286,16.640582,14,49.1951,16.6068,2.52,7.6
4258382668,50.75824,15.266713,5,50.7671,15.0562,14.84,29.4
984949580,50.31402,12.946112,3,50.2327,12.8712,10.49,14.0
3671442252,49.197522,16.658122,14,49.1951,16.6068,3.74,10.1
70632268,49.778873,18.257815,12,49.8209,18.2625,4.69,9.8
2519872332,50.184846,15.063578,11,50.0406,14.5567,39.54,47.5
3966026572,49.987788,15.614683,7,50.0343,15.7704,12.27,20.6
705700428,49.201508,16.623514,14,49.1951,16.6068,1.41,5.3
4149391948,49.222898,17.714655,9,49.2265,17.6625,3.81,7.3
1686844236,50.077325,12.343798,3,50.2327,12.8712,41.36,34.6
1495339852,50.083435,12.775013,3,50.2327,12.8712,17.96,32.9
3565892428,50.077325,12.343798,3,50.2327,12.8712,41.36,34.6
4065399628,49.033744,16.103161,14,49.1951,16.6068,40.81,58.5
2493760332,50.415118,14.90372,5,50.7671,15.0562,40.59,37.8
1068536652,49.760161,15.899036,7,50.0343,15.7704,31.84,38.4
4167111500,50.207038,14.842359,11,50.0406,14.5567,27.52,38.1
3361805132,48.987476,14.436117,1,48.9745,14.4743,3.14,8.7
134878028,49.670001,18.349315,12,49.8209,18.2625,17.9,17.6
841487180,50.634437,13.846201,4,50.6607,14.0328,13.48,15.9
1881928524,49.237023,17.644048,9,49.2265,17.6625,1.78,4.0
2200695628,49.237023,17.644048,9,49.2265,17.6625,1.78,4.0
1015448396,50.415787,14.909636,5,50.7671,15.0562,40.41,37.7
698925900,50.415787,14.909636,5,50.7671,15.0562,40.41,37.7
4089242444,50.415787,14.909636,5,50.7671,15.0562,40.41,37.7
1558909772,50.76106,14.179817,4,50.6607,14.0328,15.22,25.6
4281045836,50.643714,13.858889,4,50.6607,14.0328,12.41,19.9
3817202508,49.745259,13.367536,2,49.7384,13.3736,0.88,2.9
3790398284,50.227982,12.873993,3,50.2327,12.8712,0.56,3.0
3534558028,49.745043,13.388581,2,49.7384,13.3736,1.31,5.5
2282144844,50.225872,12.876257,3,50.2327,12.8712,0.84,2.8
2176410188,50.226715,12.875995,3,50.2327,12.8712,0.75,4.0
308810572,49.394798,13.309174,2,49.7384,13.3736,38.49,42.8
3820557132,49.280897,17.005027,14,49.1951,16.6068,30.45,29.9
3186545484,50.215288,15.844066,6,50.2104,15.8252,1.45,3.8
4125701452,49.057296,14.447752,1,48.9745,14.4743,9.41,15.7
2737169228,49.666436,15.40044,13,49.3961,15.5904,33.04,44.3
2359874380,48.639323,14.229322,1,48.9745,14.4743,41.36,59.5
1157300812,49.586219,17.245873,8,49.5938,17.2509,0.92,3.2
1175921484,49.20007,16.613628,14,49.1951,16.6068,0.74,4.7
1526960972,50.21524,15.81804,6,50.2104,15.8252,0.74,2.1
4182324044,50.026978,15.764241,7,50.0343,15.7704,0.93,2.0
382653260,49.597296,17.26509,8,49.5938,17.2509,1.09,4.0
2432308044,49.223335,17.626826,9,49.2265,17.6625,2.61,6.9
191566668,49.243355,17.668028,9,49.2265,17.6625,1.92,6.1
3112551244,50.158642,14.741513,11,50.0406,14.5567,18.6,30.1
2362819404,49.197522,16.658122,14,49.1951,16.6068,3.74,10.1
4285731404,50.215288,15.844066,6,50.2104,15.8252,1.45,3.8
3367834444,49.677807,13.994774,2,49.7384,13.3736,45.17,65.4
2957976396,49.595028,17.214656,8,49.5938,17.2509,2.62,5.2
1549922892,50.401298,14.886973,5,50.7671,15.0562,42.39,38.1
2624713292,50.401298,14.886973,5,50.7671,15.0562,42.39,38.1
1247343436,50.132339,14.339836,10,50.088,14.4208,7.59,18.2
1977189196,49.017942,15.10186,1,48.9745,14.4743,46.04,57.3
292799308,49.136432,13.234659,2,49.7384,13.3736,67.69,77.7
2362250060,50.238958,12.854194,3,50.2327,12.8712,1.4,3.3
3455914828,50.76618,14.111753,4,50.6607,14.0328,12.98,25.3
2633831244,50.68426,14.025602,4,50.6607,14.0328,2.67,6.4
1601516364,49.050487,15.815433,13,49.3961,15.5904,41.76,49.8
2650727244,50.316168,13.542785,3,50.2327,12.8712,48.62,64.2
3044619084,50.046763,14.175326,10,50.088,14.4208,18.11,30.7
2639139660,49.977867,12.708983,3,50.2327,12.8712,30.61,62.4
3410269004,48.841388,16.065614,14,49.1951,16.6068,55.72,57.9
2355700556,49.779858,13.362855,2,49.7384,13.3736,4.67,10.1
2136871756,49.91639,16.609911,8,49.5938,17.2509,58.37,69.5
3057627980,50.346532,14.487636,10,50.088,14.4208,29.14,43.1
2015241036,50.344542,14.491265,10,50.088,14.4208,28.96,42.4
3960025932,49.789001,18.428186,12,49.8209,18.2625,12.41,18.6
3104010828,50.159948,15.464848,7,50.0343,15.7704,25.89,32.5
3156157260,49.204671,16.614652,14,49.1951,16.6068,1.21,4.1
2138223436,50.154402,15.460261,7,50.0343,15.7704,25.84,31.5
1174328140,50.215288,15.844066,6,50.2104,15.8252,1.45,3.8
699253580,50.132592,14.136749,10,50.088,14.4208,20.85,34.6
1320096588,49.459933,18.116044,12,49.8209,18.2625,41.5,57.1
3645772620,49.91639,16.609911,8,49.5938,17.2509,58.37,69.5
4109120332,49.763285,13.348788,2,49.7384,13.3736,3.29,7.7
2985173836,50.333866,14.495582,10,50.088,14.4208,27.85,39.9
4246811468,50.501534,13.448488,4,50.6607,14.0328,44.89,51.9
3838776140,50.637143,13.839582,4,50.6607,14.0328,13.87,17.3
2860454732,49.584099,17.256551,8,49.5938,17.2509,1.15,2.6
3118277452,49.459171,17.443115,8,49.5938,17.2509,20.41,23.7
1680114508,50.186616,14.650163,11,50.0406,14.5567,17.55,29.9
559031116,49.107492,16.600556,14,49.1951,16.6068,9.75,14.6
1788678732,48.989152,14.530314,1,48.9745,14.4743,4.4,8.8
218178380,48.810381,16.383503,14,49.1951,16.6068,45.77,48.3
3621794636,50.637428,13.799169,4,50.6607,14.0328,16.67,20.1
2156401484,50.783178,14.237955,4,50.6607,14.0328,19.85,30.1
1773806412,49.608589,17.252101,8,49.5938,17.2509,1.65,4.4
2022449996,50.493585,13.658743,4,50.6607,14.0328,32.29,40.5
2890302284,49.935681,14.282353,10,50.088,14.4208,19.61,31.7
1440035660,48.765996,16.88549,14,49.1951,16.6068,51.87,44.7
994956108,50.50256,13.655883,4,50.6607,14.0328,31.9,38.8
3531920204,49.679789,18.342369,12,49.8209,18.2625,16.71,17.6
1809322828,49.209229,16.601098,14,49.1951,16.6068,1.62,4.3
836092748,49.197522,16.658122,14,49.1951,16.6068,3.74,10.1
1539687244,49.197522,16.658122,14,49.1951,16.6068,3.74,10.1
2043003724,49.197522,16.658122,14,49.1951,16.6068,3.74,10.1
6198092,49.205409,16.603598,14,49.1951,16.6068,1.17,3.6
3018179404,49.728139,13.352915,2,49.7384,13.3736,1.87,5.0
204198732,48.855786,17.128826,14,49.1951,16.6068,53.59,56.7
3908797260,49.316555,17.465086,9,49.2265,17.6625,17.48,25.9
2019935052,49.197522,16.658122,14,49.1951,16.6068,3.74,10.1
2581500492,50.078197,14.864236,11,50.0406,14.5567,22.35,35.3
3221549900,50.679926,14.117007,4,50.6607,14.0328,6.31,11.3
428487500,50.074994,12.35713,3,50.2327,12.8712,40.61,32.9
4273615692,49.256097,16.584051,14,49.1951,16.6068,6.98,10.1
3186684748,49.147581,14.164919,1,48.9745,14.4743,29.64,34.9
3423220556,50.136322,14.126186,10,50.088,14.4208,21.68,33.4
2366255948,50.136322,14.126186,10,50.088,14.4208,21.68,33.4
1815753548,49.403,15.603082,13,49.3961,15.5904,1.2,4.4
2439365452,49.83424,18.186593,12,49.8209,18.2625,5.64,10.0
332776268,49.197522,16.658122,14,49.1951,16.6068,3.74,10.1
1842660172,49.197522,16.658122,14,49.1951,16.6068,3.74,10.1
1014178636,49.296847,15.476904,13,49.3961,15.5904,13.76,23.5
1008124748,50.034867,14.386831,10,50.088,14.4208,6.39,14.1
2032484940,49.734693,13.39025,2,49.7384,13.3736,1.27,4.8
4096246604,49.197522,16.658122,14,49.1951,16.6068,3.74,10.1
854577996,49.968216,12.705111,3,50.2327,12.8712,31.71,47.8
1946207052,50.043388,15.790439,7,50.0343,15.7704,1.75,4.9
3305161548,48.797491,14.6163,1,48.9745,14.4743,22.25,33.7
844870476,49.183656,16.557858,14,49.1951,16.6068,3.78,9.3
4212269900,50.587283,15.156799,5,50.7671,15.0562,21.21,20.9
3241288524,50.185064,15.83102,6,50.2104,15.8252,2.85,6.4
3073315660,50.255987,14.643545,10,50.088,14.4208,24.51,38.8
3089732428,49.225362,17.844517,9,49.2265,17.6625,13.22,20.2
480453452,50.213344,12.743788,3,50.2327,12.8712,9.32,11.6
1247359820,49.263642,13.387291,2,49.7384,13.3736,52.8,64.0
388178764,50.184045,15.030263,11,50.0406,14.5567,37.35,48.5
2523718476,49.522421,18.331783,12,49.8209,18.2625,33.56,33.6
828580684,49.033744,16.103161,14,49.1951,16.6068,40.81,58.5
2306614092,50.760879,14.180043,4,50.6607,14.0328,15.22,25.6
3808158540,50.721356,15.596774,5,50.7671,15.0562,38.37,82.9
4223476556,49.150441,15.003056,1,48.9745,14.4743,43.21,47.2
2985112396,50.507351,16.022646,6,50.2104,15.8252,35.87,49.9
2580882252,48.80102,14.311217,1,48.9745,14.4743,22.68,28.5
3741770572,49.197281,16.624054,14,49.1951,16.6068,1.28,6.0
2331321164,50.133978,14.130717,10,50.088,14.4208,21.31,33.6
1718494028,49.776053,18.256094,12,49.8209,18.2625,5.01,10.4
3474395980,49.827432,18.194159,12,49.8209,18.2625,4.96,8.6
3989185356,49.856661,18.558649,12,49.8209,18.2625,21.61,33.9
2122785612,50.609671,13.74386,4,50.6607,14.0328,21.15,27.0
1364341580,49.226603,16.619961,14,49.1951,16.6068,3.63,8.9
4106625868,50.193209,15.846519,6,50.2104,15.8252,2.44,7.4
1315251020,50.758995,15.037348,5,50.7671,15.0562,1.6,6.7
2318521164,50.078197,14.864236,11,50.0406,14.5567,22.35,35.3
4070482764,49.73576,13.332367,2,49.7384,13.3736,2.98,7.5
3578565452,50.76228,14.247592,4,50.6607,14.0328,18.88,32.1
2633376588,48.858425,13.822212,1,48.9745,14.4743,49.37,80.2
60236620,49.176407,16.624548,14,49.1951,16.6068,2.45,7.6
3794654028,49.580751,15.935093,13,49.3961,15.5904,32.27,46.0
624030540,49.470656,17.106557,8,49.5938,17.2509,17.2,20.3
2104878924,49.535098,18.391645,12,49.8209,18.2625,33.11,31.5
2874549068,49.138627,15.018484,1,48.9745,14.4743,43.65,50.6
1173758796,49.281001,17.876827,9,49.2265,17.6625,16.69,25.7
2464842572,49.115251,16.723336,14,49.1951,16.6068,12.27,20.7
273032012,50.506403,13.63657,4,50.6607,14.0328,32.82,39.4
885179212,49.73645,13.594862,2,49.7384,13.3736,15.9,22.0
3054682956,50.360009,15.631884,6,50.2104,15.8252,21.57,25.2
2870932300,49.188559,16.537573,14,49.1951,16.6068,5.08,12.0
2916078412,49.778482,13.360205,2,49.7384,13.3736,4.56,11.0
4012954444,49.199639,16.620007,14,49.1951,16.6068,1.08,4.1
749978444,49.572567,17.255182,8,49.5938,17.2509,2.38,6.1
4210279244,49.800285,12.627128,3,50.2327,12.8712,51.15,69.1
1572975436,49.052249,14.43427,1,48.9745,14.4743,9.12,14.4
1442038604,49.205276,16.604408,14,49.1951,16.6068,1.14,4.0
2363736908,50.028796,15.77208,7,50.0343,15.7704,0.62,2.4
3325257036,50.151063,14.089626,10,50.088,14.4208,24.63,40.2
4060664652,50.289251,14.449259,10,50.088,14.4208,22.47,36.1
1497404236,49.596551,14.837505,11,50.0406,14.5567,53.33,68.9
1344086860,49.726583,13.400461,2,49.7384,13.3736,2.34,6.1
1141711692,50.05298,15.751268,7,50.0343,15.7704,2.49,5.8
288170828,50.371267,17.184877,8,49.5938,17.2509,86.58,126.6
3816629068,50.225046,12.191163,3,50.2327,12.8712,48.38,51.1
3401458508,49.838559,18.087606,12,49.8209,18.2625,12.7,23.1
4061012812,49.002043,16.615142,14,49.1951,16.6068,21.48,29.9
1395532620,50.729025,15.447957,5,50.7671,15.0562,27.89,52.3
262419276,50.419553,14.914258,5,50.7671,15.0562,39.92,36.6
2961056588,50.136322,14.126186,10,50.088,14.4208,21.68,33.4
3833471820,50.136322,14.126186,10,50.088,14.4208,21.68,33.4
2723730252,49.102941,17.756528,9,49.2265,17.6625,15.35,30.2
1116676940,48.947034,17.375687,9,49.2265,17.6625,37.44,46.7
462914380,50.355582,13.810341,4,50.6607,14.0328,37.4,49.7
3053966156,49.210618,16.496885,14,49.1951,16.6068,8.17,18.0
2477003596,50.127726,14.46548,10,50.088,14.4208,5.45,14.8
1291789132,50.137805,12.801136,3,50.2327,12.8712,11.67,22.1
3976934220,49.80058,12.640083,3,50.2327,12.8712,50.81,68.5
197202508,49.889583,15.488528,7,50.0343,15.7704,25.8,39.3
2738099020,49.019917,14.543049,1,48.9745,14.4743,7.12,11.1
2307400524,49.751307,13.41686,2,49.7384,13.3736,3.42,8.7
1244144460,49.21167,16.579118,14,49.1951,16.6068,2.73,5.6
3679986508,49.808387,18.229742,12,49.8209,18.2625,2.73,7.9
4116194124,49.394376,15.576775,13,49.3961,15.5904,1.0,3.0
894968652,50.074202,14.860812,11,50.0406,14.5567,22.03,34.5
71836492,50.115888,17.389522,8,49.5938,17.2509,58.9,82.4
3317244748,49.292202,14.141631,1,48.9745,14.4743,42.82,49.2
3651740492,49.292202,14.141631,1,48.9745,14.4743,42.82,49.2
3769181004,50.526928,14.123754,4,50.6607,14.0328,16.2,25.8
1037640524,49.400732,13.288696,2,49.7384,13.3736,38.04,41.4
3658863436,49.197834,16.589685,14,49.1951,16.6068,1.28,3.7
642327372,50.409553,12.981581,3,50.2327,12.8712,21.17,33.4
3868861260,50.725645,15.041376,5,50.7671,15.0562,4.73,8.6
2225980236,50.477207,13.417006,3,50.2327,12.8712,47.31,56.4
2197431116,49.570986,17.253809,8,49.5938,17.2509,2.55,6.1
1407853388,49.307059,16.545193,14,49.1951,16.6068,13.23,20.1
1377444684,49.466758,17.114135,8,49.5938,17.2509,17.23,19.2
472523596,49.553983,14.108243,2,49.7384,13.3736,56.73,79.4
462304076,49.114774,16.198766,14,49.1951,16.6068,30.99,43.7
1577480780,49.815309,14.396117,11,50.0406,14.5567,27.56,48.2
3005231948,49.983756,14.907878,11,50.0406,14.5567,25.88,38.9
3130143564,49.951093,15.795576,7,50.0343,15.7704,9.43,15.3
3320722252,50.779035,15.423764,5,50.7671,15.0562,25.88,47.2
2598187852,48.65697,14.585152,1,48.9745,14.4743,36.23,42.8
812262220,49.467663,15.007962,13,49.3961,15.5904,42.86,55.8
3166966604,50.041446,14.553762,11,50.0406,14.5567,0.23,1.2
3519750988,49.331208,13.208416,2,49.7384,13.3736,46.82,52.6
3925750604,48.6471,14.2211,1,48.9745,14.4743,40.85,59.6
3801817932,50.122555,17.373161,8,49.5938,17.2509,59.44,83.6
3511280460,49.581338,17.235032,8,49.5938,17.2509,1.8,4.9
1323700812,50.232988,14.386704,10,50.088,14.4208,16.3,26.5
1217278796,49.529396,17.582342,8,49.5938,17.2509,24.95,27.6
2476618572,49.529396,17.582342,8,49.5938,17.2509,24.95,27.6
3533583180,49.529396,17.582342,8,49.5938,17.2509,24.95,27.6
3680564044,49.672732,18.346569,12,49.8209,18.2625,17.55,17.2
1739535180,49.436633,15.223041,13,49.3961,15.5904,26.95,34.7
1039151948,50.023516,15.834722,7,50.0343,15.7704,4.75,10.1
4072682316,48.974469,14.474342,1,48.9745,14.4743,0.0,1.4
183055180,50.169317,14.106911,10,50.088,14.4208,24.13,38.7
2435330892,50.058976,14.381344,10,50.088,14.4208,4.28,12.3
681952076,49.753714,12.53928,3,50.2327,12.8712,58.31,79.2
1492071244,49.980875,17.364081,8,49.5938,17.2509,43.8,63.5
1752617804,50.164808,14.106121,10,50.088,14.4208,24.0,39.7
3880751948,48.833455,16.175516,14,49.1951,16.6068,51.05,54.6
560833356,49.630412,16.044329,13,49.3961,15.5904,41.87,56.6
790987596,49.601822,18.136188,12,49.8209,18.2625,26.0,34.0
1558786892,49.781406,14.165892,10,50.088,14.4208,38.67,42.7
2159145804,50.526928,14.123754,4,50.6607,14.0328,16.2,25.8
815805260,50.680463,14.10599,4,50.6607,14.0328,5.61,11.5
1497379660,50.185782,15.042684,11,50.0406,14.5567,38.23,46.4
2181051212,50.764323,15.073007,5,50.7671,15.0562,1.22,5.0
3412079436,49.720717,15.67018,7,50.0343,15.7704,35.6,46.7
2556375884,50.067647,12.364046,3,50.2327,12.8712,40.53,33.6
1158214476,49.197053,13.503896,2,49.7384,13.3736,60.93,78.2
2293400396,50.023936,15.191917,7,50.0343,15.7704,41.34,51.0
3720491852,50.581581,15.892426,6,50.2104,15.8252,41.55,49.5
334639948,50.483049,14.001168,4,50.6607,14.0328,19.88,23.3
4041356108,49.332399,17.988665,9,49.2265,17.6625,26.43,38.1
2197959500,49.007931,14.757082,1,48.9745,14.4743,20.96,23.9
4153619276,49.170945,16.6873,14,49.1951,16.6068,6.44,13.1
1443652940,49.24563,16.585119,14,49.1951,16.6068,5.84,10.3
4090704716,50.123528,12.354573,3,50.2327,12.8712,38.74,33.2
750531404,49.174414,15.456957,13,49.3961,15.5904,26.48,35.7
516084300,50.401936,12.973761,3,50.2327,12.8712,20.18,30.9
3482071884,49.981667,12.698314,3,50.2327,12.8712,30.52,42.1
1095140172,50.730913,15.609115,5,50.7671,15.0562,39.11,82.1
3769447244,50.034227,15.775606,7,50.0343,15.7704,0.37,4.2
242340684,50.10634,14.54628,11,50.0406,14.5567,7.35,18.2
1752970060,50.755352,15.064513,5,50.7671,15.0562,1.43,4.2
3632018252,49.829053,18.180838,12,49.8209,18.2625,5.93,10.7
1685861196,50.565349,15.905311,6,50.2104,15.8252,39.88,48.4
2236363596,49.999263,14.15123,10,50.088,14.4208,21.63,29.1
2683282252,48.986096,14.468093,1,48.9745,14.4743,1.37,4.5
1453966156,48.988423,14.470789,1,48.9745,14.4743,1.57,4.5
2823496524,49.776231,16.925846,8,49.5938,17.2509,30.96,26.1
1166291788,49.084584,17.88397,9,49.2265,17.6625,22.55,37.5
3587335244,49.201508,16.623514,14,49.1951,16.6068,1.41,5.3
2633536332,49.390989,15.580247,13,49.3961,15.5904,0.93,3.2
3557483340,49.684005,18.630927,12,49.8209,18.2625,30.53,36.1
877933388,49.217472,15.897976,13,49.3961,15.5904,29.86,40.1
4469580,50.6375,13.8114,4,50.6607,14.0328,15.82,19.5
2403611468,49.748942,13.34171,2,49.7384,13.3736,2.57,6.9
1975685708,49.59022,17.237557,8,49.5938,17.2509,1.04,4.6
2856997452,49.8322,18.257536,12,49.8209,18.2625,1.31,3.1
2568368972,49.846936,18.286985,12,49.8209,18.2625,3.39,8.6
1115865932,48.722411,14.095165,1,48.9745,14.4743,39.44,45.7
3601281868,49.046929,15.815029,13,49.3961,15.5904,42.11,50.7
2595717964,49.098905,17.749494,9,49.2265,17.6625,15.53,28.2
889598796,49.89779,18.094619,12,49.8209,18.2625,14.76,23.1
2026582860,49.03787,13.636443,1,48.9745,14.4743,61.52,73.0
2488939340,50.680823,14.033113,4,50.6607,14.0328,2.24,5.5
2342072908,50.226331,12.85309,3,50.2327,12.8712,1.47,3.6
4047909708,49.208547,17.233783,9,49.2265,17.6625,31.2,48.8
1620456268,50.090285,17.698709,12,49.8209,18.2625,50.24,59.7
3830854476,49.67488,16.368916,14,49.1951,16.6068,56.05,71.1
1162294092,49.754669,13.414403,2,49.7384,13.3736,3.44,8.4
2654982988,49.20597,16.595387,14,49.1951,16.6068,1.47,3.3
1706345292,50.094015,15.039351,11,50.0406,14.5567,34.96,42.7
1339343692,50.778812,15.062426,5,50.7671,15.0562,1.37,3.7
2245378892,49.197522,16.658122,14,49.1951,16.6068,3.74,10.1
2294661964,49.197522,16.658122,14,49.1951,16.6068,3.74,10.1
4057318220,49.197522,16.658122,14,49.1951,16.6068,3.74,10.1
918410060,49.226361,13.535903,2,49.7384,13.3736,58.13,74.7
2792727372,49.476205,17.114836,8,49.5938,17.2509,16.35,17.4
774677324,49.20812,17.593693,9,49.2265,17.6625,5.4,10.2
3297772108,50.223754,15.783615,6,50.2104,15.8252,3.31,8.4
3122512716,50.37025,12.818844,3,50.2327,12.8712,15.74,30.0
2814038860,49.541892,15.390272,13,49.3961,15.5904,21.72,27.2
1442571084,50.575768,15.948198,6,50.2104,15.8252,41.55,51.6
560649036,50.49579,13.6508,4,50.6607,14.0328,32.62,40.7
4133806924,49.959013,16.988114,8,49.5938,17.2509,44.78,48.5
2996101964,49.566365,15.928593,13,49.3961,15.5904,30.91,44.8
1558872908,49.211542,16.620339,14,49.1951,16.6068,2.08,6.7
2986988364,49.984215,12.697999,3,50.2327,12.8712,30.27,41.7
1921311564,49.144357,13.558325,2,49.7384,13.3736,67.39,88.4
2995508044,50.225326,17.189661,8,49.5938,17.2509,70.36,103.1
1842668364,50.146667,13.960389,10,50.088,14.4208,33.47,37.8
3738817356,50.768668,14.214886,4,50.6607,14.0328,17.56,28.1
4284867404,49.841382,18.267381,12,49.8209,18.2625,2.3,5.7
1685357388,49.671102,18.341456,12,49.8209,18.2625,17.6,17.4
3453346636,49.462631,17.448221,8,49.5938,17.2509,20.39,26.1
2905178700,50.228596,12.868162,3,50.2327,12.8712,0.5,2.7
4269577036,49.288942,17.396752,9,49.2265,17.6625,20.5,32.9
96527180,49.581206,18.476889,12,49.8209,18.2625,30.79,37.3
1441117004,49.414188,15.596463,13,49.3961,15.5904,2.06,4.3
1642295884,50.749417,15.067144,5,50.7671,15.0562,2.11,6.7
150332236,50.184839,15.038934,11,50.0406,14.5567,37.94,46.2
1360524108,50.68013,14.096394,4,50.6607,14.0328,4.98,10.4
932881228,48.90057,17.314913,9,49.2265,17.6625,44.21,48.7
3048797004,50.073978,12.372205,3,50.2327,12.8712,39.69,30.8
67957580,50.781987,14.623783,5,50.7671,15.0562,30.45,36.3
3471762252,50.001639,15.159676,11,50.0406,14.5567,43.3,58.2
1367200844,50.230105,12.866589,3,50.2327,12.8712,0.44,1.0
2339431244,50.560776,16.187091,6,50.2104,15.8252,46.65,69.3
1726513996,49.226051,17.698565,9,49.2265,17.6625,2.62,6.1
2671895372,50.627029,15.137665,5,50.7671,15.0562,16.6,18.7
2285478732,49.181677,16.621867,14,49.1951,16.6068,1.85,5.6
1076212556,49.581851,17.301718,8,49.5938,17.2509,3.9,8.6
3584762444,50.187862,14.456816,10,50.088,14.4208,11.4,21.2
1575215948,49.10146,14.572953,1,48.9745,14.4743,15.84,16.0
3373187916,49.463404,18.086426,9,49.2265,17.6625,40.46,69.8
1676591948,49.502022,14.481152,1,48.9745,14.4743,58.66,57.7
3509502796,50.519056,14.971796,5,50.7671,15.0562,28.22,28.5
1042993996,48.989152,14.530314,1,48.9745,14.4743,4.4,8.8
729187148,49.566429,17.298769,8,49.5938,17.2509,4.6,9.9
227525452,49.595772,17.24978,8,49.5938,17.2509,0.23,2.4
3668951884,49.432162,18.288596,12,49.8209,18.2625,43.27,58.3
2299511628,50.191284,12.741903,3,50.2327,12.8712,10.29,12.2
3176419916,49.17608,16.639947,14,49.1951,16.6068,3.21,8.7
963232588,49.967313,14.573333,11,50.0406,14.5567,8.24,18.9
1843970892,49.930214,14.181598,10,50.088,14.4208,24.5,45.3
1986577228,50.119974,12.528689,3,50.2327,12.8712,27.42,24.8
2257175372,49.214589,16.568783,14,49.1951,16.6068,3.51,6.5
2043265868,50.771589,15.069613,5,50.7671,15.0562,1.07,2.5
35066700,49.715747,18.062782,12,49.8209,18.2625,18.51,26.8
1349706572,50.680157,14.116528,4,50.6607,14.0328,6.28,11.4
3974808396,50.580957,16.326347,6,50.2104,15.8252,54.4,79.3
3948593996,49.19795,16.644049,14,49.1951,16.6068,2.73,8.6
3091907404,49.596911,18.007279,12,49.8209,18.2625,30.94,35.2
3158938444,50.250482,16.348818,6,50.2104,15.8252,37.51,65.2
194757452,49.964842,12.701299,3,50.2327,12.8712,32.16,45.2
4239033164,50.634632,13.817651,4,50.6607,14.0328,15.44,18.0
181723980,50.043274,15.358385,7,50.0343,15.7704,29.44,37.9
2964640588,49.852196,18.55134,12,49.8209,18.2625,21.01,33.9
3441992524,48.855126,16.048455,14,49.1951,16.6068,55.56,59.3
438707020,49.482196,16.642473,14,49.1951,16.6068,32.03,41.8
2937525068,49.827432,18.194159,12,49.8209,18.2625,4.96,8.6
3994407756,50.766433,14.764063,5,50.7671,15.0562,20.55,25.5
1819661132,49.835697,18.155113,12,49.8209,18.2625,7.88,15.2
2786956108,50.59754,13.607579,4,50.6607,14.0328,30.8,39.5
1047974732,48.773084,16.891103,14,49.1951,16.6068,51.31,42.1
3866547020,48.981617,14.477505,1,48.9745,14.4743,0.83,3.3
2290602828,49.168629,16.727314,14,49.1951,16.6068,9.24,16.8
2836910924,50.02455,15.774968,7,50.0343,15.7704,1.13,2.7
1797772108,50.347168,14.418021,10,50.088,14.4208,28.82,37.0
394318668,50.197633,14.354679,10,50.088,14.4208,13.07,31.1
626053964,48.897637,17.315795,9,49.2265,17.6625,44.44,49.9
1322373964,49.846218,18.159936,12,49.8209,18.2625,7.88,15.2
2000802636,50.078197,14.864236,11,50.0406,14.5567,22.35,35.3
2161025868,49.210785,16.497989,14,49.1951,16.6068,8.1,18.1
1331811148,50.807352,14.360732,4,50.6607,14.0328,28.26,42.4
3976241996,49.050376,16.500597,14,49.1951,16.6068,17.85,23.6
2632110924,50.187562,15.837,6,50.2104,15.8252,2.67,6.1
3967869772,50.196202,14.296767,10,50.088,14.4208,14.93,28.4
501470028,49.709708,16.047481,7,50.0343,15.7704,41.19,55.1
1082970956,49.050765,17.526635,9,49.2265,17.6625,21.9,42.7
2199867980,49.066542,17.02573,14,49.1951,16.6068,33.67,42.4
1517081420,50.509677,14.15272,4,50.6607,14.0328,18.81,27.3
2622587724,48.668179,14.163803,1,48.9745,14.4743,40.95,52.4
3081696076,50.615717,15.612989,5,50.7671,15.0562,42.68,67.5
4255044428,49.01866,15.108956,1,48.9745,14.4743,46.56,57.3
1804522316,48.865132,13.91054,1,48.9745,14.4743,42.95,66.1
4151235404,49.565285,15.927506,13,49.3961,15.5904,30.77,44.3
4193415756,49.280823,13.618684,2,49.7384,13.3736,53.87,69.1
1801315148,50.148981,14.618986,11,50.0406,14.5567,12.84,26.3
2781483852,49.790243,18.226432,12,49.8209,18.2625,4.28,9.0
2662261580,48.802398,16.102348,14,49.1951,16.6068,57.11,59.8
1624171340,49.188062,16.599295,14,49.1951,16.6068,0.95,4.2
1543496524,50.164999,14.387747,10,50.088,14.4208,8.88,19.6
4001948492,49.762465,15.908534,7,50.0343,15.7704,31.8,38.8
1467540300,50.722322,15.167926,5,50.7671,15.0562,9.31,15.9
4114277196,50.781693,14.171135,4,50.6607,14.0328,16.61,29.5
4038845260,50.488532,13.433506,4,50.6607,14.0328,46.45,52.9
1267458892,49.19795,16.644049,14,49.1951,16.6068,2.73,8.6
3757146956,50.476672,16.094377,6,50.2104,15.8252,35.24,47.3
3516428876,49.331542,13.208885,2,49.7384,13.3736,46.78,52.2
1284174668,50.760908,14.188794,4,50.6607,14.0328,15.65,25.3
3703685708,50.74417,15.818295,5,50.7671,15.0562,53.67,111.3
735007308,49.168629,16.727314,14,49.1951,16.6068,9.24,16.8
3733451596,49.591825,17.243302,8,49.5938,17.2509,0.59,2.1
1939280716,50.206673,15.796908,6,50.2104,15.8252,2.06,3.7
1752335180,49.466101,18.126353,12,49.8209,18.2625,40.65,58.4
3526292300,49.967313,14.573333,11,50.0406,14.5567,8.24,18.9
2797597516,49.762907,13.366558,2,49.7384,13.3736,2.77,6.9
461800268,50.137971,12.794836,3,50.2327,12.8712,11.85,21.8
409043788,50.788438,15.141223,5,50.7671,15.0562,6.43,17.3
3917088076,49.156322,13.226715,2,49.7384,13.3736,65.59,77.9
381674060,50.237479,17.207092,8,49.5938,17.2509,71.64,105.2
2091287372,49.153213,16.893069,14,49.1951,16.6068,21.33,24.8
169120588,50.521,15.7604,6,50.2104,15.8252,34.84,48.7
2306773836,50.774598,14.193603,4,50.6607,14.0328,16.99,27.8
573670220,49.789322,18.264526,12,49.8209,18.2625,3.51,9.5
1874363212,50.212872,13.675094,10,50.088,14.4208,54.92,55.9
2542699084,49.844445,18.303279,12,49.8209,18.2625,3.93,9.3
2328073036,50.120699,16.221544,6,50.2104,15.8252,29.94,36.6
1897497420,50.226654,17.192014,8,49.5938,17.2509,70.5,103.2
4029383500,50.048812,17.08013,8,49.5938,17.2509,52.06,67.3
2407830348,49.948053,14.628424,11,50.0406,14.5567,11.5,19.3
2016777036,49.617159,15.574525,13,49.3961,15.5904,24.61,27.4
4087780172,49.861864,16.311582,7,50.0343,15.7704,43.21,52.7
4058420044,50.805638,14.409781,4,50.6607,14.0328,31.04,44.2
2744689484,50.352107,14.483603,10,50.088,14.4208,29.71,43.2
2510525260,49.984215,12.697999,3,50.2327,12.8712,30.27,41.7
241648204,50.783234,14.223558,4,50.6607,14.0328,19.13,28.6
869110604,50.126278,14.113278,10,50.088,14.4208,22.34,35.4
3825111884,49.964842,12.701299,3,50.2327,12.8712,32.16,45.2
1603244876,48.798714,16.628734,14,49.1951,16.6068,44.11,45.0
1825477452,50.126278,14.113278,10,50.088,14.4208,22.34,35.4
2949550924,50.126278,14.113278,10,50.088,14.4208,22.34,35.4
5956172,50.161963,14.311096,10,50.088,14.4208,11.35,21.8
1683661644,49.210813,16.499587,14,49.1951,16.6068,7.98,17.4
1659540300,49.203078,16.625604,14,49.1951,16.6068,1.63,4.7
4112159564,50.601583,15.832661,6,50.2104,15.8252,43.5,56.6
1142858572,49.728728,17.300823,8,49.5938,17.2509,15.43,23.1
550806348,49.170877,16.59775,14,49.1951,16.6068,2.77,6.5
1789240140,48.927484,13.795683,1,48.9745,14.4743,49.83,68.0
3715474252,50.14211,14.063453,10,50.088,14.4208,26.18,36.9
3110232652,50.248109,17.21845,8,49.5938,17.2509,72.79,108.3
4190151500,49.47245,17.096991,8,49.5938,17.2509,17.48,20.3
1726014028,50.150404,15.644399,6,50.2104,15.8252,14.5,17.2
3590734412,49.19519,16.599691,14,49.1951,16.6068,0.52,1.3
1598202700,49.210743,16.500177,14,49.1951,16.6068,7.94,17.4
1125790540,50.389884,12.770925,3,50.2327,12.8712,18.87,30.0
1104061260,49.210813,16.499587,14,49.1951,16.6068,7.98,17.4
3190727500,49.210736,16.497898,14,49.1951,16.6068,8.1,18.1
3225330508,49.210736,16.497898,14,49.1951,16.6068,8.1,18.1
1498981196,50.645464,16.240004,6,50.2104,15.8252,56.6,81.3
3781689932,50.634958,15.710593,6,50.2104,15.8252,47.9,67.8
1731896140,50.322516,12.728922,3,50.2327,12.8712,14.21,20.6
3535512396,50.686528,15.520266,5,50.7671,15.0562,33.87,64.4
3968496204,50.732373,15.152958,5,50.7671,15.0562,7.83,14.0
3760849484,50.20555,15.795658,6,50.2104,15.8252,2.17,3.8
1923424844,49.980875,17.364081,8,49.5938,17.2509,43.8,63.5
3850548044,50.311835,12.87212,3,50.2327,12.8712,8.8,17.6
3592663884,49.964842,12.701299,3,50.2327,12.8712,32.16,45.2
2769072972,49.96537,14.062271,10,50.088,14.4208,29.02,34.7
2751247180,49.211519,16.603772,14,49.1951,16.6068,1.84,4.7
405582668,49.710501,17.075854,8,49.5938,17.2509,18.09,21.5
3625956172,49.287894,13.14295,2,49.7384,13.3736,52.79,59.0
1068217164,48.801951,14.309045,1,48.9745,14.4743,22.67,28.7
166740556,50.084431,16.759262,8,49.5938,17.2509,64.96,69.8
3749003852,50.625962,13.820746,4,50.6607,14.0328,15.44,18.8
2632008268,49.222597,16.530689,14,49.1951,16.6068,6.32,13.0
1083982412,50.359114,12.94121,3,50.2327,12.8712,14.91,20.6
592396876,50.211226,15.82032,6,50.2104,15.8252,0.36,1.9
836051532,49.739183,13.36622,2,49.7384,13.3736,0.54,2.0
855261772,50.416743,14.911315,5,50.7671,15.0562,40.28,39.2
2135475532,49.331208,13.208416,2,49.7384,13.3736,46.82,52.6
1591759436,49.965687,12.695067,3,50.2327,12.8712,32.24,46.7
3157041996,48.975393,17.210699,9,49.2265,17.6625,43.15,48.4
3651084876,50.07942,17.084698,8,49.5938,17.2509,55.3,70.6
1454199372,48.799449,16.629545,14,49.1951,16.6068,44.03,45.2
2949498188,49.26347,15.234798,13,49.3961,15.5904,29.69,40.7
800470092,48.6471,14.2211,1,48.9745,14.4743,40.85,59.6
4278375500,49.981586,12.701273,3,50.2327,12.8712,30.44,42.7
120162652,49.779896,18.448319,12,49.8209,18.2625,14.09,21.5
2110975580,49.981586,12.701273,3,50.2327,12.8712,30.44,42.7
2559386188,49.66817,12.551886,2,49.7384,13.3736,59.61,47.6
452469324,50.14211,14.063453,10,50.088,14.4208,26.18,36.9
3385533004,50.187862,14.456816,10,50.088,14.4208,11.4,21.2
2817774156,50.763274,15.038198,5,50.7671,15.0562,1.34,5.8
4192940620,50.219052,12.884167,3,50.2327,12.8712,1.78,5.3
2981413452,50.775983,15.249461,5,50.7671,15.0562,13.63,27.5
3354645068,50.763274,15.038198,5,50.7671,15.0562,1.34,5.8
2713342540,50.4071,12.98253,3,50.2327,12.8712,20.94,32.7
241095244,50.684391,15.527942,5,50.7671,15.0562,34.46,64.7
3242185292,49.951092,15.795575,7,50.0343,15.7704,9.43,15.3
4134986316,49.259782,15.238657,13,49.3961,15.5904,29.66,40.4
1343808076,50.14211,14.063453,10,50.088,14.4208,26.18,36.9
3098206796,49.352288,17.300865,8,49.5938,17.2509,27.1,38.3
1563108684,50.072118,17.093377,8,49.5938,17.2509,54.37,70.3
2171830860,49.222597,16.530689,14,49.1951,16.6068,6.32,13.0
414024268,49.222597,16.530689,14,49.1951,16.6068,6.32,13.0
3235848780,50.624778,13.817306,4,50.6607,14.0328,15.71,19.2
2393855308,49.229073,16.648532,14,49.1951,16.6068,4.84,11.1
4021727820,49.201192,16.622232,14,49.1951,16.6068,1.31,4.9
4116800844,50.462378,13.420513,3,50.2327,12.8712,46.6,55.4
1796105548,49.667917,15.395858,13,49.3961,15.5904,33.33,45.9
1461609804,49.667917,15.395858,13,49.3961,15.5904,33.33,45.9
